player_id,player_name,player_display_name,position,position_group,headshot_url,recent_team,season,week,season_type,opponent_team,completions,attempts,passing_yards,passing_tds,interceptions,sacks,sack_yards,sack_fumbles,sack_fumbles_lost,passing_air_yards,passing_yards_after_catch,passing_first_downs,passing_epa,passing_2pt_conversions,pacr,dakota,carries,rushing_yards,rushing_tds,rushing_fumbles,rushing_fumbles_lost,rushing_first_downs,rushing_epa,rushing_2pt_conversions,receptions,targets,receiving_yards,receiving_tds,receiving_fumbles,receiving_fumbles_lost,receiving_air_yards,receiving_yards_after_catch,receiving_first_downs,receiving_epa,receiving_2pt_conversions,racr,target_share,air_yards_share,wopr,special_teams_tds,fantasy_points,fantasy_points_ppr
00-0023459,A.Rodgers,Aaron Rodgers,QB,QB,,PIT,2025,19,POST,,17,33,146,0,1,,,,,,,,,,,,,,,,,,,,,,,,,,,,,,,,,,,,,
00-0026498,M.Stafford,Matthew Stafford,QB,QB,,LAR,2025,19,POST,,24,42,304,3,1,,,,,,,,,,,,,,,,,,,,,,,,,,,,,,,,,,,,,
00-0030279,K.Allen,Keenan Allen,WR,WR,,LAC,2025,19,POST,,,,,,,,,,,,,,,,,,,,,,,,,,3,8,25,0,,,,,,,,,,,,,,
00-0031236,B.Cooks,Brandin Cooks,WR,WR,,BUF,2025,19,POST,,,,,,,,,,,,,,,,,,,,,,,,,,3,5,58,0,,,,,,,,,,,,,,
00-0031381,D.Adams,Davante Adams,WR,WR,,LAR,2025,19,POST,,,,,,,,,,,,,,,,,,,,,,,,,,5,13,72,0,,,,,,,,,,,,,,
00-0031588,S.Diggs,Stefon Diggs,WR,WR,,NE,2025,19,POST,,,,,,,,,,,,,,,,,,,,,,,,,,2,5,16,0,,,,,,,,,,,,,,
00-0032775,D.Robinson,Demarcus Robinson,WR,WR,,SF,2025,19,POST,,,,,,,,,,,,,,,,,,,,,,,,,,6,7,111,1,,,,,,,,,,,,,,
00-0033090,H.Henry,Hunter Henry,TE,TE,,NE,2025,19,POST,,,,,,,,,,,,,,,,,,,,,,,,,,3,5,64,1,,,,,,,,,,,,,,
00-0033280,C.McCaffrey,Christian McCaffrey,RB,RB,,SF,2025,19,POST,,,,,,,,,,,,,,,,,,15,48,0,,,,,,,,,,,,,,,,,,,,,,,
00-0034272,M.Valdes-Scantling,Marquez Valdes-Scantling,WR,WR,,PIT,2025,19,POST,,,,,,,,,,,,,,,,,,,,,,,,,,3,5,26,0,,,,,,,,,,,,,,
00-0034351,D.Goedert,Dallas Goedert,TE,TE,,PHI,2025,19,POST,,,,,,,,,,,,,,,,,,,,,,,,,,4,7,33,1,,,,,,,,,,,,,,
00-0034775,C.Kirk,Christian Kirk,WR,WR,,HOU,2025,19,POST,,,,,,,,,,,,,,,,,,,,,,,,,,8,9,144,1,,,,,,,,,,,,,,
00-0034791,N.Chubb,Nick Chubb,RB,RB,,HOU,2025,19,POST,,,,,,,,,,,,,,,,,,10,48,0,,,,,,,,,,,,,,,,,,,,,,,
00-0034827,D.Moore,DJ Moore,WR,WR,,CHI,2025,19,POST,,,,,,,,,,,,,,,,,,,,,,,,,,6,7,64,1,,,,,,,,,,,,,,
00-0034844,S.Barkley,Saquon Barkley,RB,RB,,PHI,2025,19,POST,,,,,,,,,,,,,,,,,,26,106,0,,,,,,,,,,,,,,,,,,,,,,,
00-0034857,J.Allen,Josh Allen,QB,QB,,BUF,2025,19,POST,,28,35,273,1,0,,,,,,,,,,,,,,,,,,,,,,,,,,,,,,,,,,,,,
00-0035640,D.Metcalf,DK Metcalf,WR,WR,,PIT,2025,19,POST,,,,,,,,,,,,,,,,,,,,,,,,,,2,5,42,0,,,,,,,,,,,,,,
00-0035676,A.Brown,A.J. Brown,WR,WR,,PHI,2025,19,POST,,,,,,,,,,,,,,,,,,,,,,,,,,3,7,25,0,,,,,,,,,,,,,,
00-0035700,J.Jacobs,Josh Jacobs,RB,RB,,GB,2025,19,POST,,,,,,,,,,,,,,,,,,19,55,0,,,,,,,,,,,,,,,,,,,,,,,
00-0036264,J.Love,Jordan Love,QB,QB,,GB,2025,19,POST,,24,46,323,4,0,,,,,,,,,,,,,,,,,,,,,,,,,,,,,,,,,,,,,
00-0036275,D.Swift,D'Andre Swift,RB,RB,,CHI,2025,19,POST,,,,,,,,,,,,,,,,,,13,54,1,,,,,,,,,,,,,,,,,,,,,,,
00-0036355,J.Herbert,Justin Herbert,QB,QB,,LAC,2025,19,POST,,19,31,159,0,0,,,,,,,,,,,,,,,,,,,,,,,,,,,,,,,,,,,,,
00-0036389,J.Hurts,Jalen Hurts,QB,QB,,PHI,2025,19,POST,,20,35,168,1,0,,,,,,,,,,,,,,,,,,,,,,,,,,,,,,,,,,,,,
00-0036554,N.Collins,Nico Collins,WR,WR,,HOU,2025,19,POST,,,,,,,,,,,,,,,,,,,,,,,,,,3,7,21,0,,,,,,,,,,,,,,
00-0036555,C.Hubbard,Chuba Hubbard,RB,RB,,CAR,2025,19,POST,,,,,,,,,,,,,,,,,,13,46,2,,,,,,,,,,,,,,,,,,,,,,,
00-0036875,R.Stevenson,Rhamondre Stevenson,RB,RB,,NE,2025,19,POST,,,,,,,,,,,,,,,,,,10,53,0,,,,,,,,,,,,,,,,,,,,,,,
00-0036912,D.Smith,DeVonta Smith,WR,WR,,PHI,2025,19,POST,,,,,,,,,,,,,,,,,,,,,,,,,,8,11,70,0,,,,,,,,,,,,,,
00-0036971,T.Lawrence,Trevor Lawrence,QB,QB,,JAX,2025,19,POST,,18,30,207,3,2,,,,,,,,,,,,,,,,,,,,,,,,,,,,,,,,,,,,,
00-0036973,T.Etienne,Travis Etienne,RB,RB,,JAX,2025,19,POST,,,,,,,,,,,,,,,,,,10,67,0,,,,,,,,,,,,,,,,,,,,,,,
00-0037228,J.Warren,Jaylen Warren,RB,RB,,PIT,2025,19,POST,,,,,,,,,,,,,,,,,,12,43,0,,,,,,,,,,,,,,,,,,,,,,,
00-0037248,J.Cook,James Cook,RB,RB,,BUF,2025,19,POST,,,,,,,,,,,,,,,,,,15,46,0,,,,,,,,,,,,,,,,,,,,,,,
00-0037261,K.Shakir,Khalil Shakir,WR,WR,,BUF,2025,19,POST,,,,,,,,,,,,,,,,,,,,,,,,,,12,12,82,0,,,,,,,,,,,,,,
00-0037816,R.Doubs,Romeo Doubs,WR,WR,,GB,2025,19,POST,,,,,,,,,,,,,,,,,,,,,,,,,,8,11,124,1,,,,,,,,,,,,,,
00-0037834,B.Purdy,Brock Purdy,QB,QB,,SF,2025,19,POST,,18,31,262,2,2,,,,,,,,,,,,,,,,,,,,,,,,,,,,,,,,,,,,,
00-0037837,C.Austin,Calvin Austin III,WR,WR,,PIT,2025,19,POST,,,,,,,,,,,,,,,,,,,,,,,,,,3,6,8,0,,,,,,,,,,,,,,
00-0037840,K.Williams,Kyren Williams,RB,RB,,LAR,2025,19,POST,,,,,,,,,,,,,,,,,,13,57,0,,,,,,,,,,,,,,,,,,,,,,,
00-0038124,C.Watson,Christian Watson,WR,WR,,GB,2025,19,POST,,,,,,,,,,,,,,,,,,,,,,,,,,3,7,36,1,,,,,,,,,,,,,,
00-0038544,Q.Johnston,Quentin Johnston,WR,WR,,LAC,2025,19,POST,,,,,,,,,,,,,,,,,,,,,,,,,,3,6,20,0,,,,,,,,,,,,,,
00-0038606,P.Washington,Parker Washington,WR,WR,,JAX,2025,19,POST,,,,,,,,,,,,,,,,,,,,,,,,,,7,12,107,1,,,,,,,,,,,,,,
00-0038933,D.Kincaid,Dalton Kincaid,TE,TE,,BUF,2025,19,POST,,,,,,,,,,,,,,,,,,,,,,,,,,3,5,28,1,,,,,,,,,,,,,,
00-0038935,B.Strange,Brenton Strange,TE,TE,,JAX,2025,19,POST,,,,,,,,,,,,,,,,,,,,,,,,,,2,5,9,0,,,,,,,,,,,,,,
00-0039075,P.Nacua,Puka Nacua,WR,WR,,LAR,2025,19,POST,,,,,,,,,,,,,,,,,,,,,,,,,,10,18,111,1,,,,,,,,,,,,,,
00-0039146,J.Reed,Jayden Reed,WR,WR,,GB,2025,19,POST,,,,,,,,,,,,,,,,,,,,,,,,,,4,7,43,1,,,,,,,,,,,,,,
00-0039150,B.Young,Bryce Young,QB,QB,,CAR,2025,19,POST,,21,40,264,1,1,,,,,,,,,,,,,,,,,,,,,,,,,,,,,,,,,,,,,
00-0039163,C.Stroud,C.J. Stroud,QB,QB,,HOU,2025,19,POST,,21,32,250,1,1,,,,,,,,,,,,,,,,,,,,,,,,,,,,,,,,,,,,,
00-0039391,K.Vidal,Kimani Vidal,RB,RB,,LAC,2025,19,POST,,,,,,,,,,,,,,,,,,11,31,0,,,,,,,,,,,,,,,,,,,,,,,
00-0039491,J.Coker,Jalen Coker,WR,WR,,CAR,2025,19,POST,,,,,,,,,,,,,,,,,,,,,,,,,,9,12,134,1,,,,,,,,,,,,,,
00-0039738,B.Corum,Blake Corum,RB,RB,,LAR,2025,19,POST,,,,,,,,,,,,,,,,,,11,45,0,,,,,,,,,,,,,,,,,,,,,,,
00-0039851,D.Maye,Drake Maye,QB,QB,,NE,2025,19,POST,,17,29,268,1,1,,,,,,,,,,,,,,,,,,,,,,,,,,,,,,,,,,,,,
00-0039918,C.Williams,Caleb Williams,QB,QB,,CHI,2025,19,POST,,24,48,361,2,2,,,,,,,,,,,,,,,,,,,,,,,,,,,,,,,,,,,,,
00-0039919,R.Odunze,Rome Odunze,WR,WR,,CHI,2025,19,POST,,,,,,,,,,,,,,,,,,,,,,,,,,2,6,44,0,,,,,,,,,,,,,,
00-0040124,T.McMillan,Tetairoa McMillan,WR,WR,,CAR,2025,19,POST,,,,,,,,,,,,,,,,,,,,,,,,,,5,7,81,0,,,,,,,,,,,,,,
00-0040126,C.Loveland,Colston Loveland,TE,TE,,CHI,2025,19,POST,,,,,,,,,,,,,,,,,,,,,,,,,,8,15,137,0,,,,,,,,,,,,,,
00-0040583,W.Marks,Woody Marks,RB,RB,,HOU,2025,19,POST,,,,,,,,,,,,,,,,,,19,112,1,,,,,,,,,,,,,,,,,,,,,,,
00-0040667,M.Golden,Matthew Golden,WR,WR,,GB,2025,19,POST,,,,,,,,,,,,,,,,,,,,,,,,,,4,5,84,1,,,,,,,,,,,,,,
00-0040735,L.Burden,Luther Burden III,WR,WR,,CHI,2025,19,POST,,,,,,,,,,,,,,,,,,,,,,,,,,3,7,42,0,,,,,,,,,,,,,,
00-0026498,M.Stafford,Matthew Stafford,QB,QB,,LAR,2025,20,POST,,20,42,258,0,0,,,,,,,,,,,,,,,,,,,,,,,,,,,,,,,,,,,,,
00-0031236,B.Cooks,Brandin Cooks,WR,WR,,BUF,2025,20,POST,,,,,,,,,,,,,,,,,,,,,,,,,,2,6,20,0,,,,,,,,,,,,,,
00-0031381,D.Adams,Davante Adams,WR,WR,,LAR,2025,20,POST,,,,,,,,,,,,,,,,,,,,,,,,,,2,6,24,0,,,,,,,,,,,,,,
00-0031588,S.Diggs,Stefon Diggs,WR,WR,,NE,2025,20,POST,,,,,,,,,,,,,,,,,,,,,,,,,,4,6,40,1,,,,,,,,,,,,,,
00-0033280,C.McCaffrey,Christian McCaffrey,RB,RB,,SF,2025,20,POST,,,,,,,,,,,,,,,,,,11,35,0,,,,,,,,,,,,,,,,,,,,,,,
00-0033908,C.Kupp,Cooper Kupp,WR,WR,,SEA,2025,20,POST,,,,,,,,,,,,,,,,,,,,,,,,,,5,5,60,0,,,,,,,,,,,,,,
00-0034348,C.Sutton,Courtland Sutton,WR,WR,,DEN,2025,20,POST,,,,,,,,,,,,,,,,,,,,,,,,,,4,9,53,0,,,,,,,,,,,,,,
00-0034775,C.Kirk,Christian Kirk,WR,WR,,HOU,2025,20,POST,,,,,,,,,,,,,,,,,,,,,,,,,,2,6,20,1,,,,,,,,,,,,,,
00-0034827,D.Moore,DJ Moore,WR,WR,,CHI,2025,20,POST,,,,,,,,,,,,,,,,,,,,,,,,,,5,8,52,1,,,,,,,,,,,,,,
00-0034857,J.Allen,Josh Allen,QB,QB,,BUF,2025,20,POST,,25,39,283,3,2,,,,,,,,,,,,,,,,,,,,,,,,,,,,,,,,,,,,,
00-0034869,S.Darnold,Sam Darnold,QB,QB,,SEA,2025,20,POST,,12,17,124,1,0,,,,,,,,,,,,,,,,,,,,,,,,,,,,,,,,,,,,,
00-0035406,L.Humphrey,Lil'Jordan Humphrey,WR,WR,,DEN,2025,20,POST,,,,,,,,,,,,,,,,,,,,,,,,,,2,5,33,1,,,,,,,,,,,,,,
00-0035689,D.Knox,Dawson Knox,TE,TE,,BUF,2025,20,POST,,,,,,,,,,,,,,,,,,,,,,,,,,3,5,32,0,,,,,,,,,,,,,,
00-0036232,H.Bryant,Harrison Bryant,TE,TE,,HOU,2025,20,POST,,,,,,,,,,,,,,,,,,,,,,,,,,3,6,21,0,,,,,,,,,,,,,,
00-0036244,C.Parkinson,Colby Parkinson,TE,TE,,LAR,2025,20,POST,,,,,,,,,,,,,,,,,,,,,,,,,,3,7,56,0,,,,,,,,,,,,,,
00-0036259,J.Jennings,Jauan Jennings,WR,WR,,SF,2025,20,POST,,,,,,,,,,,,,,,,,,,,,,,,,,2,5,23,0,,,,,,,,,,,,,,
00-0036275,D.Swift,D'Andre Swift,RB,RB,,CHI,2025,20,POST,,,,,,,,,,,,,,,,,,19,76,0,,,,,,,,,,,,,,,,,,,,,,,
00-0036875,R.Stevenson,Rhamondre Stevenson,RB,RB,,NE,2025,20,POST,,,,,,,,,,,,,,,,,,16,70,0,,,,,,,,,,,,,,,,,,,,,,,
00-0037112,J.Tonges,Jake Tonges,TE,TE,,SF,2025,20,POST,,,,,,,,,,,,,,,,,,,,,,,,,,5,6,59,0,,,,,,,,,,,,,,
00-0037248,J.Cook,James Cook,RB,RB,,BUF,2025,20,POST,,,,,,,,,,,,,,,,,,24,117,0,,,,,,,,,,,,,,,,,,,,,,,
00-0037261,K.Shakir,Khalil Shakir,WR,WR,,BUF,2025,20,POST,,,,,,,,,,,,,,,,,,,,,,,,,,7,9,75,0,,,,,,,,,,,,,,
00-0037834,B.Purdy,Brock Purdy,QB,QB,,SF,2025,20,POST,,15,27,140,0,1,,,,,,,,,,,,,,,,,,,,,,,,,,,,,,,,,,,,,
00-0037840,K.Williams,Kyren Williams,RB,RB,,LAR,2025,20,POST,,,,,,,,,,,,,,,,,,21,87,2,,,,,,,,,,,,,,,,,,,,,,,
00-0038134,K.Walker,Kenneth Walker III,RB,RB,,SEA,2025,20,POST,,,,,,,,,,,,,,,,,,19,116,3,,,,,,,,,,,,,,,,,,,,,,,
00-0038608,K.Boutte,Kayshon Boutte,WR,WR,,NE,2025,20,POST,,,,,,,,,,,,,,,,,,,,,,,,,,3,5,75,1,,,,,,,,,,,,,,
00-0038618,X.Hutchinson,Xavier Hutchinson,WR,WR,,HOU,2025,20,POST,,,,,,,,,,,,,,,,,,,,,,,,,,4,13,44,0,,,,,,,,,,,,,,
00-0038933,D.Kincaid,Dalton Kincaid,TE,TE,,BUF,2025,20,POST,,,,,,,,,,,,,,,,,,,,,,,,,,6,6,83,1,,,,,,,,,,,,,,
00-0038976,M.Mims,Marvin Mims Jr.,WR,WR,,DEN,2025,20,POST,,,,,,,,,,,,,,,,,,,,,,,,,,8,8,93,1,,,,,,,,,,,,,,
00-0039075,P.Nacua,Puka Nacua,WR,WR,,LAR,2025,20,POST,,,,,,,,,,,,,,,,,,,,,,,,,,5,10,56,0,,,,,,,,,,,,,,
00-0039163,C.Stroud,C.J. Stroud,QB,QB,,HOU,2025,20,POST,,20,47,212,1,4,,,,,,,,,,,,,,,,,,,,,,,,,,,,,,,,,,,,,
00-0039732,B.Nix,Bo Nix,QB,QB,,DEN,2025,20,POST,,26,46,279,3,1,,,,,,,,,,,,,,,,,,,,,,,,,,,,,,,,,,,,,
00-0039851,D.Maye,Drake Maye,QB,QB,,NE,2025,20,POST,,16,27,179,3,1,,,,,,,,,,,,,,,,,,,,,,,,,,,,,,,,,,,,,
00-0039918,C.Williams,Caleb Williams,QB,QB,,CHI,2025,20,POST,,23,42,257,2,3,,,,,,,,,,,,,,,,,,,,,,,,,,,,,,,,,,,,,
00-0039919,R.Odunze,Rome Odunze,WR,WR,,CHI,2025,20,POST,,,,,,,,,,,,,,,,,,,,,,,,,,2,6,44,0,,,,,,,,,,,,,,
00-0040126,C.Loveland,Colston Loveland,TE,TE,,CHI,2025,20,POST,,,,,,,,,,,,,,,,,,,,,,,,,,4,10,56,0,,,,,,,,,,,,,,
00-0040130,J.Higgins,Jayden Higgins,WR,WR,,HOU,2025,20,POST,,,,,,,,,,,,,,,,,,,,,,,,,,6,10,59,0,,,,,,,,,,,,,,
00-0040236,K.Monangai,Kyle Monangai,RB,RB,,CHI,2025,20,POST,,,,,,,,,,,,,,,,,,13,36,0,,,,,,,,,,,,,,,,,,,,,,,
00-0040583,W.Marks,Woody Marks,RB,RB,,HOU,2025,20,POST,,,,,,,,,,,,,,,,,,14,17,0,,,,,,,,,,,,,,,,,,,,,,,
00-0040734,T.Henderson,TreVeyon Henderson,RB,RB,,NE,2025,20,POST,,,,,,,,,,,,,,,,,,12,25,0,,,,,,,,,,,,,,,,,,,,,,,
00-0040735,L.Burden,Luther Burden III,WR,WR,,CHI,2025,20,POST,,,,,,,,,,,,,,,,,,,,,,,,,,3,7,24,0,,,,,,,,,,,,,,
00-0040737,T.Ferguson,Terrance Ferguson,TE,TE,,LAR,2025,20,POST,,,,,,,,,,,,,,,,,,,,,,,,,,1,5,19,0,,,,,,,,,,,,,,
00-0023459,A.Rodgers,Aaron Rodgers,QB,QB,,PIT,2025,0,REG,,327,498,3322,24,7,,,,,,,,,,,,,,,,,,,,,,,,,,,,,,,,,,,,,
00-0026158,J.Flacco,Joe Flacco,QB,QB,,CIN,2025,0,REG,,251,416,2479,15,10,,,,,,,,,,,,,,,,,,,,,,,,,,,,,,,,,,,,,
00-0026498,M.Stafford,Matthew Stafford,QB,QB,,LAR,2025,0,REG,,388,597,4707,46,8,,,,,,,,,,,,,,,,,,,,,,,,,,,,,,,,,,,,,
00-0029604,K.Cousins,Kirk Cousins,QB,QB,,ATL,2025,0,REG,,166,269,1721,10,5,,,,,,,,,,,,,,,,,,,,,,,,,,,,,,,,,,,,,
00-0030061,Z.Ertz,Zach Ertz,TE,TE,,WAS,2025,0,REG,,,,,,,,,,,,,,,,,,,,,,,,,,50,72,504,4,,,,,,,,,,,,,,
00-0030279,K.Allen,Keenan Allen,WR,WR,,LAC,2025,0,REG,,,,,,,,,,,,,,,,,,,,,,,,,,81,122,777,4,,,,,,,,,,,,,,
00-0030506,T.Kelce,Travis Kelce,TE,TE,,KC,2025,0,REG,,,,,,,,,,,,,,,,,,,,,,,,,,76,108,851,5,,,,,,,,,,,,,,
00-0030565,G.Smith,Geno Smith,QB,QB,,LV,2025,0,REG,,302,448,3025,19,17,,,,,,,,,,,,,,,,,,,,,,,,,,,,,,,,,,,,,
00-0031381,D.Adams,Davante Adams,WR,WR,,LAR,2025,0,REG,,,,,,,,,,,,,,,,,,,,,,,,,,60,114,789,14,,,,,,,,,,,,,,
00-0031408,M.Evans,Mike Evans,WR,WR,,TB,2025,0,REG,,,,,,,,,,,,,,,,,,,,,,,,,,30,62,368,3,,,,,,,,,,,,,,
00-0031588,S.Diggs,Stefon Diggs,WR,WR,,NE,2025,0,REG,,,,,,,,,,,,,,,,,,,,,,,,,,85,102,1013,4,,,,,,,,,,,,,,
00-0032211,T.Lockett,Tyler Lockett,WR,WR,,LV,2025,0,REG,,,,,,,,,,,,,,,,,,,,,,,,,,32,55,291,1,,,,,,,,,,,,,,
00-0032268,M.Mariota,Marcus Mariota,QB,QB,,WAS,2025,0,REG,,139,227,1695,10,7,,,,,,,,,,,,,,,,,,,,,,,,,,,,,,,,,,,,,
00-0032385,S.Shepard,Sterling Shepard,WR,WR,,TB,2025,0,REG,,,,,,,,,,,,,,,,,,,,,,,,,,39,53,371,1,,,,,,,,,,,,,,
00-0032764,D.Henry,Derrick Henry,RB,RB,,BAL,2025,0,REG,,,,,,,,,,,,,,,,,,307,1595,16,,,,,,,,,,,,,,,,,,,,,,,
00-0032950,C.Wentz,Carson Wentz,QB,QB,,MIN,2025,0,REG,,110,169,1216,6,5,,,,,,,,,,,,,,,,,,,,,,,,,,,,,,,,,,,,,
00-0033077,D.Prescott,Dak Prescott,QB,QB,,DAL,2025,0,REG,,404,600,4552,30,10,,,,,,,,,,,,,,,,,,,,,,,,,,,,,,,,,,,,,
00-0033090,H.Henry,Hunter Henry,TE,TE,,NE,2025,0,REG,,,,,,,,,,,,,,,,,,,,,,,,,,60,87,768,7,,,,,,,,,,,,,,
00-0033106,J.Goff,Jared Goff,QB,QB,,DET,2025,0,REG,,393,578,4564,34,8,,,,,,,,,,,,,,,,,,,,,,,,,,,,,,,,,,,,,
00-0033119,J.Brissett,Jacoby Brissett,QB,QB,,ARI,2025,0,REG,,315,485,3366,23,8,,,,,,,,,,,,,,,,,,,,,,,,,,,,,,,,,,,,,
00-0033280,C.McCaffrey,Christian McCaffrey,RB,RB,,SF,2025,0,REG,,,,,,,,,,,,,,,,,,311,1202,10,,,,,,,,,,,,,,,,,,,,,,,
00-0033288,G.Kittle,George Kittle,TE,TE,,SF,2025,0,REG,,,,,,,,,,,,,,,,,,,,,,,,,,57,69,628,7,,,,,,,,,,,,,,
00-0033293,A.Jones,Aaron Jones,RB,RB,,MIN,2025,0,REG,,,,,,,,,,,,,,,,,,132,548,2,,,,,,,,,,,,,,,,,,,,,,,
00-0033307,K.Bourne,Kendrick Bourne,WR,WR,,SF,2025,0,REG,,,,,,,,,,,,,,,,,,,,,,,,,,37,53,551,0,,,,,,,,,,,,,,
00-0033555,M.Hollins,Mack Hollins,WR,WR,,NE,2025,0,REG,,,,,,,,,,,,,,,,,,,,,,,,,,46,65,550,2,,,,,,,,,,,,,,
00-0033857,J.Smith-Schuster,JuJu Smith-Schuster,WR,WR,,KC,2025,0,REG,,,,,,,,,,,,,,,,,,,,,,,,,,33,45,345,1,,,,,,,,,,,,,,
00-0033858,J.Smith,Jonnu Smith,TE,TE,,PIT,2025,0,REG,,,,,,,,,,,,,,,,,,,,,,,,,,38,54,222,2,,,,,,,,,,,,,,
00-0033873,P.Mahomes,Patrick Mahomes,QB,QB,,KC,2025,0,REG,,315,502,3587,22,11,,,,,,,,,,,,,,,,,,,,,,,,,,,,,,,,,,,,,
00-0033881,E.Engram,Evan Engram,TE,TE,,DEN,2025,0,REG,,,,,,,,,,,,,,,,,,,,,,,,,,50,76,461,1,,,,,,,,,,,,,,
00-0033885,D.Njoku,David Njoku,TE,TE,,CLE,2025,0,REG,,,,,,,,,,,,,,,,,,,,,,,,,,33,48,293,4,,,,,,,,,,,,,,
00-0033906,A.Kamara,Alvin Kamara,RB,RB,,NO,2025,0,REG,,,,,,,,,,,,,,,,,,131,471,1,,,,,,,,,,,,,,,,,,,,,,,
00-0033908,C.Kupp,Cooper Kupp,WR,WR,,SEA,2025,0,REG,,,,,,,,,,,,,,,,,,,,,,,,,,47,70,593,2,,,,,,,,,,,,,,
00-0033921,C.Godwin,Chris Godwin,WR,WR,,TB,2025,0,REG,,,,,,,,,,,,,,,,,,,,,,,,,,33,51,360,2,,,,,,,,,,,,,,
00-0033923,K.Hunt,Kareem Hunt,RB,RB,,KC,2025,0,REG,,,,,,,,,,,,,,,,,,163,611,8,,,,,,,,,,,,,,,,,,,,,,,
00-0034348,C.Sutton,Courtland Sutton,WR,WR,,DEN,2025,0,REG,,,,,,,,,,,,,,,,,,,,,,,,,,74,124,1017,7,,,,,,,,,,,,,,
00-0034351,D.Goedert,Dallas Goedert,TE,TE,,PHI,2025,0,REG,,,,,,,,,,,,,,,,,,,,,,,,,,60,82,591,11,,,,,,,,,,,,,,
00-0034383,D.Schultz,Dalton Schultz,TE,TE,,HOU,2025,0,REG,,,,,,,,,,,,,,,,,,,,,,,,,,82,106,777,3,,,,,,,,,,,,,,
00-0034753,M.Andrews,Mark Andrews,TE,TE,,BAL,2025,0,REG,,,,,,,,,,,,,,,,,,,,,,,,,,48,70,422,5,,,,,,,,,,,,,,
00-0034775,C.Kirk,Christian Kirk,WR,WR,,HOU,2025,0,REG,,,,,,,,,,,,,,,,,,,,,,,,,,28,52,239,1,,,,,,,,,,,,,,
00-0034791,N.Chubb,Nick Chubb,RB,RB,,HOU,2025,0,REG,,,,,,,,,,,,,,,,,,122,506,3,,,,,,,,,,,,,,,,,,,,,,,
00-0034796,L.Jackson,Lamar Jackson,QB,QB,,BAL,2025,0,REG,,192,302,2549,21,7,,,,,,,,,,,,,,,,,,,,,,,,,,,,,,,,,,,,,
00-0034827,D.Moore,D.J. Moore,WR,WR,,CHI,2025,0,REG,,,,,,,,,,,,,,,,,,,,,,,,,,50,85,667,6,,,,,,,,,,,,,,
00-0034844,S.Barkley,Saquon Barkley,RB,RB,,PHI,2025,0,REG,,,,,,,,,,,,,,,,,,280,1140,7,,,,,,,,,,,,,,,,,,,,,,,
00-0034855,B.Mayfield,Baker Mayfield,QB,QB,,TB,2025,0,REG,,343,543,3693,26,11,,,,,,,,,,,,,,,,,,,,,,,,,,,,,,,,,,,,,
00-0034857,J.Allen,Josh Allen,QB,QB,,BUF,2025,0,REG,,319,460,3668,25,10,,,,,,,,,,,,,,,,,,,,,,,,,,,,,,,,,,,,,
00-0034869,S.Darnold,Sam Darnold,QB,QB,,SEA,2025,0,REG,,323,477,4048,25,14,,,,,,,,,,,,,,,,,,,,,,,,,,,,,,,,,,,,,
00-0034960,J.Meyers,Jakobi Meyers,WR,WR,,JAX,2025,0,REG,,,,,,,,,,,,,,,,,,,,,,,,,,75,110,835,3,,,,,,,,,,,,,,
00-0035208,O.Zaccheaus,Olamide Zaccheaus,WR,WR,,CHI,2025,0,REG,,,,,,,,,,,,,,,,,,,,,,,,,,39,65,313,2,,,,,,,,,,,,,,
00-0035228,K.Murray,Kyler Murray,QB,QB,,ARI,2025,0,REG,,110,161,962,6,3,,,,,,,,,,,,,,,,,,,,,,,,,,,,,,,,,,,,,
00-0035229,T.Hockenson,T.J. Hockenson,TE,TE,,MIN,2025,0,REG,,,,,,,,,,,,,,,,,,,,,,,,,,51,66,438,3,,,,,,,,,,,,,,
00-0035250,D.Singletary,Devin Singletary,RB,RB,,NYG,2025,0,REG,,,,,,,,,,,,,,,,,,119,437,5,,,,,,,,,,,,,,,,,,,,,,,
00-0035261,T.Pollard,Tony Pollard,RB,RB,,TEN,2025,0,REG,,,,,,,,,,,,,,,,,,242,1082,5,,,,,,,,,,,,,,,,,,,,,,,
00-0035535,D.Slayton,Darius Slayton,WR,WR,,NYG,2025,0,REG,,,,,,,,,,,,,,,,,,,,,,,,,,37,63,538,1,,,,,,,,,,,,,,
00-0035640,D.Metcalf,DK Metcalf,WR,WR,,PIT,2025,0,REG,,,,,,,,,,,,,,,,,,,,,,,,,,59,99,850,6,,,,,,,,,,,,,,
00-0035659,T.McLaurin,Terry McLaurin,WR,WR,,WAS,2025,0,REG,,,,,,,,,,,,,,,,,,,,,,,,,,38,60,582,3,,,,,,,,,,,,,,
00-0035662,M.Brown,Marquise Brown,WR,WR,,KC,2025,0,REG,,,,,,,,,,,,,,,,,,,,,,,,,,49,74,587,5,,,,,,,,,,,,,,
00-0035676,A.Brown,A.J. Brown,WR,WR,,PHI,2025,0,REG,,,,,,,,,,,,,,,,,,,,,,,,,,78,121,1003,7,,,,,,,,,,,,,,
00-0035685,D.Montgomery,David Montgomery,RB,RB,,DET,2025,0,REG,,,,,,,,,,,,,,,,,,158,716,8,,,,,,,,,,,,,,,,,,,,,,,
00-0035689,D.Knox,Dawson Knox,TE,TE,,BUF,2025,0,REG,,,,,,,,,,,,,,,,,,,,,,,,,,36,49,417,4,,,,,,,,,,,,,,
00-0035700,J.Jacobs,Josh Jacobs,RB,RB,,GB,2025,0,REG,,,,,,,,,,,,,,,,,,234,929,13,,,,,,,,,,,,,,,,,,,,,,,
00-0035710,D.Jones,Daniel Jones,QB,QB,,IND,2025,0,REG,,261,384,3101,19,8,,,,,,,,,,,,,,,,,,,,,,,,,,,,,,,,,,,,,
00-0035719,D.Samuel,Deebo Samuel,WR,WR,,WAS,2025,0,REG,,,,,,,,,,,,,,,,,,,,,,,,,,72,99,727,5,,,,,,,,,,,,,,
00-0036040,J.Johnson,Juwan Johnson,TE,TE,,NO,2025,0,REG,,,,,,,,,,,,,,,,,,,,,,,,,,77,102,889,3,,,,,,,,,,,,,,
00-0036139,R.Dowdle,Rico Dowdle,RB,RB,,CAR,2025,0,REG,,,,,,,,,,,,,,,,,,236,1076,6,,,,,,,,,,,,,,,,,,,,,,,
00-0036158,J.Dobbins,J.K. Dobbins,RB,RB,,DEN,2025,0,REG,,,,,,,,,,,,,,,,,,153,772,4,,,,,,,,,,,,,,,,,,,,,,,
00-0036212,T.Tagovailoa,Tua Tagovailoa,QB,QB,,MIA,2025,0,REG,,260,384,2660,20,15,,,,,,,,,,,,,,,,,,,,,,,,,,,,,,,,,,,,,
00-0036223,J.Taylor,Jonathan Taylor,RB,RB,,IND,2025,0,REG,,,,,,,,,,,,,,,,,,323,1585,18,,,,,,,,,,,,,,,,,,,,,,,
00-0036244,C.Parkinson,Colby Parkinson,TE,TE,,LAR,2025,0,REG,,,,,,,,,,,,,,,,,,,,,,,,,,43,56,408,8,,,,,,,,,,,,,,
00-0036252,M.Pittman,Michael Pittman,WR,WR,,IND,2025,0,REG,,,,,,,,,,,,,,,,,,,,,,,,,,80,111,793,7,,,,,,,,,,,,,,
00-0036259,J.Jennings,Jauan Jennings,WR,WR,,SF,2025,0,REG,,,,,,,,,,,,,,,,,,,,,,,,,,55,90,643,9,,,,,,,,,,,,,,
00-0036264,J.Love,Jordan Love,QB,QB,,GB,2025,0,REG,,291,439,3381,23,6,,,,,,,,,,,,,,,,,,,,,,,,,,,,,,,,,,,,,
00-0036275,D.Swift,D'Andre Swift,RB,RB,,CHI,2025,0,REG,,,,,,,,,,,,,,,,,,223,1087,9,,,,,,,,,,,,,,,,,,,,,,,
00-0036290,C.Kmet,Cole Kmet,TE,TE,,CHI,2025,0,REG,,,,,,,,,,,,,,,,,,,,,,,,,,30,48,347,2,,,,,,,,,,,,,,
00-0036309,D.Mooney,Darnell Mooney,WR,WR,,ATL,2025,0,REG,,,,,,,,,,,,,,,,,,,,,,,,,,32,72,443,1,,,,,,,,,,,,,,
00-0036322,J.Jefferson,Justin Jefferson,WR,WR,,MIN,2025,0,REG,,,,,,,,,,,,,,,,,,,,,,,,,,84,141,1048,2,,,,,,,,,,,,,,
00-0036355,J.Herbert,Justin Herbert,QB,QB,,LAC,2025,0,REG,,340,512,3727,26,13,,,,,,,,,,,,,,,,,,,,,,,,,,,,,,,,,,,,,
00-0036358,C.Lamb,CeeDee Lamb,WR,WR,,DAL,2025,0,REG,,,,,,,,,,,,,,,,,,,,,,,,,,75,117,1077,3,,,,,,,,,,,,,,
00-0036389,J.Hurts,Jalen Hurts,QB,QB,,PHI,2025,0,REG,,294,454,3224,25,6,,,,,,,,,,,,,,,,,,,,,,,,,,,,,,,,,,,,,
00-0036407,J.Jeudy,Jerry Jeudy,WR,WR,,CLE,2025,0,REG,,,,,,,,,,,,,,,,,,,,,,,,,,50,106,602,2,,,,,,,,,,,,,,
00-0036410,T.Higgins,Tee Higgins,WR,WR,,CIN,2025,0,REG,,,,,,,,,,,,,,,,,,,,,,,,,,59,98,846,11,,,,,,,,,,,,,,
00-0036415,V.Jefferson,Van Jefferson,WR,WR,,TEN,2025,0,REG,,,,,,,,,,,,,,,,,,,,,,,,,,29,52,350,1,,,,,,,,,,,,,,
00-0036442,J.Burrow,Joe Burrow,QB,QB,,CIN,2025,0,REG,,173,259,1809,17,5,,,,,,,,,,,,,,,,,,,,,,,,,,,,,,,,,,,,,
00-0036554,N.Collins,Nico Collins,WR,WR,,HOU,2025,0,REG,,,,,,,,,,,,,,,,,,,,,,,,,,71,120,1117,6,,,,,,,,,,,,,,
00-0036555,C.Hubbard,Chuba Hubbard,RB,RB,,CAR,2025,0,REG,,,,,,,,,,,,,,,,,,134,511,1,,,,,,,,,,,,,,,,,,,,,,,
00-0036613,J.Waddle,Jaylen Waddle,WR,WR,,MIA,2025,0,REG,,,,,,,,,,,,,,,,,,,,,,,,,,64,100,910,6,,,,,,,,,,,,,,
00-0036875,R.Stevenson,Rhamondre Stevenson,RB,RB,,NE,2025,0,REG,,,,,,,,,,,,,,,,,,130,603,7,,,,,,,,,,,,,,,,,,,,,,,
00-0036894,P.Freiermuth,Pat Freiermuth,TE,TE,,PIT,2025,0,REG,,,,,,,,,,,,,,,,,,,,,,,,,,41,54,486,4,,,,,,,,,,,,,,
00-0036898,D.Mills,Davis Mills,QB,QB,,HOU,2025,0,REG,,91,159,915,5,1,,,,,,,,,,,,,,,,,,,,,,,,,,,,,,,,,,,,,
00-0036900,J.Chase,Ja'Marr Chase,WR,WR,,CIN,2025,0,REG,,,,,,,,,,,,,,,,,,,,,,,,,,125,185,1412,8,,,,,,,,,,,,,,
00-0036912,D.Smith,DeVonta Smith,WR,WR,,PHI,2025,0,REG,,,,,,,,,,,,,,,,,,,,,,,,,,77,113,1008,4,,,,,,,,,,,,,,
00-0036919,K.Gainwell,Kenneth Gainwell,RB,RB,,PIT,2025,0,REG,,,,,,,,,,,,,,,,,,114,537,5,,,,,,,,,,,,,,,,,,,,,,,
00-0036924,M.Carter,Michael Carter,RB,RB,,ARI,2025,0,REG,,,,,,,,,,,,,,,,,,92,333,1,,,,,,,,,,,,,,,,,,,,,,,
00-0036945,J.Fields,Justin Fields,QB,QB,,NYJ,2025,0,REG,,128,204,1259,7,1,,,,,,,,,,,,,,,,,,,,,,,,,,,,,,,,,,,,,
00-0036963,A.St. Brown,Amon-Ra St. Brown,WR,WR,,DET,2025,0,REG,,,,,,,,,,,,,,,,,,,,,,,,,,117,172,1401,11,,,,,,,,,,,,,,
00-0036970,K.Pitts,Kyle Pitts,TE,TE,,ATL,2025,0,REG,,,,,,,,,,,,,,,,,,,,,,,,,,88,118,928,5,,,,,,,,,,,,,,
00-0036971,T.Lawrence,Trevor Lawrence,QB,QB,,JAX,2025,0,REG,,341,560,4007,29,12,,,,,,,,,,,,,,,,,,,,,,,,,,,,,,,,,,,,,
00-0036972,M.Jones,Mac Jones,QB,QB,,SF,2025,0,REG,,201,289,2151,13,6,,,,,,,,,,,,,,,,,,,,,,,,,,,,,,,,,,,,,
00-0036973,T.Etienne,Travis Etienne,RB,RB,,JAX,2025,0,REG,,,,,,,,,,,,,,,,,,260,1107,7,,,,,,,,,,,,,,,,,,,,,,,
00-0036997,J.Williams,Javonte Williams,RB,RB,,DAL,2025,0,REG,,,,,,,,,,,,,,,,,,252,1201,11,,,,,,,,,,,,,,,,,,,,,,,
00-0037112,J.Tonges,Jake Tonges,TE,TE,,SF,2025,0,REG,,,,,,,,,,,,,,,,,,,,,,,,,,34,46,293,5,,,,,,,,,,,,,,
00-0037197,I.Pacheco,Isiah Pacheco,RB,RB,,KC,2025,0,REG,,,,,,,,,,,,,,,,,,118,462,1,,,,,,,,,,,,,,,,,,,,,,,
00-0037228,J.Warren,Jaylen Warren,RB,RB,,PIT,2025,0,REG,,,,,,,,,,,,,,,,,,211,958,6,,,,,,,,,,,,,,,,,,,,,,,
00-0037238,D.London,Drake London,WR,WR,,ATL,2025,0,REG,,,,,,,,,,,,,,,,,,,,,,,,,,68,112,919,7,,,,,,,,,,,,,,
00-0037239,C.Olave,Chris Olave,WR,WR,,NO,2025,0,REG,,,,,,,,,,,,,,,,,,,,,,,,,,100,156,1163,9,,,,,,,,,,,,,,
00-0037240,J.Williams,Jameson Williams,WR,WR,,DET,2025,0,REG,,,,,,,,,,,,,,,,,,,,,,,,,,65,102,1109,7,,,,,,,,,,,,,,
00-0037247,G.Pickens,George Pickens,WR,WR,,DAL,2025,0,REG,,,,,,,,,,,,,,,,,,,,,,,,,,93,137,1429,9,,,,,,,,,,,,,,
00-0037248,J.Cook,James Cook,RB,RB,,BUF,2025,0,REG,,,,,,,,,,,,,,,,,,309,1621,12,,,,,,,,,,,,,,,,,,,,,,,
00-0037256,R.White,Rachaad White,RB,RB,,TB,2025,0,REG,,,,,,,,,,,,,,,,,,132,572,4,,,,,,,,,,,,,,,,,,,,,,,
00-0037261,K.Shakir,Khalil Shakir,WR,WR,,BUF,2025,0,REG,,,,,,,,,,,,,,,,,,,,,,,,,,72,95,686,4,,,,,,,,,,,,,,
00-0037263,T.Allgeier,Tyler Allgeier,RB,RB,,ATL,2025,0,REG,,,,,,,,,,,,,,,,,,143,514,8,,,,,,,,,,,,,,,,,,,,,,,
00-0037291,J.Nailor,Jalen Nailor,WR,WR,,MIN,2025,0,REG,,,,,,,,,,,,,,,,,,,,,,,,,,29,53,444,4,,,,,,,,,,,,,,
00-0037525,J.Mason,Jordan Mason,RB,RB,,MIN,2025,0,REG,,,,,,,,,,,,,,,,,,159,758,6,,,,,,,,,,,,,,,,,,,,,,,
00-0037545,R.Shaheed,Rashid Shaheed,WR,WR,,SEA,2025,0,REG,,,,,,,,,,,,,,,,,,,,,,,,,,59,92,687,2,,,,,,,,,,,,,,
00-0037614,J.Metchie,John Metchie,WR,WR,,NYJ,2025,0,REG,,,,,,,,,,,,,,,,,,,,,,,,,,33,48,274,2,,,,,,,,,,,,,,
00-0037664,A.Pierce,Alec Pierce,WR,WR,,IND,2025,0,REG,,,,,,,,,,,,,,,,,,,,,,,,,,47,84,1003,6,,,,,,,,,,,,,,
00-0037740,G.Wilson,Garrett Wilson,WR,WR,,NYJ,2025,0,REG,,,,,,,,,,,,,,,,,,,,,,,,,,36,59,395,4,,,,,,,,,,,,,,
00-0037744,T.McBride,Trey McBride,TE,TE,,ARI,2025,0,REG,,,,,,,,,,,,,,,,,,,,,,,,,,126,169,1239,11,,,,,,,,,,,,,,
00-0037746,B.Robinson,Brian Robinson,RB,RB,,SF,2025,0,REG,,,,,,,,,,,,,,,,,,92,400,2,,,,,,,,,,,,,,,,,,,,,,,
00-0037809,C.Okonkwo,Chigoziem Okonkwo,TE,TE,,TEN,2025,0,REG,,,,,,,,,,,,,,,,,,,,,,,,,,56,79,560,2,,,,,,,,,,,,,,
00-0037816,R.Doubs,Romeo Doubs,WR,WR,,GB,2025,0,REG,,,,,,,,,,,,,,,,,,,,,,,,,,55,85,724,6,,,,,,,,,,,,,,
00-0037834,B.Purdy,Brock Purdy,QB,QB,,SF,2025,0,REG,,197,284,2167,20,10,,,,,,,,,,,,,,,,,,,,,,,,,,,,,,,,,,,,,
00-0037837,C.Austin,Calvin Austin,WR,WR,,PIT,2025,0,REG,,,,,,,,,,,,,,,,,,,,,,,,,,31,55,372,3,,,,,,,,,,,,,,
00-0037840,K.Williams,Kyren Williams,RB,RB,,LAR,2025,0,REG,,,,,,,,,,,,,,,,,,259,1252,10,,,,,,,,,,,,,,,,,,,,,,,
00-0038041,J.Ferguson,Jake Ferguson,TE,TE,,DAL,2025,0,REG,,,,,,,,,,,,,,,,,,,,,,,,,,82,102,600,8,,,,,,,,,,,,,,
00-0038117,W.Robinson,Wan'Dale Robinson,WR,WR,,NYG,2025,0,REG,,,,,,,,,,,,,,,,,,,,,,,,,,92,140,1014,4,,,,,,,,,,,,,,
00-0038120,B.Hall,Breece Hall,RB,RB,,NYJ,2025,0,REG,,,,,,,,,,,,,,,,,,242,1064,4,,,,,,,,,,,,,,,,,,,,,,,
00-0038124,C.Watson,Christian Watson,WR,WR,,GB,2025,0,REG,,,,,,,,,,,,,,,,,,,,,,,,,,35,55,611,6,,,,,,,,,,,,,,
00-0038129,C.Otton,Cade Otton,TE,TE,,TB,2025,0,REG,,,,,,,,,,,,,,,,,,,,,,,,,,59,81,572,1,,,,,,,,,,,,,,
00-0038134,K.Walker,Kenneth Walker III,RB,RB,,SEA,2025,0,REG,,,,,,,,,,,,,,,,,,221,1027,5,,,,,,,,,,,,,,,,,,,,,,,
00-0038393,D.Wicks,Dontayvion Wicks,WR,WR,,GB,2025,0,REG,,,,,,,,,,,,,,,,,,,,,,,,,,30,46,332,2,,,,,,,,,,,,,,
00-0038542,B.Robinson,Bijan Robinson,RB,RB,,ATL,2025,0,REG,,,,,,,,,,,,,,,,,,287,1478,7,,,,,,,,,,,,,,,,,,,,,,,
00-0038543,J.Smith-Njigba,Jaxon Smith-Njigba,WR,WR,,SEA,2025,0,REG,,,,,,,,,,,,,,,,,,,,,,,,,,119,163,1793,10,,,,,,,,,,,,,,
00-0038544,Q.Johnston,Quentin Johnston,WR,WR,,LAC,2025,0,REG,,,,,,,,,,,,,,,,,,,,,,,,,,51,84,735,8,,,,,,,,,,,,,,
00-0038559,M.Wilson,Michael Wilson,WR,WR,,ARI,2025,0,REG,,,,,,,,,,,,,,,,,,,,,,,,,,78,126,1006,7,,,,,,,,,,,,,,
00-0038563,T.Tucker,Tre Tucker,WR,WR,,LV,2025,0,REG,,,,,,,,,,,,,,,,,,,,,,,,,,57,92,696,5,,,,,,,,,,,,,,
00-0038597,C.Brown,Chase Brown,RB,RB,,CIN,2025,0,REG,,,,,,,,,,,,,,,,,,232,1019,6,,,,,,,,,,,,,,,,,,,,,,,
00-0038606,P.Washington,Parker Washington,WR,WR,,JAX,2025,0,REG,,,,,,,,,,,,,,,,,,,,,,,,,,58,95,847,5,,,,,,,,,,,,,,
00-0038608,K.Boutte,Kayshon Boutte,WR,WR,,NE,2025,0,REG,,,,,,,,,,,,,,,,,,,,,,,,,,33,46,551,6,,,,,,,,,,,,,,
00-0038611,C.Rodriguez,Chris Rodriguez,RB,RB,,WAS,2025,0,REG,,,,,,,,,,,,,,,,,,112,500,6,,,,,,,,,,,,,,,,,,,,,,,
00-0038618,X.Hutchinson,Xavier Hutchinson,WR,WR,,HOU,2025,0,REG,,,,,,,,,,,,,,,,,,,,,,,,,,35,57,428,3,,,,,,,,,,,,,,
00-0038619,A.Iosivas,Andrei Iosivas,WR,WR,,CIN,2025,0,REG,,,,,,,,,,,,,,,,,,,,,,,,,,33,58,435,2,,,,,,,,,,,,,,
00-0038621,D.Douglas,DeMario Douglas,WR,WR,,NE,2025,0,REG,,,,,,,,,,,,,,,,,,,,,,,,,,31,46,447,3,,,,,,,,,,,,,,
00-0038797,E.Wilson,Emanuel Wilson,RB,RB,,GB,2025,0,REG,,,,,,,,,,,,,,,,,,125,496,3,,,,,,,,,,,,,,,,,,,,,,,
00-0038933,D.Kincaid,Dalton Kincaid,TE,TE,,BUF,2025,0,REG,,,,,,,,,,,,,,,,,,,,,,,,,,39,49,571,5,,,,,,,,,,,,,,
00-0038935,B.Strange,Brenton Strange,TE,TE,,JAX,2025,0,REG,,,,,,,,,,,,,,,,,,,,,,,,,,46,60,540,3,,,,,,,,,,,,,,
00-0038976,M.Mims,Marvin Mims Jr.,WR,WR,,DEN,2025,0,REG,,,,,,,,,,,,,,,,,,,,,,,,,,37,51,322,1,,,,,,,,,,,,,,
00-0038994,J.Addison,Jordan Addison,WR,WR,,MIN,2025,0,REG,,,,,,,,,,,,,,,,,,,,,,,,,,42,79,610,3,,,,,,,,,,,,,,
00-0038997,J.Downs,Josh Downs,WR,WR,,IND,2025,0,REG,,,,,,,,,,,,,,,,,,,,,,,,,,58,88,559,4,,,,,,,,,,,,,,
00-0039040,D.Achane,Devon Achane,RB,RB,,MIA,2025,0,REG,,,,,,,,,,,,,,,,,,238,1350,8,,,,,,,,,,,,,,,,,,,,,,,
00-0039064,Z.Flowers,Zay Flowers,WR,WR,,BAL,2025,0,REG,,,,,,,,,,,,,,,,,,,,,,,,,,86,118,1211,5,,,,,,,,,,,,,,
00-0039065,S.LaPorta,Sam LaPorta,TE,TE,,DET,2025,0,REG,,,,,,,,,,,,,,,,,,,,,,,,,,40,49,489,3,,,,,,,,,,,,,,
00-0039066,M.Mayer,Michael Mayer,TE,TE,,LV,2025,0,REG,,,,,,,,,,,,,,,,,,,,,,,,,,35,50,328,1,,,,,,,,,,,,,,
00-0039067,R.Rice,Rashee Rice,WR,WR,,KC,2025,0,REG,,,,,,,,,,,,,,,,,,,,,,,,,,53,78,571,5,,,,,,,,,,,,,,
00-0039075,P.Nacua,Puka Nacua,WR,WR,,LAR,2025,0,REG,,,,,,,,,,,,,,,,,,,,,,,,,,129,166,1715,10,,,,,,,,,,,,,,
00-0039139,J.Gibbs,Jahmyr Gibbs,RB,RB,,DET,2025,0,REG,,,,,,,,,,,,,,,,,,243,1223,13,,,,,,,,,,,,,,,,,,,,,,,
00-0039150,B.Young,Bryce Young,QB,QB,,CAR,2025,0,REG,,304,478,3011,23,11,,,,,,,,,,,,,,,,,,,,,,,,,,,,,,,,,,,,,
00-0039163,C.Stroud,C.J. Stroud,QB,QB,,HOU,2025,0,REG,,273,423,3041,19,8,,,,,,,,,,,,,,,,,,,,,,,,,,,,,,,,,,,,,
00-0039165,Z.Charbonnet,Zach Charbonnet,RB,RB,,SEA,2025,0,REG,,,,,,,,,,,,,,,,,,184,730,12,,,,,,,,,,,,,,,,,,,,,,,
00-0039338,B.Bowers,Brock Bowers,TE,TE,,LV,2025,0,REG,,,,,,,,,,,,,,,,,,,,,,,,,,64,86,680,7,,,,,,,,,,,,,,
00-0039342,X.Legette,Xavier Legette,WR,WR,,CAR,2025,0,REG,,,,,,,,,,,,,,,,,,,,,,,,,,35,64,363,3,,,,,,,,,,,,,,
00-0039361,B.Irving,Bucky Irving,RB,RB,,TB,2025,0,REG,,,,,,,,,,,,,,,,,,173,588,1,,,,,,,,,,,,,,,,,,,,,,,
00-0039376,S.Rattler,Spencer Rattler,QB,QB,,NO,2025,0,REG,,174,257,1586,8,5,,,,,,,,,,,,,,,,,,,,,,,,,,,,,,,,,,,,,
00-0039384,T.Tracy,Tyrone Tracy,RB,RB,,NYG,2025,0,REG,,,,,,,,,,,,,,,,,,176,740,2,,,,,,,,,,,,,,,,,,,,,,,
00-0039391,K.Vidal,Kimani Vidal,RB,RB,,LAC,2025,0,REG,,,,,,,,,,,,,,,,,,155,643,3,,,,,,,,,,,,,,,,,,,,,,,
00-0039410,R.Flournoy,Ryan Flournoy,WR,WR,,DAL,2025,0,REG,,,,,,,,,,,,,,,,,,,,,,,,,,40,56,475,4,,,,,,,,,,,,,,
00-0039732,B.Nix,Bo Nix,QB,QB,,DEN,2025,0,REG,,388,612,3931,25,11,,,,,,,,,,,,,,,,,,,,,,,,,,,,,,,,,,,,,
00-0039738,B.Corum,Blake Corum,RB,RB,,LAR,2025,0,REG,,,,,,,,,,,,,,,,,,145,746,6,,,,,,,,,,,,,,,,,,,,,,,
00-0039793,A.Barner,AJ Barner,TE,TE,,SEA,2025,0,REG,,,,,,,,,,,,,,,,,,,,,,,,,,52,68,519,6,,,,,,,,,,,,,,
00-0039847,T.Johnson,Theo Johnson,TE,TE,,NYG,2025,0,REG,,,,,,,,,,,,,,,,,,,,,,,,,,45,74,528,5,,,,,,,,,,,,,,
00-0039849,M.Harrison,Marvin Harrison,WR,WR,,ARI,2025,0,REG,,,,,,,,,,,,,,,,,,,,,,,,,,41,73,608,4,,,,,,,,,,,,,,
00-0039851,D.Maye,Drake Maye,QB,QB,,NE,2025,0,REG,,354,492,4394,31,8,,,,,,,,,,,,,,,,,,,,,,,,,,,,,,,,,,,,,
00-0039868,T.Franklin,Troy Franklin,WR,WR,,DEN,2025,0,REG,,,,,,,,,,,,,,,,,,,,,,,,,,65,104,709,6,,,,,,,,,,,,,,
00-0039880,M.Washington,Malik Washington,WR,WR,,MIA,2025,0,REG,,,,,,,,,,,,,,,,,,,,,,,,,,46,65,317,3,,,,,,,,,,,,,,
00-0039890,A.Mitchell,Adonai Mitchell,WR,WR,,NYJ,2025,0,REG,,,,,,,,,,,,,,,,,,,,,,,,,,33,74,453,2,,,,,,,,,,,,,,
00-0039893,B.Thomas,Brian Thomas,WR,WR,,JAX,2025,0,REG,,,,,,,,,,,,,,,,,,,,,,,,,,48,91,707,2,,,,,,,,,,,,,,
00-0039894,X.Worthy,Xavier Worthy,WR,WR,,KC,2025,0,REG,,,,,,,,,,,,,,,,,,,,,,,,,,42,73,532,1,,,,,,,,,,,,,,
00-0039901,K.Coleman,Keon Coleman,WR,WR,,BUF,2025,0,REG,,,,,,,,,,,,,,,,,,,,,,,,,,38,59,404,4,,,,,,,,,,,,,,
00-0039910,J.Daniels,Jayden Daniels,QB,QB,,WAS,2025,0,REG,,114,188,1262,8,3,,,,,,,,,,,,,,,,,,,,,,,,,,,,,,,,,,,,,
00-0039915,L.McConkey,Ladd McConkey,WR,WR,,LAC,2025,0,REG,,,,,,,,,,,,,,,,,,,,,,,,,,66,106,789,6,,,,,,,,,,,,,,
00-0039916,R.Pearsall,Ricky Pearsall,WR,WR,,SF,2025,0,REG,,,,,,,,,,,,,,,,,,,,,,,,,,36,53,528,0,,,,,,,,,,,,,,
00-0039917,M.Penix,Michael Penix,QB,QB,,ATL,2025,0,REG,,166,276,1982,9,3,,,,,,,,,,,,,,,,,,,,,,,,,,,,,,,,,,,,,
00-0039918,C.Williams,Caleb Williams,QB,QB,,CHI,2025,0,REG,,330,568,3942,27,7,,,,,,,,,,,,,,,,,,,,,,,,,,,,,,,,,,,,,
00-0039919,R.Odunze,Rome Odunze,WR,WR,,CHI,2025,0,REG,,,,,,,,,,,,,,,,,,,,,,,,,,44,90,661,6,,,,,,,,,,,,,,
00-0039923,J.McCarthy,J.J. McCarthy,QB,QB,,MIN,2025,0,REG,,140,243,1632,11,12,,,,,,,,,,,,,,,,,,,,,,,,,,,,,,,,,,,,,
00-0040122,A.Jeanty,Ashton Jeanty,RB,RB,,LV,2025,0,REG,,,,,,,,,,,,,,,,,,266,975,5,,,,,,,,,,,,,,,,,,,,,,,
00-0040124,T.McMillan,Tetairoa McMillan,WR,WR,,CAR,2025,0,REG,,,,,,,,,,,,,,,,,,,,,,,,,,70,122,1013,7,,,,,,,,,,,,,,
00-0040126,C.Loveland,Colston Loveland,TE,TE,,CHI,2025,0,REG,,,,,,,,,,,,,,,,,,,,,,,,,,58,82,713,6,,,,,,,,,,,,,,
00-0040128,T.Warren,Tyler Warren,TE,TE,,IND,2025,0,REG,,,,,,,,,,,,,,,,,,,,,,,,,,76,112,817,4,,,,,,,,,,,,,,
00-0040129,E.Egbuka,Emeka Egbuka,WR,WR,,TB,2025,0,REG,,,,,,,,,,,,,,,,,,,,,,,,,,63,127,938,6,,,,,,,,,,,,,,
00-0040130,J.Higgins,Jayden Higgins,WR,WR,,HOU,2025,0,REG,,,,,,,,,,,,,,,,,,,,,,,,,,41,68,525,6,,,,,,,,,,,,,,
00-0040134,P.Bryant,Pat Bryant,WR,WR,,DEN,2025,0,REG,,,,,,,,,,,,,,,,,,,,,,,,,,31,49,378,1,,,,,,,,,,,,,,
00-0040170,E.Ayomanor,Elic Ayomanor,WR,WR,,TEN,2025,0,REG,,,,,,,,,,,,,,,,,,,,,,,,,,41,89,515,4,,,,,,,,,,,,,,
00-0040189,O.Gadsden,Oronde Gadsden,TE,TE,,LAC,2025,0,REG,,,,,,,,,,,,,,,,,,,,,,,,,,49,69,664,3,,,,,,,,,,,,,,
00-0040236,K.Monangai,Kyle Monangai,RB,RB,,CHI,2025,0,REG,,,,,,,,,,,,,,,,,,169,783,5,,,,,,,,,,,,,,,,,,,,,,,
00-0040242,J.Croskey-Merritt,Jacory Croskey-Merritt,RB,RB,,WAS,2025,0,REG,,,,,,,,,,,,,,,,,,175,805,8,,,,,,,,,,,,,,,,,,,,,,,
00-0040398,B.Cook,Brady Cook,QB,QB,,NYJ,2025,0,REG,,88,153,739,2,7,,,,,,,,,,,,,,,,,,,,,,,,,,,,,,,,,,,,,
00-0040583,W.Marks,Woody Marks,RB,RB,,HOU,2025,0,REG,,,,,,,,,,,,,,,,,,196,703,2,,,,,,,,,,,,,,,,,,,,,,,
00-0040584,G.Helm,Gunnar Helm,TE,TE,,TEN,2025,0,REG,,,,,,,,,,,,,,,,,,,,,,,,,,44,55,357,2,,,,,,,,,,,,,,
00-0040663,H.Fannin,Harold Fannin,TE,TE,,CLE,2025,0,REG,,,,,,,,,,,,,,,,,,,,,,,,,,72,107,731,6,,,,,,,,,,,,,,
00-0040666,O.Hampton,Omarion Hampton,RB,RB,,LAC,2025,0,REG,,,,,,,,,,,,,,,,,,124,545,4,,,,,,,,,,,,,,,,,,,,,,,
00-0040668,S.Sanders,Shedeur Sanders,QB,QB,,CLE,2025,0,REG,,120,212,1400,7,10,,,,,,,,,,,,,,,,,,,,,,,,,,,,,,,,,,,,,
00-0040676,C.Ward,Cameron Ward,QB,QB,,TEN,2025,0,REG,,323,540,3169,15,7,,,,,,,,,,,,,,,,,,,,,,,,,,,,,,,,,,,,,
00-0040691,J.Dart,Jaxson Dart,QB,QB,,NYG,2025,0,REG,,216,339,2272,15,5,,,,,,,,,,,,,,,,,,,,,,,,,,,,,,,,,,,,,
00-0040704,D.Gabriel,Dillon Gabriel,QB,QB,,CLE,2025,0,REG,,110,185,937,7,2,,,,,,,,,,,,,,,,,,,,,,,,,,,,,,,,,,,,,
00-0040705,C.Dike,Chimere Dike,WR,WR,,TEN,2025,0,REG,,,,,,,,,,,,,,,,,,,,,,,,,,48,74,423,4,,,,,,,,,,,,,,
00-0040715,C.Skattebo,Cam Skattebo,RB,RB,,NYG,2025,0,REG,,,,,,,,,,,,,,,,,,101,410,5,,,,,,,,,,,,,,,,,,,,,,,
00-0040718,T.Hunter,Travis Hunter,WR,WR,,JAX,2025,0,REG,,,,,,,,,,,,,,,,,,,,,,,,,,28,45,298,1,,,,,,,,,,,,,,
00-0040730,R.Harvey,RJ Harvey,RB,RB,,DEN,2025,0,REG,,,,,,,,,,,,,,,,,,146,540,7,,,,,,,,,,,,,,,,,,,,,,,
00-0040734,T.Henderson,TreVeyon Henderson,RB,RB,,NE,2025,0,REG,,,,,,,,,,,,,,,,,,180,911,9,,,,,,,,,,,,,,,,,,,,,,,
00-0040735,L.Burden,Luther Burden,WR,WR,,CHI,2025,0,REG,,,,,,,,,,,,,,,,,,,,,,,,,,47,60,652,2,,,,,,,,,,,,,,
00-0040736,M.Taylor,Mason Taylor,TE,TE,,NYJ,2025,0,REG,,,,,,,,,,,,,,,,,,,,,,,,,,44,65,369,1,,,,,,,,,,,,,,
00-0040743,T.Shough,Tyler Shough,QB,QB,,NO,2025,0,REG,,221,327,2384,10,6,,,,,,,,,,,,,,,,,,,,,,,,,,,,,,,,,,,,,
00-0040784,Q.Judkins,Quinshon Judkins,RB,RB,,CLE,2025,0,REG,,,,,,,,,,,,,,,,,,230,827,7,,,,,,,,,,,,,,,,,,,,,,,
00-0023459,A.Rodgers,Aaron Rodgers,QB,QB,,PIT,2025,1,REG,,22,30,244,4,0,,,,,,,,,,,,,,,,,,,,,,,,,,,,,,,,,,,,,
00-0026158,J.Flacco,Joe Flacco,QB,QB,,CLE,2025,1,REG,,31,45,290,1,2,,,,,,,,,,,,,,,,,,,,,,,,,,,,,,,,,,,,,
00-0026498,M.Stafford,Matthew Stafford,QB,QB,,LAR,2025,1,REG,,21,29,245,1,0,,,,,,,,,,,,,,,,,,,,,,,,,,,,,,,,,,,,,
00-0029263,R.Wilson,Russell Wilson,QB,QB,,NYG,2025,1,REG,,17,37,168,0,0,,,,,,,,,,,,,,,,,,,,,,,,,,,,,,,,,,,,,
00-0030061,Z.Ertz,Zach Ertz,TE,TE,,WAS,2025,1,REG,,,,,,,,,,,,,,,,,,,,,,,,,,3,5,26,1,,,,,,,,,,,,,,
00-0030279,K.Allen,Keenan Allen,WR,WR,,LAC,2025,1,REG,,,,,,,,,,,,,,,,,,,,,,,,,,7,10,68,1,,,,,,,,,,,,,,
00-0030565,G.Smith,Geno Smith,QB,QB,,LV,2025,1,REG,,24,34,362,1,1,,,,,,,,,,,,,,,,,,,,,,,,,,,,,,,,,,,,,
00-0031381,D.Adams,Davante Adams,WR,WR,,LAR,2025,1,REG,,,,,,,,,,,,,,,,,,,,,,,,,,4,8,51,0,,,,,,,,,,,,,,
00-0031408,M.Evans,Mike Evans,WR,WR,,TB,2025,1,REG,,,,,,,,,,,,,,,,,,,,,,,,,,5,8,51,0,,,,,,,,,,,,,,
00-0031588,S.Diggs,Stefon Diggs,WR,WR,,NE,2025,1,REG,,,,,,,,,,,,,,,,,,,,,,,,,,6,7,57,0,,,,,,,,,,,,,,
00-0032385,S.Shepard,Sterling Shepard,WR,WR,,TB,2025,1,REG,,,,,,,,,,,,,,,,,,,,,,,,,,3,6,39,0,,,,,,,,,,,,,,
00-0032764,D.Henry,Derrick Henry,RB,RB,,BAL,2025,1,REG,,,,,,,,,,,,,,,,,,18,169,2,,,,,,,,,,,,,,,,,,,,,,,
00-0033040,T.Hill,Tyreek Hill,WR,WR,,MIA,2025,1,REG,,,,,,,,,,,,,,,,,,,,,,,,,,4,6,40,0,,,,,,,,,,,,,,
00-0033077,D.Prescott,Dak Prescott,QB,QB,,DAL,2025,1,REG,,21,34,188,0,0,,,,,,,,,,,,,,,,,,,,,,,,,,,,,,,,,,,,,
00-0033090,H.Henry,Hunter Henry,TE,TE,,NE,2025,1,REG,,,,,,,,,,,,,,,,,,,,,,,,,,4,8,66,0,,,,,,,,,,,,,,
00-0033106,J.Goff,Jared Goff,QB,QB,,DET,2025,1,REG,,31,39,225,1,1,,,,,,,,,,,,,,,,,,,,,,,,,,,,,,,,,,,,,
00-0033280,C.McCaffrey,Christian McCaffrey,RB,RB,,SF,2025,1,REG,,,,,,,,,,,,,,,,,,22,69,0,,,,,,,,,,,,,,,,,,,,,,,
00-0033553,J.Conner,James Conner,RB,RB,,ARI,2025,1,REG,,,,,,,,,,,,,,,,,,12,39,0,,,,,,,,,,,,,,,,,,,,,,,
00-0033857,J.Smith-Schuster,JuJu Smith-Schuster,WR,WR,,KC,2025,1,REG,,,,,,,,,,,,,,,,,,,,,,,,,,5,5,55,0,,,,,,,,,,,,,,
00-0033858,J.Smith,Jonnu Smith,TE,TE,,PIT,2025,1,REG,,,,,,,,,,,,,,,,,,,,,,,,,,5,6,15,1,,,,,,,,,,,,,,
00-0033873,P.Mahomes,Patrick Mahomes,QB,QB,,KC,2025,1,REG,,24,39,258,1,0,,,,,,,,,,,,,,,,,,,,,,,,,,,,,,,,,,,,,
00-0033885,D.Njoku,David Njoku,TE,TE,,CLE,2025,1,REG,,,,,,,,,,,,,,,,,,,,,,,,,,3,6,37,0,,,,,,,,,,,,,,
00-0033906,A.Kamara,Alvin Kamara,RB,RB,,NO,2025,1,REG,,,,,,,,,,,,,,,,,,11,45,1,,,,,,,,,,,,,,,,,,,,,,,
00-0034348,C.Sutton,Courtland Sutton,WR,WR,,DEN,2025,1,REG,,,,,,,,,,,,,,,,,,,,,,,,,,6,9,61,1,,,,,,,,,,,,,,
00-0034351,D.Goedert,Dallas Goedert,TE,TE,,PHI,2025,1,REG,,,,,,,,,,,,,,,,,,,,,,,,,,7,7,44,0,,,,,,,,,,,,,,
00-0034383,D.Schultz,Dalton Schultz,TE,TE,,HOU,2025,1,REG,,,,,,,,,,,,,,,,,,,,,,,,,,3,5,28,0,,,,,,,,,,,,,,
00-0034407,R.McCloud,Ray-Ray McCloud,WR,WR,,ATL,2025,1,REG,,,,,,,,,,,,,,,,,,,,,,,,,,3,5,51,0,,,,,,,,,,,,,,
00-0034791,N.Chubb,Nick Chubb,RB,RB,,HOU,2025,1,REG,,,,,,,,,,,,,,,,,,13,60,0,,,,,,,,,,,,,,,,,,,,,,,
00-0034796,L.Jackson,Lamar Jackson,QB,QB,,BAL,2025,1,REG,,14,19,209,2,0,,,,,,,,,,,,,,,,,,,,,,,,,,,,,,,,,,,,,
00-0034827,D.Moore,DJ Moore,WR,WR,,CHI,2025,1,REG,,,,,,,,,,,,,,,,,,,,,,,,,,3,5,57,0,,,,,,,,,,,,,,
00-0034837,C.Ridley,Calvin Ridley,WR,WR,,TEN,2025,1,REG,,,,,,,,,,,,,,,,,,,,,,,,,,4,8,27,0,,,,,,,,,,,,,,
00-0034844,S.Barkley,Saquon Barkley,RB,RB,,PHI,2025,1,REG,,,,,,,,,,,,,,,,,,18,60,1,,,,,,,,,,,,,,,,,,,,,,,
00-0034855,B.Mayfield,Baker Mayfield,QB,QB,,TB,2025,1,REG,,17,32,167,3,0,,,,,,,,,,,,,,,,,,,,,,,,,,,,,,,,,,,,,
00-0034857,J.Allen,Josh Allen,QB,QB,,BUF,2025,1,REG,,33,46,394,2,0,,,,,,,,,,,,,,,,,,,,,,,,,,,,,,,,,,,,,
00-0034869,S.Darnold,Sam Darnold,QB,QB,,SEA,2025,1,REG,,16,23,150,0,0,,,,,,,,,,,,,,,,,,,,,,,,,,,,,,,,,,,,,
00-0034960,J.Meyers,Jakobi Meyers,WR,WR,,LV,2025,1,REG,,,,,,,,,,,,,,,,,,,,,,,,,,8,10,97,0,,,,,,,,,,,,,,
00-0034983,H.Renfrow,Hunter Renfrow,WR,WR,,CAR,2025,1,REG,,,,,,,,,,,,,,,,,,,,,,,,,,2,6,11,0,,,,,,,,,,,,,,
00-0035208,O.Zaccheaus,Olamide Zaccheaus,WR,WR,,CHI,2025,1,REG,,,,,,,,,,,,,,,,,,,,,,,,,,4,7,42,0,,,,,,,,,,,,,,
00-0035228,K.Murray,Kyler Murray,QB,QB,,ARI,2025,1,REG,,21,29,163,2,0,,,,,,,,,,,,,,,,,,,,,,,,,,,,,,,,,,,,,
00-0035261,T.Pollard,Tony Pollard,RB,RB,,TEN,2025,1,REG,,,,,,,,,,,,,,,,,,18,60,0,,,,,,,,,,,,,,,,,,,,,,,
00-0035640,D.Metcalf,DK Metcalf,WR,WR,,PIT,2025,1,REG,,,,,,,,,,,,,,,,,,,,,,,,,,4,7,83,0,,,,,,,,,,,,,,
00-0035644,N.Fant,Noah Fant,TE,TE,,CIN,2025,1,REG,,,,,,,,,,,,,,,,,,,,,,,,,,4,5,26,1,,,,,,,,,,,,,,
00-0035662,M.Brown,Marquise Brown,WR,WR,,KC,2025,1,REG,,,,,,,,,,,,,,,,,,,,,,,,,,10,16,99,0,,,,,,,,,,,,,,
00-0035685,D.Montgomery,David Montgomery,RB,RB,,DET,2025,1,REG,,,,,,,,,,,,,,,,,,11,25,0,,,,,,,,,,,,,,,,,,,,,,,
00-0035700,J.Jacobs,Josh Jacobs,RB,RB,,GB,2025,1,REG,,,,,,,,,,,,,,,,,,19,66,1,,,,,,,,,,,,,,,,,,,,,,,
00-0035710,D.Jones,Daniel Jones,QB,QB,,IND,2025,1,REG,,22,29,272,1,0,,,,,,,,,,,,,,,,,,,,,,,,,,,,,,,,,,,,,
00-0035719,D.Samuel,Deebo Samuel Sr.,WR,WR,,WAS,2025,1,REG,,,,,,,,,,,,,,,,,,,,,,,,,,7,10,77,0,,,,,,,,,,,,,,
00-0036040,J.Johnson,Juwan Johnson,TE,TE,,NO,2025,1,REG,,,,,,,,,,,,,,,,,,,,,,,,,,8,11,76,0,,,,,,,,,,,,,,
00-0036158,J.Dobbins,J.K. Dobbins,RB,RB,,DEN,2025,1,REG,,,,,,,,,,,,,,,,,,16,63,1,,,,,,,,,,,,,,,,,,,,,,,
00-0036212,T.Tagovailoa,Tua Tagovailoa,QB,QB,,MIA,2025,1,REG,,14,23,114,1,2,,,,,,,,,,,,,,,,,,,,,,,,,,,,,,,,,,,,,
00-0036223,J.Taylor,Jonathan Taylor,RB,RB,,IND,2025,1,REG,,,,,,,,,,,,,,,,,,18,71,0,,,,,,,,,,,,,,,,,,,,,,,
00-0036252,M.Pittman,Michael Pittman,WR,WR,,IND,2025,1,REG,,,,,,,,,,,,,,,,,,,,,,,,,,6,8,80,1,,,,,,,,,,,,,,
00-0036259,J.Jennings,Jauan Jennings,WR,WR,,SF,2025,1,REG,,,,,,,,,,,,,,,,,,,,,,,,,,2,5,16,0,,,,,,,,,,,,,,
00-0036264,J.Love,Jordan Love,QB,QB,,GB,2025,1,REG,,16,22,188,2,0,,,,,,,,,,,,,,,,,,,,,,,,,,,,,,,,,,,,,
00-0036275,D.Swift,D'Andre Swift,RB,RB,,CHI,2025,1,REG,,,,,,,,,,,,,,,,,,17,53,0,,,,,,,,,,,,,,,,,,,,,,,
00-0036322,J.Jefferson,Justin Jefferson,WR,WR,,MIN,2025,1,REG,,,,,,,,,,,,,,,,,,,,,,,,,,4,7,44,1,,,,,,,,,,,,,,
00-0036355,J.Herbert,Justin Herbert,QB,QB,,LAC,2025,1,REG,,25,34,318,3,0,,,,,,,,,,,,,,,,,,,,,,,,,,,,,,,,,,,,,
00-0036358,C.Lamb,CeeDee Lamb,WR,WR,,DAL,2025,1,REG,,,,,,,,,,,,,,,,,,,,,,,,,,7,13,110,0,,,,,,,,,,,,,,
00-0036389,J.Hurts,Jalen Hurts,QB,QB,,PHI,2025,1,REG,,19,23,152,0,0,,,,,,,,,,,,,,,,,,,,,,,,,,,,,,,,,,,,,
00-0036407,J.Jeudy,Jerry Jeudy,WR,WR,,CLE,2025,1,REG,,,,,,,,,,,,,,,,,,,,,,,,,,5,8,66,0,,,,,,,,,,,,,,
00-0036442,J.Burrow,Joe Burrow,QB,QB,,CIN,2025,1,REG,,14,23,113,1,0,,,,,,,,,,,,,,,,,,,,,,,,,,,,,,,,,,,,,
00-0036554,N.Collins,Nico Collins,WR,WR,,HOU,2025,1,REG,,,,,,,,,,,,,,,,,,,,,,,,,,3,5,25,0,,,,,,,,,,,,,,
00-0036555,C.Hubbard,Chuba Hubbard,RB,RB,,CAR,2025,1,REG,,,,,,,,,,,,,,,,,,16,57,0,,,,,,,,,,,,,,,,,,,,,,,
00-0036613,J.Waddle,Jaylen Waddle,WR,WR,,MIA,2025,1,REG,,,,,,,,,,,,,,,,,,,,,,,,,,4,5,30,0,,,,,,,,,,,,,,
00-0036900,J.Chase,Ja'Marr Chase,WR,WR,,CIN,2025,1,REG,,,,,,,,,,,,,,,,,,,,,,,,,,2,5,26,0,,,,,,,,,,,,,,
00-0036945,J.Fields,Justin Fields,QB,QB,,NYJ,2025,1,REG,,16,22,218,1,0,,,,,,,,,,,,,,,,,,,,,,,,,,,,,,,,,,,,,
00-0036963,A.St. Brown,Amon-Ra St. Brown,WR,WR,,DET,2025,1,REG,,,,,,,,,,,,,,,,,,,,,,,,,,4,6,45,0,,,,,,,,,,,,,,
00-0036970,K.Pitts,Kyle Pitts,TE,TE,,ATL,2025,1,REG,,,,,,,,,,,,,,,,,,,,,,,,,,7,8,59,0,,,,,,,,,,,,,,
00-0036971,T.Lawrence,Trevor Lawrence,QB,QB,,JAX,2025,1,REG,,19,31,178,1,1,,,,,,,,,,,,,,,,,,,,,,,,,,,,,,,,,,,,,
00-0036973,T.Etienne,Travis Etienne,RB,RB,,JAX,2025,1,REG,,,,,,,,,,,,,,,,,,16,143,0,,,,,,,,,,,,,,,,,,,,,,,
00-0036988,J.Palmer,Josh Palmer,WR,WR,,BUF,2025,1,REG,,,,,,,,,,,,,,,,,,,,,,,,,,5,9,61,0,,,,,,,,,,,,,,
00-0036997,J.Williams,Javonte Williams,RB,RB,,DAL,2025,1,REG,,,,,,,,,,,,,,,,,,15,54,2,,,,,,,,,,,,,,,,,,,,,,,
00-0037228,J.Warren,Jaylen Warren,RB,RB,,PIT,2025,1,REG,,,,,,,,,,,,,,,,,,11,37,0,,,,,,,,,,,,,,,,,,,,,,,
00-0037238,D.London,Drake London,WR,WR,,ATL,2025,1,REG,,,,,,,,,,,,,,,,,,,,,,,,,,8,15,55,0,,,,,,,,,,,,,,
00-0037239,C.Olave,Chris Olave,WR,WR,,NO,2025,1,REG,,,,,,,,,,,,,,,,,,,,,,,,,,7,13,54,0,,,,,,,,,,,,,,
00-0037240,J.Williams,Jameson Williams,WR,WR,,DET,2025,1,REG,,,,,,,,,,,,,,,,,,,,,,,,,,4,5,23,0,,,,,,,,,,,,,,
00-0037248,J.Cook,James Cook,RB,RB,,BUF,2025,1,REG,,,,,,,,,,,,,,,,,,13,44,1,,,,,,,,,,,,,,,,,,,,,,,
00-0037261,K.Shakir,Khalil Shakir,WR,WR,,BUF,2025,1,REG,,,,,,,,,,,,,,,,,,,,,,,,,,6,9,64,0,,,,,,,,,,,,,,
00-0037263,T.Allgeier,Tyler Allgeier,RB,RB,,ATL,2025,1,REG,,,,,,,,,,,,,,,,,,10,24,0,,,,,,,,,,,,,,,,,,,,,,,
00-0037525,J.Mason,Jordan Mason,RB,RB,,MIN,2025,1,REG,,,,,,,,,,,,,,,,,,15,68,0,,,,,,,,,,,,,,,,,,,,,,,
00-0037545,R.Shaheed,Rashid Shaheed,WR,WR,,NO,2025,1,REG,,,,,,,,,,,,,,,,,,,,,,,,,,6,9,33,0,,,,,,,,,,,,,,
00-0037740,G.Wilson,Garrett Wilson,WR,WR,,NYJ,2025,1,REG,,,,,,,,,,,,,,,,,,,,,,,,,,7,9,95,1,,,,,,,,,,,,,,
00-0037744,T.McBride,Trey McBride,TE,TE,,ARI,2025,1,REG,,,,,,,,,,,,,,,,,,,,,,,,,,6,9,61,0,,,,,,,,,,,,,,
00-0037834,B.Purdy,Brock Purdy,QB,QB,,SF,2025,1,REG,,26,35,277,2,2,,,,,,,,,,,,,,,,,,,,,,,,,,,,,,,,,,,,,
00-0037837,C.Austin,Calvin Austin III,WR,WR,,PIT,2025,1,REG,,,,,,,,,,,,,,,,,,,,,,,,,,4,6,70,1,,,,,,,,,,,,,,
00-0037840,K.Williams,Kyren Williams,RB,RB,,LAR,2025,1,REG,,,,,,,,,,,,,,,,,,18,66,1,,,,,,,,,,,,,,,,,,,,,,,
00-0038041,J.Ferguson,Jake Ferguson,TE,TE,,DAL,2025,1,REG,,,,,,,,,,,,,,,,,,,,,,,,,,5,6,23,0,,,,,,,,,,,,,,
00-0038117,W.Robinson,Wan'Dale Robinson,WR,WR,,NYG,2025,1,REG,,,,,,,,,,,,,,,,,,,,,,,,,,6,8,55,0,,,,,,,,,,,,,,
00-0038120,B.Hall,Breece Hall,RB,RB,,NYJ,2025,1,REG,,,,,,,,,,,,,,,,,,19,107,0,,,,,,,,,,,,,,,,,,,,,,,
00-0038134,K.Walker,Kenneth Walker III,RB,RB,,SEA,2025,1,REG,,,,,,,,,,,,,,,,,,10,20,0,,,,,,,,,,,,,,,,,,,,,,,
00-0038542,B.Robinson,Bijan Robinson,RB,RB,,ATL,2025,1,REG,,,,,,,,,,,,,,,,,,12,24,0,,,,,,,,,,,,,,,,,,,,,,,
00-0038543,J.Smith-Njigba,Jaxon Smith-Njigba,WR,WR,,SEA,2025,1,REG,,,,,,,,,,,,,,,,,,,,,,,,,,9,13,124,0,,,,,,,,,,,,,,
00-0038544,Q.Johnston,Quentin Johnston,WR,WR,,LAC,2025,1,REG,,,,,,,,,,,,,,,,,,,,,,,,,,5,7,79,2,,,,,,,,,,,,,,
00-0038597,C.Brown,Chase Brown,RB,RB,,CIN,2025,1,REG,,,,,,,,,,,,,,,,,,21,43,1,,,,,,,,,,,,,,,,,,,,,,,
00-0038608,K.Boutte,Kayshon Boutte,WR,WR,,NE,2025,1,REG,,,,,,,,,,,,,,,,,,,,,,,,,,6,8,103,0,,,,,,,,,,,,,,
00-0038621,D.Douglas,DeMario Douglas,WR,WR,,NE,2025,1,REG,,,,,,,,,,,,,,,,,,,,,,,,,,2,7,-2,1,,,,,,,,,,,,,,
00-0038979,C.Tillman,Cedric Tillman,WR,WR,,CLE,2025,1,REG,,,,,,,,,,,,,,,,,,,,,,,,,,5,8,52,1,,,,,,,,,,,,,,
00-0039064,Z.Flowers,Zay Flowers,WR,WR,,BAL,2025,1,REG,,,,,,,,,,,,,,,,,,,,,,,,,,7,9,143,1,,,,,,,,,,,,,,
00-0039065,S.LaPorta,Sam LaPorta,TE,TE,,DET,2025,1,REG,,,,,,,,,,,,,,,,,,,,,,,,,,6,9,79,0,,,,,,,,,,,,,,
00-0039075,P.Nacua,Puka Nacua,WR,WR,,LAR,2025,1,REG,,,,,,,,,,,,,,,,,,,,,,,,,,10,11,130,0,,,,,,,,,,,,,,
00-0039146,J.Reed,Jayden Reed,WR,WR,,GB,2025,1,REG,,,,,,,,,,,,,,,,,,,,,,,,,,3,5,45,1,,,,,,,,,,,,,,
00-0039150,B.Young,Bryce Young,QB,QB,,CAR,2025,1,REG,,18,35,154,1,2,,,,,,,,,,,,,,,,,,,,,,,,,,,,,,,,,,,,,
00-0039163,C.Stroud,C.J. Stroud,QB,QB,,HOU,2025,1,REG,,19,27,188,0,1,,,,,,,,,,,,,,,,,,,,,,,,,,,,,,,,,,,,,
00-0039165,Z.Charbonnet,Zach Charbonnet,RB,RB,,SEA,2025,1,REG,,,,,,,,,,,,,,,,,,12,47,1,,,,,,,,,,,,,,,,,,,,,,,
00-0039337,M.Nabers,Malik Nabers,WR,WR,,NYG,2025,1,REG,,,,,,,,,,,,,,,,,,,,,,,,,,5,12,71,0,,,,,,,,,,,,,,
00-0039338,B.Bowers,Brock Bowers,TE,TE,,LV,2025,1,REG,,,,,,,,,,,,,,,,,,,,,,,,,,5,8,103,0,,,,,,,,,,,,,,
00-0039342,X.Legette,Xavier Legette,WR,WR,,CAR,2025,1,REG,,,,,,,,,,,,,,,,,,,,,,,,,,3,7,10,0,,,,,,,,,,,,,,
00-0039361,B.Irving,Bucky Irving,RB,RB,,TB,2025,1,REG,,,,,,,,,,,,,,,,,,14,37,0,,,,,,,,,,,,,,,,,,,,,,,
00-0039376,S.Rattler,Spencer Rattler,QB,QB,,NO,2025,1,REG,,27,46,214,0,0,,,,,,,,,,,,,,,,,,,,,,,,,,,,,,,,,,,,,
00-0039384,T.Tracy,Tyrone Tracy Jr.,RB,RB,,NYG,2025,1,REG,,,,,,,,,,,,,,,,,,10,24,0,,,,,,,,,,,,,,,,,,,,,,,
00-0039394,Cas.Washington,Casey Washington,WR,WR,,ATL,2025,1,REG,,,,,,,,,,,,,,,,,,,,,,,,,,3,6,33,0,,,,,,,,,,,,,,
00-0039732,B.Nix,Bo Nix,QB,QB,,DEN,2025,1,REG,,25,40,176,1,2,,,,,,,,,,,,,,,,,,,,,,,,,,,,,,,,,,,,,
00-0039849,M.Harrison,Marvin Harrison Jr.,WR,WR,,ARI,2025,1,REG,,,,,,,,,,,,,,,,,,,,,,,,,,5,6,71,1,,,,,,,,,,,,,,
00-0039851,D.Maye,Drake Maye,QB,QB,,NE,2025,1,REG,,30,46,287,1,1,,,,,,,,,,,,,,,,,,,,,,,,,,,,,,,,,,,,,
00-0039868,T.Franklin,Troy Franklin,WR,WR,,DEN,2025,1,REG,,,,,,,,,,,,,,,,,,,,,,,,,,4,6,44,0,,,,,,,,,,,,,,
00-0039880,M.Washington,Malik Washington,WR,WR,,MIA,2025,1,REG,,,,,,,,,,,,,,,,,,,,,,,,,,2,5,20,0,,,,,,,,,,,,,,
00-0039893,B.Thomas,Brian Thomas Jr.,WR,WR,,JAX,2025,1,REG,,,,,,,,,,,,,,,,,,,,,,,,,,1,7,11,0,,,,,,,,,,,,,,
00-0039901,K.Coleman,Keon Coleman,WR,WR,,BUF,2025,1,REG,,,,,,,,,,,,,,,,,,,,,,,,,,8,11,112,1,,,,,,,,,,,,,,
00-0039910,J.Daniels,Jayden Daniels,QB,QB,,WAS,2025,1,REG,,19,30,233,1,0,,,,,,,,,,,,,,,,,,,,,,,,,,,,,,,,,,,,,
00-0039915,L.McConkey,Ladd McConkey,WR,WR,,LAC,2025,1,REG,,,,,,,,,,,,,,,,,,,,,,,,,,6,9,74,0,,,,,,,,,,,,,,
00-0039916,R.Pearsall,Ricky Pearsall,WR,WR,,SF,2025,1,REG,,,,,,,,,,,,,,,,,,,,,,,,,,4,7,108,0,,,,,,,,,,,,,,
00-0039917,M.Penix,Michael Penix Jr.,QB,QB,,ATL,2025,1,REG,,27,42,298,1,0,,,,,,,,,,,,,,,,,,,,,,,,,,,,,,,,,,,,,
00-0039918,C.Williams,Caleb Williams,QB,QB,,CHI,2025,1,REG,,21,35,210,1,0,,,,,,,,,,,,,,,,,,,,,,,,,,,,,,,,,,,,,
00-0039919,R.Odunze,Rome Odunze,WR,WR,,CHI,2025,1,REG,,,,,,,,,,,,,,,,,,,,,,,,,,6,9,37,1,,,,,,,,,,,,,,
00-0039923,J.McCarthy,J.J. McCarthy,QB,QB,,MIN,2025,1,REG,,13,20,143,2,1,,,,,,,,,,,,,,,,,,,,,,,,,,,,,,,,,,,,,
00-0040122,A.Jeanty,Ashton Jeanty,RB,RB,,LV,2025,1,REG,,,,,,,,,,,,,,,,,,19,38,1,,,,,,,,,,,,,,,,,,,,,,,
00-0040124,T.McMillan,Tetairoa McMillan,WR,WR,,CAR,2025,1,REG,,,,,,,,,,,,,,,,,,,,,,,,,,5,9,68,0,,,,,,,,,,,,,,
00-0040128,T.Warren,Tyler Warren,TE,TE,,IND,2025,1,REG,,,,,,,,,,,,,,,,,,,,,,,,,,7,9,76,0,,,,,,,,,,,,,,
00-0040129,E.Egbuka,Emeka Egbuka,WR,WR,,TB,2025,1,REG,,,,,,,,,,,,,,,,,,,,,,,,,,4,6,67,2,,,,,,,,,,,,,,
00-0040162,D.Sampson,Dylan Sampson,RB,RB,,CLE,2025,1,REG,,,,,,,,,,,,,,,,,,12,29,0,,,,,,,,,,,,,,,,,,,,,,,
00-0040170,E.Ayomanor,Elic Ayomanor,WR,WR,,TEN,2025,1,REG,,,,,,,,,,,,,,,,,,,,,,,,,,2,7,13,0,,,,,,,,,,,,,,
00-0040179,D.Giddens,DJ Giddens,RB,RB,,IND,2025,1,REG,,,,,,,,,,,,,,,,,,12,41,0,,,,,,,,,,,,,,,,,,,,,,,
00-0040242,J.Croskey-Merritt,Jacory Croskey-Merritt,RB,RB,,WAS,2025,1,REG,,,,,,,,,,,,,,,,,,10,82,1,,,,,,,,,,,,,,,,,,,,,,,
00-0040663,H.Fannin,Harold Fannin Jr.,TE,TE,,CLE,2025,1,REG,,,,,,,,,,,,,,,,,,,,,,,,,,7,9,63,0,,,,,,,,,,,,,,
00-0040666,O.Hampton,Omarion Hampton,RB,RB,,LAC,2025,1,REG,,,,,,,,,,,,,,,,,,15,48,0,,,,,,,,,,,,,,,,,,,,,,,
00-0040676,C.Ward,Cam Ward,QB,QB,,TEN,2025,1,REG,,12,28,112,0,0,,,,,,,,,,,,,,,,,,,,,,,,,,,,,,,,,,,,,
00-0040718,T.Hunter,Travis Hunter,WR,WR,,JAX,2025,1,REG,,,,,,,,,,,,,,,,,,,,,,,,,,6,8,33,0,,,,,,,,,,,,,,
00-0023459,A.Rodgers,Aaron Rodgers,QB,QB,,PIT,2025,2,REG,,18,33,203,1,2,,,,,,,,,,,,,,,,,,,,,,,,,,,,,,,,,,,,,
00-0026158,J.Flacco,Joe Flacco,QB,QB,,CLE,2025,2,REG,,25,45,199,1,1,,,,,,,,,,,,,,,,,,,,,,,,,,,,,,,,,,,,,
00-0026498,M.Stafford,Matthew Stafford,QB,QB,,LAR,2025,2,REG,,23,33,298,2,1,,,,,,,,,,,,,,,,,,,,,,,,,,,,,,,,,,,,,
00-0029263,R.Wilson,Russell Wilson,QB,QB,,NYG,2025,2,REG,,30,41,450,3,1,,,,,,,,,,,,,,,,,,,,,,,,,,,,,,,,,,,,,
00-0030061,Z.Ertz,Zach Ertz,TE,TE,,WAS,2025,2,REG,,,,,,,,,,,,,,,,,,,,,,,,,,6,8,64,1,,,,,,,,,,,,,,
00-0030279,K.Allen,Keenan Allen,WR,WR,,LAC,2025,2,REG,,,,,,,,,,,,,,,,,,,,,,,,,,5,7,61,1,,,,,,,,,,,,,,
00-0030506,T.Kelce,Travis Kelce,TE,TE,,KC,2025,2,REG,,,,,,,,,,,,,,,,,,,,,,,,,,4,6,61,0,,,,,,,,,,,,,,
00-0030565,G.Smith,Geno Smith,QB,QB,,LV,2025,2,REG,,24,43,180,0,3,,,,,,,,,,,,,,,,,,,,,,,,,,,,,,,,,,,,,
00-0031381,D.Adams,Davante Adams,WR,WR,,LAR,2025,2,REG,,,,,,,,,,,,,,,,,,,,,,,,,,6,13,106,1,,,,,,,,,,,,,,
00-0031408,M.Evans,Mike Evans,WR,WR,,TB,2025,2,REG,,,,,,,,,,,,,,,,,,,,,,,,,,5,11,56,0,,,,,,,,,,,,,,
00-0031588,S.Diggs,Stefon Diggs,WR,WR,,NE,2025,2,REG,,,,,,,,,,,,,,,,,,,,,,,,,,4,5,32,0,,,,,,,,,,,,,,
00-0032764,D.Henry,Derrick Henry,RB,RB,,BAL,2025,2,REG,,,,,,,,,,,,,,,,,,11,23,0,,,,,,,,,,,,,,,,,,,,,,,
00-0033040,T.Hill,Tyreek Hill,WR,WR,,MIA,2025,2,REG,,,,,,,,,,,,,,,,,,,,,,,,,,6,7,109,0,,,,,,,,,,,,,,
00-0033077,D.Prescott,Dak Prescott,QB,QB,,DAL,2025,2,REG,,38,52,361,2,1,,,,,,,,,,,,,,,,,,,,,,,,,,,,,,,,,,,,,
00-0033106,J.Goff,Jared Goff,QB,QB,,DET,2025,2,REG,,23,28,334,5,0,,,,,,,,,,,,,,,,,,,,,,,,,,,,,,,,,,,,,
00-0033280,C.McCaffrey,Christian McCaffrey,RB,RB,,SF,2025,2,REG,,,,,,,,,,,,,,,,,,13,55,0,,,,,,,,,,,,,,,,,,,,,,,
00-0033553,J.Conner,James Conner,RB,RB,,ARI,2025,2,REG,,,,,,,,,,,,,,,,,,11,34,1,,,,,,,,,,,,,,,,,,,,,,,
00-0033873,P.Mahomes,Patrick Mahomes,QB,QB,,KC,2025,2,REG,,16,29,187,1,1,,,,,,,,,,,,,,,,,,,,,,,,,,,,,,,,,,,,,
00-0033885,D.Njoku,David Njoku,TE,TE,,CLE,2025,2,REG,,,,,,,,,,,,,,,,,,,,,,,,,,4,5,40,0,,,,,,,,,,,,,,
00-0033906,A.Kamara,Alvin Kamara,RB,RB,,NO,2025,2,REG,,,,,,,,,,,,,,,,,,21,99,0,,,,,,,,,,,,,,,,,,,,,,,
00-0033908,C.Kupp,Cooper Kupp,WR,WR,,SEA,2025,2,REG,,,,,,,,,,,,,,,,,,,,,,,,,,7,9,90,0,,,,,,,,,,,,,,
00-0034791,N.Chubb,Nick Chubb,RB,RB,,HOU,2025,2,REG,,,,,,,,,,,,,,,,,,12,43,1,,,,,,,,,,,,,,,,,,,,,,,
00-0034796,L.Jackson,Lamar Jackson,QB,QB,,BAL,2025,2,REG,,19,29,225,4,0,,,,,,,,,,,,,,,,,,,,,,,,,,,,,,,,,,,,,
00-0034827,D.Moore,DJ Moore,WR,WR,,CHI,2025,2,REG,,,,,,,,,,,,,,,,,,,,,,,,,,5,6,46,0,,,,,,,,,,,,,,
00-0034837,C.Ridley,Calvin Ridley,WR,WR,,TEN,2025,2,REG,,,,,,,,,,,,,,,,,,,,,,,,,,3,6,57,0,,,,,,,,,,,,,,
00-0034844,S.Barkley,Saquon Barkley,RB,RB,,PHI,2025,2,REG,,,,,,,,,,,,,,,,,,22,88,1,,,,,,,,,,,,,,,,,,,,,,,
00-0034855,B.Mayfield,Baker Mayfield,QB,QB,,TB,2025,2,REG,,25,38,215,2,0,,,,,,,,,,,,,,,,,,,,,,,,,,,,,,,,,,,,,
00-0034857,J.Allen,Josh Allen,QB,QB,,BUF,2025,2,REG,,14,25,148,0,0,,,,,,,,,,,,,,,,,,,,,,,,,,,,,,,,,,,,,
00-0034869,S.Darnold,Sam Darnold,QB,QB,,SEA,2025,2,REG,,22,33,295,2,2,,,,,,,,,,,,,,,,,,,,,,,,,,,,,,,,,,,,,
00-0034960,J.Meyers,Jakobi Meyers,WR,WR,,LV,2025,2,REG,,,,,,,,,,,,,,,,,,,,,,,,,,6,12,68,0,,,,,,,,,,,,,,
00-0034983,H.Renfrow,Hunter Renfrow,WR,WR,,CAR,2025,2,REG,,,,,,,,,,,,,,,,,,,,,,,,,,7,9,48,2,,,,,,,,,,,,,,
00-0035100,J.Browning,Jake Browning,QB,QB,,CIN,2025,2,REG,,21,32,241,2,3,,,,,,,,,,,,,,,,,,,,,,,,,,,,,,,,,,,,,
00-0035208,O.Zaccheaus,Olamide Zaccheaus,WR,WR,,CHI,2025,2,REG,,,,,,,,,,,,,,,,,,,,,,,,,,2,5,12,0,,,,,,,,,,,,,,
00-0035228,K.Murray,Kyler Murray,QB,QB,,ARI,2025,2,REG,,17,25,220,1,1,,,,,,,,,,,,,,,,,,,,,,,,,,,,,,,,,,,,,
00-0035261,T.Pollard,Tony Pollard,RB,RB,,TEN,2025,2,REG,,,,,,,,,,,,,,,,,,20,92,0,,,,,,,,,,,,,,,,,,,,,,,
00-0035640,D.Metcalf,DK Metcalf,WR,WR,,PIT,2025,2,REG,,,,,,,,,,,,,,,,,,,,,,,,,,3,6,20,1,,,,,,,,,,,,,,
00-0035659,T.McLaurin,Terry McLaurin,WR,WR,,WAS,2025,2,REG,,,,,,,,,,,,,,,,,,,,,,,,,,5,9,48,0,,,,,,,,,,,,,,
00-0035662,M.Brown,Marquise Brown,WR,WR,,KC,2025,2,REG,,,,,,,,,,,,,,,,,,,,,,,,,,5,5,30,0,,,,,,,,,,,,,,
00-0035676,A.Brown,A.J. Brown,WR,WR,,PHI,2025,2,REG,,,,,,,,,,,,,,,,,,,,,,,,,,5,8,27,0,,,,,,,,,,,,,,
00-0035685,D.Montgomery,David Montgomery,RB,RB,,DET,2025,2,REG,,,,,,,,,,,,,,,,,,11,57,1,,,,,,,,,,,,,,,,,,,,,,,
00-0035689,D.Knox,Dawson Knox,TE,TE,,BUF,2025,2,REG,,,,,,,,,,,,,,,,,,,,,,,,,,2,5,19,0,,,,,,,,,,,,,,
00-0035700,J.Jacobs,Josh Jacobs,RB,RB,,GB,2025,2,REG,,,,,,,,,,,,,,,,,,23,84,1,,,,,,,,,,,,,,,,,,,,,,,
00-0035710,D.Jones,Daniel Jones,QB,QB,,IND,2025,2,REG,,23,34,316,1,0,,,,,,,,,,,,,,,,,,,,,,,,,,,,,,,,,,,,,
00-0035719,D.Samuel,Deebo Samuel Sr.,WR,WR,,WAS,2025,2,REG,,,,,,,,,,,,,,,,,,,,,,,,,,7,8,44,1,,,,,,,,,,,,,,
00-0036040,J.Johnson,Juwan Johnson,TE,TE,,NO,2025,2,REG,,,,,,,,,,,,,,,,,,,,,,,,,,5,9,49,1,,,,,,,,,,,,,,
00-0036158,J.Dobbins,J.K. Dobbins,RB,RB,,DEN,2025,2,REG,,,,,,,,,,,,,,,,,,14,76,1,,,,,,,,,,,,,,,,,,,,,,,
00-0036212,T.Tagovailoa,Tua Tagovailoa,QB,QB,,MIA,2025,2,REG,,26,32,315,2,1,,,,,,,,,,,,,,,,,,,,,,,,,,,,,,,,,,,,,
00-0036223,J.Taylor,Jonathan Taylor,RB,RB,,IND,2025,2,REG,,,,,,,,,,,,,,,,,,25,165,0,,,,,,,,,,,,,,,,,,,,,,,
00-0036252,M.Pittman,Michael Pittman,WR,WR,,IND,2025,2,REG,,,,,,,,,,,,,,,,,,,,,,,,,,4,5,40,0,,,,,,,,,,,,,,
00-0036259,J.Jennings,Jauan Jennings,WR,WR,,SF,2025,2,REG,,,,,,,,,,,,,,,,,,,,,,,,,,5,10,89,1,,,,,,,,,,,,,,
00-0036264,J.Love,Jordan Love,QB,QB,,GB,2025,2,REG,,19,31,292,2,0,,,,,,,,,,,,,,,,,,,,,,,,,,,,,,,,,,,,,
00-0036275,D.Swift,D'Andre Swift,RB,RB,,CHI,2025,2,REG,,,,,,,,,,,,,,,,,,12,63,1,,,,,,,,,,,,,,,,,,,,,,,
00-0036322,J.Jefferson,Justin Jefferson,WR,WR,,MIN,2025,2,REG,,,,,,,,,,,,,,,,,,,,,,,,,,3,6,81,0,,,,,,,,,,,,,,
00-0036355,J.Herbert,Justin Herbert,QB,QB,,LAC,2025,2,REG,,19,27,242,2,0,,,,,,,,,,,,,,,,,,,,,,,,,,,,,,,,,,,,,
00-0036358,C.Lamb,CeeDee Lamb,WR,WR,,DAL,2025,2,REG,,,,,,,,,,,,,,,,,,,,,,,,,,9,11,112,0,,,,,,,,,,,,,,
00-0036389,J.Hurts,Jalen Hurts,QB,QB,,PHI,2025,2,REG,,15,22,101,0,0,,,,,,,,,,,,,,,,,,,,,,,,,,,,,,,,,,,,,
00-0036407,J.Jeudy,Jerry Jeudy,WR,WR,,CLE,2025,2,REG,,,,,,,,,,,,,,,,,,,,,,,,,,4,8,51,0,,,,,,,,,,,,,,
00-0036410,T.Higgins,Tee Higgins,WR,WR,,CIN,2025,2,REG,,,,,,,,,,,,,,,,,,,,,,,,,,3,8,56,1,,,,,,,,,,,,,,
00-0036554,N.Collins,Nico Collins,WR,WR,,HOU,2025,2,REG,,,,,,,,,,,,,,,,,,,,,,,,,,3,9,52,1,,,,,,,,,,,,,,
00-0036555,C.Hubbard,Chuba Hubbard,RB,RB,,CAR,2025,2,REG,,,,,,,,,,,,,,,,,,10,38,0,,,,,,,,,,,,,,,,,,,,,,,
00-0036613,J.Waddle,Jaylen Waddle,WR,WR,,MIA,2025,2,REG,,,,,,,,,,,,,,,,,,,,,,,,,,5,6,68,1,,,,,,,,,,,,,,
00-0036626,D.Brown,Dyami Brown,WR,WR,,JAX,2025,2,REG,,,,,,,,,,,,,,,,,,,,,,,,,,5,7,57,1,,,,,,,,,,,,,,
00-0036637,N.Gray,Noah Gray,TE,TE,,KC,2025,2,REG,,,,,,,,,,,,,,,,,,,,,,,,,,1,5,1,0,,,,,,,,,,,,,,
00-0036875,R.Stevenson,Rhamondre Stevenson,RB,RB,,NE,2025,2,REG,,,,,,,,,,,,,,,,,,11,54,0,,,,,,,,,,,,,,,,,,,,,,,
00-0036900,J.Chase,Ja'Marr Chase,WR,WR,,CIN,2025,2,REG,,,,,,,,,,,,,,,,,,,,,,,,,,14,16,165,1,,,,,,,,,,,,,,
00-0036912,D.Smith,DeVonta Smith,WR,WR,,PHI,2025,2,REG,,,,,,,,,,,,,,,,,,,,,,,,,,4,6,53,0,,,,,,,,,,,,,,
00-0036963,A.St. Brown,Amon-Ra St. Brown,WR,WR,,DET,2025,2,REG,,,,,,,,,,,,,,,,,,,,,,,,,,9,11,115,3,,,,,,,,,,,,,,
00-0036970,K.Pitts,Kyle Pitts,TE,TE,,ATL,2025,2,REG,,,,,,,,,,,,,,,,,,,,,,,,,,4,5,37,0,,,,,,,,,,,,,,
00-0036971,T.Lawrence,Trevor Lawrence,QB,QB,,JAX,2025,2,REG,,24,42,271,3,2,,,,,,,,,,,,,,,,,,,,,,,,,,,,,,,,,,,,,
00-0036972,M.Jones,Mac Jones,QB,QB,,SF,2025,2,REG,,26,39,279,3,0,,,,,,,,,,,,,,,,,,,,,,,,,,,,,,,,,,,,,
00-0036973,T.Etienne,Travis Etienne,RB,RB,,JAX,2025,2,REG,,,,,,,,,,,,,,,,,,14,71,0,,,,,,,,,,,,,,,,,,,,,,,
00-0036997,J.Williams,Javonte Williams,RB,RB,,DAL,2025,2,REG,,,,,,,,,,,,,,,,,,18,97,1,,,,,,,,,,,,,,,,,,,,,,,
00-0037112,J.Tonges,Jake Tonges,TE,TE,,SF,2025,2,REG,,,,,,,,,,,,,,,,,,,,,,,,,,4,5,31,0,,,,,,,,,,,,,,
00-0037197,I.Pacheco,Isiah Pacheco,RB,RB,,KC,2025,2,REG,,,,,,,,,,,,,,,,,,10,22,0,,,,,,,,,,,,,,,,,,,,,,,
00-0037228,J.Warren,Jaylen Warren,RB,RB,,PIT,2025,2,REG,,,,,,,,,,,,,,,,,,14,48,0,,,,,,,,,,,,,,,,,,,,,,,
00-0037239,C.Olave,Chris Olave,WR,WR,,NO,2025,2,REG,,,,,,,,,,,,,,,,,,,,,,,,,,6,10,54,0,,,,,,,,,,,,,,
00-0037247,G.Pickens,George Pickens,WR,WR,,DAL,2025,2,REG,,,,,,,,,,,,,,,,,,,,,,,,,,5,9,68,1,,,,,,,,,,,,,,
00-0037248,J.Cook,James Cook,RB,RB,,BUF,2025,2,REG,,,,,,,,,,,,,,,,,,21,132,2,,,,,,,,,,,,,,,,,,,,,,,
00-0037256,R.White,Rachaad White,RB,RB,,TB,2025,2,REG,,,,,,,,,,,,,,,,,,10,65,1,,,,,,,,,,,,,,,,,,,,,,,
00-0037263,T.Allgeier,Tyler Allgeier,RB,RB,,ATL,2025,2,REG,,,,,,,,,,,,,,,,,,16,76,1,,,,,,,,,,,,,,,,,,,,,,,
00-0037291,J.Nailor,Jalen Nailor,WR,WR,,MIN,2025,2,REG,,,,,,,,,,,,,,,,,,,,,,,,,,3,5,31,0,,,,,,,,,,,,,,
00-0037545,R.Shaheed,Rashid Shaheed,WR,WR,,NO,2025,2,REG,,,,,,,,,,,,,,,,,,,,,,,,,,4,5,52,1,,,,,,,,,,,,,,
00-0037664,A.Pierce,Alec Pierce,WR,WR,,IND,2025,2,REG,,,,,,,,,,,,,,,,,,,,,,,,,,4,5,68,0,,,,,,,,,,,,,,
00-0037740,G.Wilson,Garrett Wilson,WR,WR,,NYJ,2025,2,REG,,,,,,,,,,,,,,,,,,,,,,,,,,4,8,50,0,,,,,,,,,,,,,,
00-0037744,T.McBride,Trey McBride,TE,TE,,ARI,2025,2,REG,,,,,,,,,,,,,,,,,,,,,,,,,,6,7,78,0,,,,,,,,,,,,,,
00-0037809,C.Okonkwo,Chig Okonkwo,TE,TE,,TEN,2025,2,REG,,,,,,,,,,,,,,,,,,,,,,,,,,4,6,35,0,,,,,,,,,,,,,,
00-0037816,R.Doubs,Romeo Doubs,WR,WR,,GB,2025,2,REG,,,,,,,,,,,,,,,,,,,,,,,,,,3,5,28,1,,,,,,,,,,,,,,
00-0037840,K.Williams,Kyren Williams,RB,RB,,LAR,2025,2,REG,,,,,,,,,,,,,,,,,,17,66,0,,,,,,,,,,,,,,,,,,,,,,,
00-0038041,J.Ferguson,Jake Ferguson,TE,TE,,DAL,2025,2,REG,,,,,,,,,,,,,,,,,,,,,,,,,,9,12,78,0,,,,,,,,,,,,,,
00-0038104,T.Thornton,Tyquan Thornton,WR,WR,,KC,2025,2,REG,,,,,,,,,,,,,,,,,,,,,,,,,,2,5,59,1,,,,,,,,,,,,,,
00-0038117,W.Robinson,Wan'Dale Robinson,WR,WR,,NYG,2025,2,REG,,,,,,,,,,,,,,,,,,,,,,,,,,8,10,142,1,,,,,,,,,,,,,,
00-0038120,B.Hall,Breece Hall,RB,RB,,NYJ,2025,2,REG,,,,,,,,,,,,,,,,,,10,29,0,,,,,,,,,,,,,,,,,,,,,,,
00-0038134,K.Walker,Kenneth Walker III,RB,RB,,SEA,2025,2,REG,,,,,,,,,,,,,,,,,,13,105,1,,,,,,,,,,,,,,,,,,,,,,,
00-0038393,D.Wicks,Dontayvion Wicks,WR,WR,,GB,2025,2,REG,,,,,,,,,,,,,,,,,,,,,,,,,,4,6,44,0,,,,,,,,,,,,,,
00-0038542,B.Robinson,Bijan Robinson,RB,RB,,ATL,2025,2,REG,,,,,,,,,,,,,,,,,,22,143,0,,,,,,,,,,,,,,,,,,,,,,,
00-0038543,J.Smith-Njigba,Jaxon Smith-Njigba,WR,WR,,SEA,2025,2,REG,,,,,,,,,,,,,,,,,,,,,,,,,,8,10,103,0,,,,,,,,,,,,,,
00-0038544,Q.Johnston,Quentin Johnston,WR,WR,,LAC,2025,2,REG,,,,,,,,,,,,,,,,,,,,,,,,,,3,7,71,1,,,,,,,,,,,,,,
00-0038563,T.Tucker,Tre Tucker,WR,WR,,LV,2025,2,REG,,,,,,,,,,,,,,,,,,,,,,,,,,3,8,12,0,,,,,,,,,,,,,,
00-0038597,C.Brown,Chase Brown,RB,RB,,CIN,2025,2,REG,,,,,,,,,,,,,,,,,,16,47,0,,,,,,,,,,,,,,,,,,,,,,,
00-0038606,P.Washington,Parker Washington,WR,WR,,JAX,2025,2,REG,,,,,,,,,,,,,,,,,,,,,,,,,,5,5,76,0,,,,,,,,,,,,,,
00-0038619,A.Iosivas,Andrei Iosivas,WR,WR,,CIN,2025,2,REG,,,,,,,,,,,,,,,,,,,,,,,,,,1,5,12,0,,,,,,,,,,,,,,
00-0038840,B.Tremayne,Brycen Tremayne,WR,WR,,CAR,2025,2,REG,,,,,,,,,,,,,,,,,,,,,,,,,,3,5,48,0,,,,,,,,,,,,,,
00-0038933,D.Kincaid,Dalton Kincaid,TE,TE,,BUF,2025,2,REG,,,,,,,,,,,,,,,,,,,,,,,,,,4,6,37,0,,,,,,,,,,,,,,
00-0038935,B.Strange,Brenton Strange,TE,TE,,JAX,2025,2,REG,,,,,,,,,,,,,,,,,,,,,,,,,,3,5,17,0,,,,,,,,,,,,,,
00-0038979,C.Tillman,Cedric Tillman,WR,WR,,CLE,2025,2,REG,,,,,,,,,,,,,,,,,,,,,,,,,,2,7,22,1,,,,,,,,,,,,,,
00-0038996,T.Kraft,Tucker Kraft,TE,TE,,GB,2025,2,REG,,,,,,,,,,,,,,,,,,,,,,,,,,6,7,124,1,,,,,,,,,,,,,,
00-0038997,J.Downs,Josh Downs,WR,WR,,IND,2025,2,REG,,,,,,,,,,,,,,,,,,,,,,,,,,6,8,51,0,,,,,,,,,,,,,,
00-0039040,D.Achane,De'Von Achane,RB,RB,,MIA,2025,2,REG,,,,,,,,,,,,,,,,,,11,30,0,,,,,,,,,,,,,,,,,,,,,,,
00-0039064,Z.Flowers,Zay Flowers,WR,WR,,BAL,2025,2,REG,,,,,,,,,,,,,,,,,,,,,,,,,,7,11,75,0,,,,,,,,,,,,,,
00-0039075,P.Nacua,Puka Nacua,WR,WR,,LAR,2025,2,REG,,,,,,,,,,,,,,,,,,,,,,,,,,8,9,91,0,,,,,,,,,,,,,,
00-0039139,J.Gibbs,Jahmyr Gibbs,RB,RB,,DET,2025,2,REG,,,,,,,,,,,,,,,,,,12,94,1,,,,,,,,,,,,,,,,,,,,,,,
00-0039150,B.Young,Bryce Young,QB,QB,,CAR,2025,2,REG,,35,55,328,3,1,,,,,,,,,,,,,,,,,,,,,,,,,,,,,,,,,,,,,
00-0039163,C.Stroud,C.J. Stroud,QB,QB,,HOU,2025,2,REG,,13,24,207,1,0,,,,,,,,,,,,,,,,,,,,,,,,,,,,,,,,,,,,,
00-0039165,Z.Charbonnet,Zach Charbonnet,RB,RB,,SEA,2025,2,REG,,,,,,,,,,,,,,,,,,15,10,0,,,,,,,,,,,,,,,,,,,,,,,
00-0039337,M.Nabers,Malik Nabers,WR,WR,,NYG,2025,2,REG,,,,,,,,,,,,,,,,,,,,,,,,,,9,13,167,2,,,,,,,,,,,,,,
00-0039338,B.Bowers,Brock Bowers,TE,TE,,LV,2025,2,REG,,,,,,,,,,,,,,,,,,,,,,,,,,5,8,38,0,,,,,,,,,,,,,,
00-0039342,X.Legette,Xavier Legette,WR,WR,,CAR,2025,2,REG,,,,,,,,,,,,,,,,,,,,,,,,,,1,8,-2,0,,,,,,,,,,,,,,
00-0039356,J.Sanders,Ja'Tavion Sanders,TE,TE,,CAR,2025,2,REG,,,,,,,,,,,,,,,,,,,,,,,,,,7,9,54,0,,,,,,,,,,,,,,
00-0039361,B.Irving,Bucky Irving,RB,RB,,TB,2025,2,REG,,,,,,,,,,,,,,,,,,17,71,0,,,,,,,,,,,,,,,,,,,,,,,
00-0039376,S.Rattler,Spencer Rattler,QB,QB,,NO,2025,2,REG,,25,34,207,3,0,,,,,,,,,,,,,,,,,,,,,,,,,,,,,,,,,,,,,
00-0039732,B.Nix,Bo Nix,QB,QB,,DEN,2025,2,REG,,22,30,206,3,1,,,,,,,,,,,,,,,,,,,,,,,,,,,,,,,,,,,,,
00-0039847,T.Johnson,Theo Johnson,TE,TE,,NYG,2025,2,REG,,,,,,,,,,,,,,,,,,,,,,,,,,4,5,34,0,,,,,,,,,,,,,,
00-0039849,M.Harrison,Marvin Harrison Jr.,WR,WR,,ARI,2025,2,REG,,,,,,,,,,,,,,,,,,,,,,,,,,2,5,27,0,,,,,,,,,,,,,,
00-0039851,D.Maye,Drake Maye,QB,QB,,NE,2025,2,REG,,19,23,230,2,0,,,,,,,,,,,,,,,,,,,,,,,,,,,,,,,,,,,,,
00-0039868,T.Franklin,Troy Franklin,WR,WR,,DEN,2025,2,REG,,,,,,,,,,,,,,,,,,,,,,,,,,8,9,89,1,,,,,,,,,,,,,,
00-0039893,B.Thomas,Brian Thomas Jr.,WR,WR,,JAX,2025,2,REG,,,,,,,,,,,,,,,,,,,,,,,,,,4,12,49,0,,,,,,,,,,,,,,
00-0039910,J.Daniels,Jayden Daniels,QB,QB,,WAS,2025,2,REG,,24,42,200,2,0,,,,,,,,,,,,,,,,,,,,,,,,,,,,,,,,,,,,,
00-0039915,L.McConkey,Ladd McConkey,WR,WR,,LAC,2025,2,REG,,,,,,,,,,,,,,,,,,,,,,,,,,5,5,48,0,,,,,,,,,,,,,,
00-0039916,R.Pearsall,Ricky Pearsall,WR,WR,,SF,2025,2,REG,,,,,,,,,,,,,,,,,,,,,,,,,,4,6,56,0,,,,,,,,,,,,,,
00-0039917,M.Penix,Michael Penix Jr.,QB,QB,,ATL,2025,2,REG,,13,21,135,0,0,,,,,,,,,,,,,,,,,,,,,,,,,,,,,,,,,,,,,
00-0039918,C.Williams,Caleb Williams,QB,QB,,CHI,2025,2,REG,,19,30,207,2,1,,,,,,,,,,,,,,,,,,,,,,,,,,,,,,,,,,,,,
00-0039919,R.Odunze,Rome Odunze,WR,WR,,CHI,2025,2,REG,,,,,,,,,,,,,,,,,,,,,,,,,,7,11,128,2,,,,,,,,,,,,,,
00-0039923,J.McCarthy,J.J. McCarthy,QB,QB,,MIN,2025,2,REG,,11,21,158,0,2,,,,,,,,,,,,,,,,,,,,,,,,,,,,,,,,,,,,,
00-0040122,A.Jeanty,Ashton Jeanty,RB,RB,,LV,2025,2,REG,,,,,,,,,,,,,,,,,,11,43,0,,,,,,,,,,,,,,,,,,,,,,,
00-0040124,T.McMillan,Tetairoa McMillan,WR,WR,,CAR,2025,2,REG,,,,,,,,,,,,,,,,,,,,,,,,,,6,10,100,0,,,,,,,,,,,,,,
00-0040128,T.Warren,Tyler Warren,TE,TE,,IND,2025,2,REG,,,,,,,,,,,,,,,,,,,,,,,,,,4,7,79,0,,,,,,,,,,,,,,
00-0040129,E.Egbuka,Emeka Egbuka,WR,WR,,TB,2025,2,REG,,,,,,,,,,,,,,,,,,,,,,,,,,4,7,29,1,,,,,,,,,,,,,,
00-0040170,E.Ayomanor,Elic Ayomanor,WR,WR,,TEN,2025,2,REG,,,,,,,,,,,,,,,,,,,,,,,,,,4,6,56,1,,,,,,,,,,,,,,
00-0040663,H.Fannin,Harold Fannin Jr.,TE,TE,,CLE,2025,2,REG,,,,,,,,,,,,,,,,,,,,,,,,,,5,5,48,0,,,,,,,,,,,,,,
00-0040676,C.Ward,Cam Ward,QB,QB,,TEN,2025,2,REG,,19,33,175,1,0,,,,,,,,,,,,,,,,,,,,,,,,,,,,,,,,,,,,,
00-0040705,C.Dike,Chimere Dike,WR,WR,,TEN,2025,2,REG,,,,,,,,,,,,,,,,,,,,,,,,,,2,5,-1,0,,,,,,,,,,,,,,
00-0040715,C.Skattebo,Cam Skattebo,RB,RB,,NYG,2025,2,REG,,,,,,,,,,,,,,,,,,11,45,1,,,,,,,,,,,,,,,,,,,,,,,
00-0040718,T.Hunter,Travis Hunter,WR,WR,,JAX,2025,2,REG,,,,,,,,,,,,,,,,,,,,,,,,,,3,6,22,0,,,,,,,,,,,,,,
00-0040784,Q.Judkins,Quinshon Judkins,RB,RB,,CLE,2025,2,REG,,,,,,,,,,,,,,,,,,10,61,0,,,,,,,,,,,,,,,,,,,,,,,
00-0023459,A.Rodgers,Aaron Rodgers,QB,QB,,PIT,2025,3,REG,,16,23,139,2,1,,,,,,,,,,,,,,,,,,,,,,,,,,,,,,,,,,,,,
00-0026158,J.Flacco,Joe Flacco,QB,QB,,CLE,2025,3,REG,,21,36,142,0,1,,,,,,,,,,,,,,,,,,,,,,,,,,,,,,,,,,,,,
00-0026498,M.Stafford,Matthew Stafford,QB,QB,,LAR,2025,3,REG,,19,33,196,2,1,,,,,,,,,,,,,,,,,,,,,,,,,,,,,,,,,,,,,
00-0028118,T.Taylor,Tyrod Taylor,QB,QB,,NYJ,2025,3,REG,,26,36,197,2,1,,,,,,,,,,,,,,,,,,,,,,,,,,,,,,,,,,,,,
00-0029263,R.Wilson,Russell Wilson,QB,QB,,NYG,2025,3,REG,,18,32,160,0,2,,,,,,,,,,,,,,,,,,,,,,,,,,,,,,,,,,,,,
00-0030279,K.Allen,Keenan Allen,WR,WR,,LAC,2025,3,REG,,,,,,,,,,,,,,,,,,,,,,,,,,7,11,65,1,,,,,,,,,,,,,,
00-0030506,T.Kelce,Travis Kelce,TE,TE,,KC,2025,3,REG,,,,,,,,,,,,,,,,,,,,,,,,,,4,7,26,0,,,,,,,,,,,,,,
00-0030565,G.Smith,Geno Smith,QB,QB,,LV,2025,3,REG,,19,29,289,3,0,,,,,,,,,,,,,,,,,,,,,,,,,,,,,,,,,,,,,
00-0031236,B.Cooks,Brandin Cooks,WR,WR,,NO,2025,3,REG,,,,,,,,,,,,,,,,,,,,,,,,,,3,5,24,0,,,,,,,,,,,,,,
00-0031381,D.Adams,Davante Adams,WR,WR,,LAR,2025,3,REG,,,,,,,,,,,,,,,,,,,,,,,,,,3,8,56,1,,,,,,,,,,,,,,
00-0031408,M.Evans,Mike Evans,WR,WR,,TB,2025,3,REG,,,,,,,,,,,,,,,,,,,,,,,,,,4,9,33,1,,,,,,,,,,,,,,
00-0032268,M.Mariota,Marcus Mariota,QB,QB,,WAS,2025,3,REG,,15,21,207,1,0,,,,,,,,,,,,,,,,,,,,,,,,,,,,,,,,,,,,,
00-0032385,S.Shepard,Sterling Shepard,WR,WR,,TB,2025,3,REG,,,,,,,,,,,,,,,,,,,,,,,,,,4,5,80,0,,,,,,,,,,,,,,
00-0032764,D.Henry,Derrick Henry,RB,RB,,BAL,2025,3,REG,,,,,,,,,,,,,,,,,,12,50,1,,,,,,,,,,,,,,,,,,,,,,,
00-0032950,C.Wentz,Carson Wentz,QB,QB,,MIN,2025,3,REG,,14,20,173,2,0,,,,,,,,,,,,,,,,,,,,,,,,,,,,,,,,,,,,,
00-0033040,T.Hill,Tyreek Hill,WR,WR,,MIA,2025,3,REG,,,,,,,,,,,,,,,,,,,,,,,,,,5,10,49,1,,,,,,,,,,,,,,
00-0033077,D.Prescott,Dak Prescott,QB,QB,,DAL,2025,3,REG,,31,40,251,1,2,,,,,,,,,,,,,,,,,,,,,,,,,,,,,,,,,,,,,
00-0033090,H.Henry,Hunter Henry,TE,TE,,NE,2025,3,REG,,,,,,,,,,,,,,,,,,,,,,,,,,8,11,90,2,,,,,,,,,,,,,,
00-0033106,J.Goff,Jared Goff,QB,QB,,DET,2025,3,REG,,20,28,202,1,0,,,,,,,,,,,,,,,,,,,,,,,,,,,,,,,,,,,,,
00-0033280,C.McCaffrey,Christian McCaffrey,RB,RB,,SF,2025,3,REG,,,,,,,,,,,,,,,,,,17,52,0,,,,,,,,,,,,,,,,,,,,,,,
00-0033307,K.Bourne,Kendrick Bourne,WR,WR,,SF,2025,3,REG,,,,,,,,,,,,,,,,,,,,,,,,,,4,6,38,0,,,,,,,,,,,,,,
00-0033873,P.Mahomes,Patrick Mahomes,QB,QB,,KC,2025,3,REG,,22,37,224,1,0,,,,,,,,,,,,,,,,,,,,,,,,,,,,,,,,,,,,,
00-0033885,D.Njoku,David Njoku,TE,TE,,CLE,2025,3,REG,,,,,,,,,,,,,,,,,,,,,,,,,,5,7,40,0,,,,,,,,,,,,,,
00-0033906,A.Kamara,Alvin Kamara,RB,RB,,NO,2025,3,REG,,,,,,,,,,,,,,,,,,18,42,0,,,,,,,,,,,,,,,,,,,,,,,
00-0033923,K.Hunt,Kareem Hunt,RB,RB,,KC,2025,3,REG,,,,,,,,,,,,,,,,,,10,34,1,,,,,,,,,,,,,,,,,,,,,,,
00-0034348,C.Sutton,Courtland Sutton,WR,WR,,DEN,2025,3,REG,,,,,,,,,,,,,,,,,,,,,,,,,,6,8,118,1,,,,,,,,,,,,,,
00-0034383,D.Schultz,Dalton Schultz,TE,TE,,HOU,2025,3,REG,,,,,,,,,,,,,,,,,,,,,,,,,,5,6,39,0,,,,,,,,,,,,,,
00-0034407,R.McCloud,Ray-Ray McCloud,WR,WR,,ATL,2025,3,REG,,,,,,,,,,,,,,,,,,,,,,,,,,2,5,20,0,,,,,,,,,,,,,,
00-0034753,M.Andrews,Mark Andrews,TE,TE,,BAL,2025,3,REG,,,,,,,,,,,,,,,,,,,,,,,,,,6,6,91,2,,,,,,,,,,,,,,
00-0034775,C.Kirk,Christian Kirk,WR,WR,,HOU,2025,3,REG,,,,,,,,,,,,,,,,,,,,,,,,,,3,8,25,0,,,,,,,,,,,,,,
00-0034796,L.Jackson,Lamar Jackson,QB,QB,,BAL,2025,3,REG,,21,27,288,3,0,,,,,,,,,,,,,,,,,,,,,,,,,,,,,,,,,,,,,
00-0034827,D.Moore,DJ Moore,WR,WR,,CHI,2025,3,REG,,,,,,,,,,,,,,,,,,,,,,,,,,4,5,21,1,,,,,,,,,,,,,,
00-0034837,C.Ridley,Calvin Ridley,WR,WR,,TEN,2025,3,REG,,,,,,,,,,,,,,,,,,,,,,,,,,1,7,27,0,,,,,,,,,,,,,,
00-0034844,S.Barkley,Saquon Barkley,RB,RB,,PHI,2025,3,REG,,,,,,,,,,,,,,,,,,18,46,0,,,,,,,,,,,,,,,,,,,,,,,
00-0034855,B.Mayfield,Baker Mayfield,QB,QB,,TB,2025,3,REG,,19,29,233,1,0,,,,,,,,,,,,,,,,,,,,,,,,,,,,,,,,,,,,,
00-0034857,J.Allen,Josh Allen,QB,QB,,BUF,2025,3,REG,,22,28,213,3,0,,,,,,,,,,,,,,,,,,,,,,,,,,,,,,,,,,,,,
00-0034869,S.Darnold,Sam Darnold,QB,QB,,SEA,2025,3,REG,,14,18,218,2,0,,,,,,,,,,,,,,,,,,,,,,,,,,,,,,,,,,,,,
00-0035100,J.Browning,Jake Browning,QB,QB,,CIN,2025,3,REG,,19,27,140,1,2,,,,,,,,,,,,,,,,,,,,,,,,,,,,,,,,,,,,,
00-0035228,K.Murray,Kyler Murray,QB,QB,,ARI,2025,3,REG,,22,35,159,1,0,,,,,,,,,,,,,,,,,,,,,,,,,,,,,,,,,,,,,
00-0035229,T.Hockenson,T.J. Hockenson,TE,TE,,MIN,2025,3,REG,,,,,,,,,,,,,,,,,,,,,,,,,,5,6,49,1,,,,,,,,,,,,,,
00-0035261,T.Pollard,Tony Pollard,RB,RB,,TEN,2025,3,REG,,,,,,,,,,,,,,,,,,16,45,1,,,,,,,,,,,,,,,,,,,,,,,
00-0035644,N.Fant,Noah Fant,TE,TE,,CIN,2025,3,REG,,,,,,,,,,,,,,,,,,,,,,,,,,5,5,26,0,,,,,,,,,,,,,,
00-0035662,M.Brown,Marquise Brown,WR,WR,,KC,2025,3,REG,,,,,,,,,,,,,,,,,,,,,,,,,,4,6,42,0,,,,,,,,,,,,,,
00-0035676,A.Brown,A.J. Brown,WR,WR,,PHI,2025,3,REG,,,,,,,,,,,,,,,,,,,,,,,,,,6,10,109,1,,,,,,,,,,,,,,
00-0035685,D.Montgomery,David Montgomery,RB,RB,,DET,2025,3,REG,,,,,,,,,,,,,,,,,,12,151,2,,,,,,,,,,,,,,,,,,,,,,,
00-0035700,J.Jacobs,Josh Jacobs,RB,RB,,GB,2025,3,REG,,,,,,,,,,,,,,,,,,16,30,0,,,,,,,,,,,,,,,,,,,,,,,
00-0035710,D.Jones,Daniel Jones,QB,QB,,IND,2025,3,REG,,18,25,228,1,0,,,,,,,,,,,,,,,,,,,,,,,,,,,,,,,,,,,,,
00-0036040,J.Johnson,Juwan Johnson,TE,TE,,NO,2025,3,REG,,,,,,,,,,,,,,,,,,,,,,,,,,6,8,51,0,,,,,,,,,,,,,,
00-0036139,R.Dowdle,Rico Dowdle,RB,RB,,CAR,2025,3,REG,,,,,,,,,,,,,,,,,,10,30,1,,,,,,,,,,,,,,,,,,,,,,,
00-0036158,J.Dobbins,J.K. Dobbins,RB,RB,,DEN,2025,3,REG,,,,,,,,,,,,,,,,,,11,83,1,,,,,,,,,,,,,,,,,,,,,,,
00-0036212,T.Tagovailoa,Tua Tagovailoa,QB,QB,,MIA,2025,3,REG,,22,34,146,2,1,,,,,,,,,,,,,,,,,,,,,,,,,,,,,,,,,,,,,
00-0036223,J.Taylor,Jonathan Taylor,RB,RB,,IND,2025,3,REG,,,,,,,,,,,,,,,,,,17,102,3,,,,,,,,,,,,,,,,,,,,,,,
00-0036252,M.Pittman,Michael Pittman,WR,WR,,IND,2025,3,REG,,,,,,,,,,,,,,,,,,,,,,,,,,6,6,73,1,,,,,,,,,,,,,,
00-0036264,J.Love,Jordan Love,QB,QB,,GB,2025,3,REG,,18,25,183,1,1,,,,,,,,,,,,,,,,,,,,,,,,,,,,,,,,,,,,,
00-0036275,D.Swift,D'Andre Swift,RB,RB,,CHI,2025,3,REG,,,,,,,,,,,,,,,,,,13,33,0,,,,,,,,,,,,,,,,,,,,,,,
00-0036309,D.Mooney,Darnell Mooney,WR,WR,,ATL,2025,3,REG,,,,,,,,,,,,,,,,,,,,,,,,,,4,11,44,0,,,,,,,,,,,,,,
00-0036322,J.Jefferson,Justin Jefferson,WR,WR,,MIN,2025,3,REG,,,,,,,,,,,,,,,,,,,,,,,,,,5,7,75,0,,,,,,,,,,,,,,
00-0036355,J.Herbert,Justin Herbert,QB,QB,,LAC,2025,3,REG,,28,47,300,1,1,,,,,,,,,,,,,,,,,,,,,,,,,,,,,,,,,,,,,
00-0036389,J.Hurts,Jalen Hurts,QB,QB,,PHI,2025,3,REG,,21,32,226,3,0,,,,,,,,,,,,,,,,,,,,,,,,,,,,,,,,,,,,,
00-0036407,J.Jeudy,Jerry Jeudy,WR,WR,,CLE,2025,3,REG,,,,,,,,,,,,,,,,,,,,,,,,,,1,5,17,0,,,,,,,,,,,,,,
00-0036550,R.Bateman,Rashod Bateman,WR,WR,,BAL,2025,3,REG,,,,,,,,,,,,,,,,,,,,,,,,,,5,7,63,1,,,,,,,,,,,,,,
00-0036554,N.Collins,Nico Collins,WR,WR,,HOU,2025,3,REG,,,,,,,,,,,,,,,,,,,,,,,,,,8,11,104,1,,,,,,,,,,,,,,
00-0036555,C.Hubbard,Chuba Hubbard,RB,RB,,CAR,2025,3,REG,,,,,,,,,,,,,,,,,,17,73,0,,,,,,,,,,,,,,,,,,,,,,,
00-0036613,J.Waddle,Jaylen Waddle,WR,WR,,MIA,2025,3,REG,,,,,,,,,,,,,,,,,,,,,,,,,,5,6,39,1,,,,,,,,,,,,,,
00-0036637,N.Gray,Noah Gray,TE,TE,,KC,2025,3,REG,,,,,,,,,,,,,,,,,,,,,,,,,,3,6,17,0,,,,,,,,,,,,,,
00-0036900,J.Chase,Ja'Marr Chase,WR,WR,,CIN,2025,3,REG,,,,,,,,,,,,,,,,,,,,,,,,,,5,6,50,0,,,,,,,,,,,,,,
00-0036912,D.Smith,DeVonta Smith,WR,WR,,PHI,2025,3,REG,,,,,,,,,,,,,,,,,,,,,,,,,,8,9,60,1,,,,,,,,,,,,,,
00-0036963,A.St. Brown,Amon-Ra St. Brown,WR,WR,,DET,2025,3,REG,,,,,,,,,,,,,,,,,,,,,,,,,,7,8,77,1,,,,,,,,,,,,,,
00-0036970,K.Pitts,Kyle Pitts,TE,TE,,ATL,2025,3,REG,,,,,,,,,,,,,,,,,,,,,,,,,,4,6,39,0,,,,,,,,,,,,,,
00-0036971,T.Lawrence,Trevor Lawrence,QB,QB,,JAX,2025,3,REG,,20,40,222,0,1,,,,,,,,,,,,,,,,,,,,,,,,,,,,,,,,,,,,,
00-0036972,M.Jones,Mac Jones,QB,QB,,SF,2025,3,REG,,27,41,284,1,1,,,,,,,,,,,,,,,,,,,,,,,,,,,,,,,,,,,,,
00-0036973,T.Etienne,Travis Etienne,RB,RB,,JAX,2025,3,REG,,,,,,,,,,,,,,,,,,16,56,1,,,,,,,,,,,,,,,,,,,,,,,
00-0036997,J.Williams,Javonte Williams,RB,RB,,DAL,2025,3,REG,,,,,,,,,,,,,,,,,,10,76,0,,,,,,,,,,,,,,,,,,,,,,,
00-0037197,I.Pacheco,Isiah Pacheco,RB,RB,,KC,2025,3,REG,,,,,,,,,,,,,,,,,,10,45,0,,,,,,,,,,,,,,,,,,,,,,,
00-0037228,J.Warren,Jaylen Warren,RB,RB,,PIT,2025,3,REG,,,,,,,,,,,,,,,,,,18,47,0,,,,,,,,,,,,,,,,,,,,,,,
00-0037238,D.London,Drake London,WR,WR,,ATL,2025,3,REG,,,,,,,,,,,,,,,,,,,,,,,,,,5,8,55,0,,,,,,,,,,,,,,
00-0037239,C.Olave,Chris Olave,WR,WR,,NO,2025,3,REG,,,,,,,,,,,,,,,,,,,,,,,,,,10,14,57,0,,,,,,,,,,,,,,
00-0037247,G.Pickens,George Pickens,WR,WR,,DAL,2025,3,REG,,,,,,,,,,,,,,,,,,,,,,,,,,5,9,68,1,,,,,,,,,,,,,,
00-0037248,J.Cook,James Cook,RB,RB,,BUF,2025,3,REG,,,,,,,,,,,,,,,,,,19,108,1,,,,,,,,,,,,,,,,,,,,,,,
00-0037291,J.Nailor,Jalen Nailor,WR,WR,,MIN,2025,3,REG,,,,,,,,,,,,,,,,,,,,,,,,,,3,5,37,0,,,,,,,,,,,,,,
00-0037525,J.Mason,Jordan Mason,RB,RB,,MIN,2025,3,REG,,,,,,,,,,,,,,,,,,16,116,2,,,,,,,,,,,,,,,,,,,,,,,
00-0037545,R.Shaheed,Rashid Shaheed,WR,WR,,NO,2025,3,REG,,,,,,,,,,,,,,,,,,,,,,,,,,4,6,42,0,,,,,,,,,,,,,,
00-0037664,A.Pierce,Alec Pierce,WR,WR,,IND,2025,3,REG,,,,,,,,,,,,,,,,,,,,,,,,,,4,5,67,0,,,,,,,,,,,,,,
00-0037666,J.Tolbert,Jalen Tolbert,WR,WR,,DAL,2025,3,REG,,,,,,,,,,,,,,,,,,,,,,,,,,3,6,24,0,,,,,,,,,,,,,,
00-0037740,G.Wilson,Garrett Wilson,WR,WR,,NYJ,2025,3,REG,,,,,,,,,,,,,,,,,,,,,,,,,,10,13,84,1,,,,,,,,,,,,,,
00-0037744,T.McBride,Trey McBride,TE,TE,,ARI,2025,3,REG,,,,,,,,,,,,,,,,,,,,,,,,,,5,8,43,1,,,,,,,,,,,,,,
00-0037809,C.Okonkwo,Chig Okonkwo,TE,TE,,TEN,2025,3,REG,,,,,,,,,,,,,,,,,,,,,,,,,,5,6,66,0,,,,,,,,,,,,,,
00-0037837,C.Austin,Calvin Austin III,WR,WR,,PIT,2025,3,REG,,,,,,,,,,,,,,,,,,,,,,,,,,3,5,34,1,,,,,,,,,,,,,,
00-0037840,K.Williams,Kyren Williams,RB,RB,,LAR,2025,3,REG,,,,,,,,,,,,,,,,,,20,94,0,,,,,,,,,,,,,,,,,,,,,,,
00-0038041,J.Ferguson,Jake Ferguson,TE,TE,,DAL,2025,3,REG,,,,,,,,,,,,,,,,,,,,,,,,,,13,14,82,0,,,,,,,,,,,,,,
00-0038104,T.Thornton,Tyquan Thornton,WR,WR,,KC,2025,3,REG,,,,,,,,,,,,,,,,,,,,,,,,,,5,9,71,1,,,,,,,,,,,,,,
00-0038134,K.Walker,Kenneth Walker III,RB,RB,,SEA,2025,3,REG,,,,,,,,,,,,,,,,,,16,38,2,,,,,,,,,,,,,,,,,,,,,,,
00-0038542,B.Robinson,Bijan Robinson,RB,RB,,ATL,2025,3,REG,,,,,,,,,,,,,,,,,,13,72,0,,,,,,,,,,,,,,,,,,,,,,,
00-0038543,J.Smith-Njigba,Jaxon Smith-Njigba,WR,WR,,SEA,2025,3,REG,,,,,,,,,,,,,,,,,,,,,,,,,,5,6,96,1,,,,,,,,,,,,,,
00-0038544,Q.Johnston,Quentin Johnston,WR,WR,,LAC,2025,3,REG,,,,,,,,,,,,,,,,,,,,,,,,,,6,9,89,0,,,,,,,,,,,,,,
00-0038563,T.Tucker,Tre Tucker,WR,WR,,LV,2025,3,REG,,,,,,,,,,,,,,,,,,,,,,,,,,8,9,145,3,,,,,,,,,,,,,,
00-0038597,C.Brown,Chase Brown,RB,RB,,CIN,2025,3,REG,,,,,,,,,,,,,,,,,,10,3,0,,,,,,,,,,,,,,,,,,,,,,,
00-0038606,P.Washington,Parker Washington,WR,WR,,JAX,2025,3,REG,,,,,,,,,,,,,,,,,,,,,,,,,,4,11,34,0,,,,,,,,,,,,,,
00-0038611,C.Rodriguez,Chris Rodriguez Jr.,RB,RB,,WAS,2025,3,REG,,,,,,,,,,,,,,,,,,11,39,0,,,,,,,,,,,,,,,,,,,,,,,
00-0038621,D.Douglas,DeMario Douglas,WR,WR,,NE,2025,3,REG,,,,,,,,,,,,,,,,,,,,,,,,,,2,5,7,0,,,,,,,,,,,,,,
00-0038933,D.Kincaid,Dalton Kincaid,TE,TE,,BUF,2025,3,REG,,,,,,,,,,,,,,,,,,,,,,,,,,5,6,66,1,,,,,,,,,,,,,,
00-0038935,B.Strange,Brenton Strange,TE,TE,,JAX,2025,3,REG,,,,,,,,,,,,,,,,,,,,,,,,,,6,7,61,0,,,,,,,,,,,,,,
00-0039040,D.Achane,De'Von Achane,RB,RB,,MIA,2025,3,REG,,,,,,,,,,,,,,,,,,12,62,0,,,,,,,,,,,,,,,,,,,,,,,
00-0039075,P.Nacua,Puka Nacua,WR,WR,,LAR,2025,3,REG,,,,,,,,,,,,,,,,,,,,,,,,,,11,15,112,0,,,,,,,,,,,,,,
00-0039139,J.Gibbs,Jahmyr Gibbs,RB,RB,,DET,2025,3,REG,,,,,,,,,,,,,,,,,,22,67,2,,,,,,,,,,,,,,,,,,,,,,,
00-0039150,B.Young,Bryce Young,QB,QB,,CAR,2025,3,REG,,16,24,121,0,0,,,,,,,,,,,,,,,,,,,,,,,,,,,,,,,,,,,,,
00-0039163,C.Stroud,C.J. Stroud,QB,QB,,HOU,2025,3,REG,,25,38,204,1,2,,,,,,,,,,,,,,,,,,,,,,,,,,,,,,,,,,,,,
00-0039299,G.Holani,George Holani,RB,RB,,SEA,2025,3,REG,,,,,,,,,,,,,,,,,,10,27,0,,,,,,,,,,,,,,,,,,,,,,,
00-0039337,M.Nabers,Malik Nabers,WR,WR,,NYG,2025,3,REG,,,,,,,,,,,,,,,,,,,,,,,,,,2,7,13,0,,,,,,,,,,,,,,
00-0039338,B.Bowers,Brock Bowers,TE,TE,,LV,2025,3,REG,,,,,,,,,,,,,,,,,,,,,,,,,,4,5,38,0,,,,,,,,,,,,,,
00-0039361,B.Irving,Bucky Irving,RB,RB,,TB,2025,3,REG,,,,,,,,,,,,,,,,,,25,66,0,,,,,,,,,,,,,,,,,,,,,,,
00-0039376,S.Rattler,Spencer Rattler,QB,QB,,NO,2025,3,REG,,28,39,218,1,1,,,,,,,,,,,,,,,,,,,,,,,,,,,,,,,,,,,,,
00-0039732,B.Nix,Bo Nix,QB,QB,,DEN,2025,3,REG,,14,25,153,1,0,,,,,,,,,,,,,,,,,,,,,,,,,,,,,,,,,,,,,
00-0039849,M.Harrison,Marvin Harrison Jr.,WR,WR,,ARI,2025,3,REG,,,,,,,,,,,,,,,,,,,,,,,,,,3,6,44,0,,,,,,,,,,,,,,
00-0039851,D.Maye,Drake Maye,QB,QB,,NE,2025,3,REG,,28,37,268,2,1,,,,,,,,,,,,,,,,,,,,,,,,,,,,,,,,,,,,,
00-0039880,M.Washington,Malik Washington,WR,WR,,MIA,2025,3,REG,,,,,,,,,,,,,,,,,,,,,,,,,,3,5,12,0,,,,,,,,,,,,,,
00-0039893,B.Thomas,Brian Thomas Jr.,WR,WR,,JAX,2025,3,REG,,,,,,,,,,,,,,,,,,,,,,,,,,2,6,55,0,,,,,,,,,,,,,,
00-0039915,L.McConkey,Ladd McConkey,WR,WR,,LAC,2025,3,REG,,,,,,,,,,,,,,,,,,,,,,,,,,4,7,41,0,,,,,,,,,,,,,,
00-0039916,R.Pearsall,Ricky Pearsall,WR,WR,,SF,2025,3,REG,,,,,,,,,,,,,,,,,,,,,,,,,,8,11,117,0,,,,,,,,,,,,,,
00-0039917,M.Penix,Michael Penix Jr.,QB,QB,,ATL,2025,3,REG,,18,36,172,0,2,,,,,,,,,,,,,,,,,,,,,,,,,,,,,,,,,,,,,
00-0039918,C.Williams,Caleb Williams,QB,QB,,CHI,2025,3,REG,,19,28,298,4,0,,,,,,,,,,,,,,,,,,,,,,,,,,,,,,,,,,,,,
00-0039919,R.Odunze,Rome Odunze,WR,WR,,CHI,2025,3,REG,,,,,,,,,,,,,,,,,,,,,,,,,,3,7,62,1,,,,,,,,,,,,,,
00-0039921,T.Benson,Trey Benson,RB,RB,,ARI,2025,3,REG,,,,,,,,,,,,,,,,,,10,42,0,,,,,,,,,,,,,,,,,,,,,,,
00-0040122,A.Jeanty,Ashton Jeanty,RB,RB,,LV,2025,3,REG,,,,,,,,,,,,,,,,,,17,63,0,,,,,,,,,,,,,,,,,,,,,,,
00-0040124,T.McMillan,Tetairoa McMillan,WR,WR,,CAR,2025,3,REG,,,,,,,,,,,,,,,,,,,,,,,,,,3,8,48,0,,,,,,,,,,,,,,
00-0040128,T.Warren,Tyler Warren,TE,TE,,IND,2025,3,REG,,,,,,,,,,,,,,,,,,,,,,,,,,3,5,38,0,,,,,,,,,,,,,,
00-0040129,E.Egbuka,Emeka Egbuka,WR,WR,,TB,2025,3,REG,,,,,,,,,,,,,,,,,,,,,,,,,,6,8,85,0,,,,,,,,,,,,,,
00-0040170,E.Ayomanor,Elic Ayomanor,WR,WR,,TEN,2025,3,REG,,,,,,,,,,,,,,,,,,,,,,,,,,4,5,38,1,,,,,,,,,,,,,,
00-0040189,O.Gadsden,Oronde Gadsden II,TE,TE,,LAC,2025,3,REG,,,,,,,,,,,,,,,,,,,,,,,,,,5,7,46,0,,,,,,,,,,,,,,
00-0040666,O.Hampton,Omarion Hampton,RB,RB,,LAC,2025,3,REG,,,,,,,,,,,,,,,,,,19,70,1,,,,,,,,,,,,,,,,,,,,,,,
00-0040676,C.Ward,Cam Ward,QB,QB,,TEN,2025,3,REG,,23,38,219,1,1,,,,,,,,,,,,,,,,,,,,,,,,,,,,,,,,,,,,,
00-0040715,C.Skattebo,Cam Skattebo,RB,RB,,NYG,2025,3,REG,,,,,,,,,,,,,,,,,,10,60,1,,,,,,,,,,,,,,,,,,,,,,,
00-0040734,T.Henderson,TreVeyon Henderson,RB,RB,,NE,2025,3,REG,,,,,,,,,,,,,,,,,,11,28,0,,,,,,,,,,,,,,,,,,,,,,,
00-0040736,M.Taylor,Mason Taylor,TE,TE,,NYJ,2025,3,REG,,,,,,,,,,,,,,,,,,,,,,,,,,4,6,18,0,,,,,,,,,,,,,,
00-0040784,Q.Judkins,Quinshon Judkins,RB,RB,,CLE,2025,3,REG,,,,,,,,,,,,,,,,,,18,94,1,,,,,,,,,,,,,,,,,,,,,,,
00-0023459,A.Rodgers,Aaron Rodgers,QB,QB,,PIT,2025,4,REG,,18,22,200,1,0,,,,,,,,,,,,,,,,,,,,,,,,,,,,,,,,,,,,,
00-0026158,J.Flacco,Joe Flacco,QB,QB,,CLE,2025,4,REG,,16,34,184,0,2,,,,,,,,,,,,,,,,,,,,,,,,,,,,,,,,,,,,,
00-0026498,M.Stafford,Matthew Stafford,QB,QB,,LAR,2025,4,REG,,29,41,375,3,0,,,,,,,,,,,,,,,,,,,,,,,,,,,,,,,,,,,,,
00-0030279,K.Allen,Keenan Allen,WR,WR,,LAC,2025,4,REG,,,,,,,,,,,,,,,,,,,,,,,,,,5,7,37,0,,,,,,,,,,,,,,
00-0030506,T.Kelce,Travis Kelce,TE,TE,,KC,2025,4,REG,,,,,,,,,,,,,,,,,,,,,,,,,,5,5,48,0,,,,,,,,,,,,,,
00-0030565,G.Smith,Geno Smith,QB,QB,,LV,2025,4,REG,,14,21,117,2,3,,,,,,,,,,,,,,,,,,,,,,,,,,,,,,,,,,,,,
00-0031381,D.Adams,Davante Adams,WR,WR,,LAR,2025,4,REG,,,,,,,,,,,,,,,,,,,,,,,,,,4,6,56,1,,,,,,,,,,,,,,
00-0031588,S.Diggs,Stefon Diggs,WR,WR,,NE,2025,4,REG,,,,,,,,,,,,,,,,,,,,,,,,,,6,7,101,0,,,,,,,,,,,,,,
00-0032268,M.Mariota,Marcus Mariota,QB,QB,,WAS,2025,4,REG,,16,27,156,2,1,,,,,,,,,,,,,,,,,,,,,,,,,,,,,,,,,,,,,
00-0032950,C.Wentz,Carson Wentz,QB,QB,,MIN,2025,4,REG,,30,46,350,2,2,,,,,,,,,,,,,,,,,,,,,,,,,,,,,,,,,,,,,
00-0033040,T.Hill,Tyreek Hill,WR,WR,,MIA,2025,4,REG,,,,,,,,,,,,,,,,,,,,,,,,,,6,6,67,0,,,,,,,,,,,,,,
00-0033077,D.Prescott,Dak Prescott,QB,QB,,DAL,2025,4,REG,,31,40,319,3,0,,,,,,,,,,,,,,,,,,,,,,,,,,,,,,,,,,,,,
00-0033106,J.Goff,Jared Goff,QB,QB,,DET,2025,4,REG,,16,27,168,2,1,,,,,,,,,,,,,,,,,,,,,,,,,,,,,,,,,,,,,
00-0033110,T.Higbee,Tyler Higbee,TE,TE,,LAR,2025,4,REG,,,,,,,,,,,,,,,,,,,,,,,,,,2,5,25,0,,,,,,,,,,,,,,
00-0033280,C.McCaffrey,Christian McCaffrey,RB,RB,,SF,2025,4,REG,,,,,,,,,,,,,,,,,,17,49,0,,,,,,,,,,,,,,,,,,,,,,,
00-0033857,J.Smith-Schuster,JuJu Smith-Schuster,WR,WR,,KC,2025,4,REG,,,,,,,,,,,,,,,,,,,,,,,,,,4,6,36,1,,,,,,,,,,,,,,
00-0033873,P.Mahomes,Patrick Mahomes,QB,QB,,KC,2025,4,REG,,25,37,270,4,0,,,,,,,,,,,,,,,,,,,,,,,,,,,,,,,,,,,,,
00-0033881,E.Engram,Evan Engram,TE,TE,,DEN,2025,4,REG,,,,,,,,,,,,,,,,,,,,,,,,,,4,7,29,0,,,,,,,,,,,,,,
00-0033906,A.Kamara,Alvin Kamara,RB,RB,,NO,2025,4,REG,,,,,,,,,,,,,,,,,,15,70,0,,,,,,,,,,,,,,,,,,,,,,,
00-0033908,C.Kupp,Cooper Kupp,WR,WR,,SEA,2025,4,REG,,,,,,,,,,,,,,,,,,,,,,,,,,4,5,26,0,,,,,,,,,,,,,,
00-0033921,C.Godwin,Chris Godwin Jr.,WR,WR,,TB,2025,4,REG,,,,,,,,,,,,,,,,,,,,,,,,,,3,10,26,0,,,,,,,,,,,,,,
00-0033923,K.Hunt,Kareem Hunt,RB,RB,,KC,2025,4,REG,,,,,,,,,,,,,,,,,,13,34,0,,,,,,,,,,,,,,,,,,,,,,,
00-0034348,C.Sutton,Courtland Sutton,WR,WR,,DEN,2025,4,REG,,,,,,,,,,,,,,,,,,,,,,,,,,5,6,81,1,,,,,,,,,,,,,,
00-0034383,D.Schultz,Dalton Schultz,TE,TE,,HOU,2025,4,REG,,,,,,,,,,,,,,,,,,,,,,,,,,5,6,30,0,,,,,,,,,,,,,,
00-0034753,M.Andrews,Mark Andrews,TE,TE,,BAL,2025,4,REG,,,,,,,,,,,,,,,,,,,,,,,,,,7,8,30,0,,,,,,,,,,,,,,
00-0034791,N.Chubb,Nick Chubb,RB,RB,,HOU,2025,4,REG,,,,,,,,,,,,,,,,,,13,47,0,,,,,,,,,,,,,,,,,,,,,,,
00-0034796,L.Jackson,Lamar Jackson,QB,QB,,BAL,2025,4,REG,,14,20,147,1,1,,,,,,,,,,,,,,,,,,,,,,,,,,,,,,,,,,,,,
00-0034827,D.Moore,DJ Moore,WR,WR,,CHI,2025,4,REG,,,,,,,,,,,,,,,,,,,,,,,,,,4,5,38,0,,,,,,,,,,,,,,
00-0034844,S.Barkley,Saquon Barkley,RB,RB,,PHI,2025,4,REG,,,,,,,,,,,,,,,,,,19,43,1,,,,,,,,,,,,,,,,,,,,,,,
00-0034855,B.Mayfield,Baker Mayfield,QB,QB,,TB,2025,4,REG,,22,40,289,2,1,,,,,,,,,,,,,,,,,,,,,,,,,,,,,,,,,,,,,
00-0034857,J.Allen,Josh Allen,QB,QB,,BUF,2025,4,REG,,16,22,209,2,1,,,,,,,,,,,,,,,,,,,,,,,,,,,,,,,,,,,,,
00-0034869,S.Darnold,Sam Darnold,QB,QB,,SEA,2025,4,REG,,18,26,242,1,0,,,,,,,,,,,,,,,,,,,,,,,,,,,,,,,,,,,,,
00-0034960,J.Meyers,Jakobi Meyers,WR,WR,,LV,2025,4,REG,,,,,,,,,,,,,,,,,,,,,,,,,,4,7,30,0,,,,,,,,,,,,,,
00-0035100,J.Browning,Jake Browning,QB,QB,,CIN,2025,4,REG,,14,25,125,0,0,,,,,,,,,,,,,,,,,,,,,,,,,,,,,,,,,,,,,
00-0035208,O.Zaccheaus,Olamide Zaccheaus,WR,WR,,CHI,2025,4,REG,,,,,,,,,,,,,,,,,,,,,,,,,,5,6,41,0,,,,,,,,,,,,,,
00-0035228,K.Murray,Kyler Murray,QB,QB,,ARI,2025,4,REG,,27,41,200,2,2,,,,,,,,,,,,,,,,,,,,,,,,,,,,,,,,,,,,,
00-0035229,T.Hockenson,T.J. Hockenson,TE,TE,,MIN,2025,4,REG,,,,,,,,,,,,,,,,,,,,,,,,,,4,5,39,0,,,,,,,,,,,,,,
00-0035261,T.Pollard,Tony Pollard,RB,RB,,TEN,2025,4,REG,,,,,,,,,,,,,,,,,,14,64,0,,,,,,,,,,,,,,,,,,,,,,,
00-0035500,G.Dortch,Greg Dortch,WR,WR,,ARI,2025,4,REG,,,,,,,,,,,,,,,,,,,,,,,,,,4,5,35,0,,,,,,,,,,,,,,
00-0035640,D.Metcalf,DK Metcalf,WR,WR,,PIT,2025,4,REG,,,,,,,,,,,,,,,,,,,,,,,,,,5,5,126,1,,,,,,,,,,,,,,
00-0035662,M.Brown,Marquise Brown,WR,WR,,KC,2025,4,REG,,,,,,,,,,,,,,,,,,,,,,,,,,3,5,38,1,,,,,,,,,,,,,,
00-0035676,A.Brown,A.J. Brown,WR,WR,,PHI,2025,4,REG,,,,,,,,,,,,,,,,,,,,,,,,,,2,9,7,0,,,,,,,,,,,,,,
00-0035700,J.Jacobs,Josh Jacobs,RB,RB,,GB,2025,4,REG,,,,,,,,,,,,,,,,,,22,86,2,,,,,,,,,,,,,,,,,,,,,,,
00-0035710,D.Jones,Daniel Jones,QB,QB,,IND,2025,4,REG,,24,33,262,1,2,,,,,,,,,,,,,,,,,,,,,,,,,,,,,,,,,,,,,
00-0035719,D.Samuel,Deebo Samuel Sr.,WR,WR,,WAS,2025,4,REG,,,,,,,,,,,,,,,,,,,,,,,,,,6,6,72,1,,,,,,,,,,,,,,
00-0036158,J.Dobbins,J.K. Dobbins,RB,RB,,DEN,2025,4,REG,,,,,,,,,,,,,,,,,,16,101,0,,,,,,,,,,,,,,,,,,,,,,,
00-0036212,T.Tagovailoa,Tua Tagovailoa,QB,QB,,MIA,2025,4,REG,,17,25,177,2,0,,,,,,,,,,,,,,,,,,,,,,,,,,,,,,,,,,,,,
00-0036223,J.Taylor,Jonathan Taylor,RB,RB,,IND,2025,4,REG,,,,,,,,,,,,,,,,,,17,76,0,,,,,,,,,,,,,,,,,,,,,,,
00-0036252,M.Pittman,Michael Pittman,WR,WR,,IND,2025,4,REG,,,,,,,,,,,,,,,,,,,,,,,,,,5,10,41,1,,,,,,,,,,,,,,
00-0036264,J.Love,Jordan Love,QB,QB,,GB,2025,4,REG,,31,43,337,3,0,,,,,,,,,,,,,,,,,,,,,,,,,,,,,,,,,,,,,
00-0036275,D.Swift,D'Andre Swift,RB,RB,,CHI,2025,4,REG,,,,,,,,,,,,,,,,,,14,38,1,,,,,,,,,,,,,,,,,,,,,,,
00-0036290,C.Kmet,Cole Kmet,TE,TE,,CHI,2025,4,REG,,,,,,,,,,,,,,,,,,,,,,,,,,3,9,46,0,,,,,,,,,,,,,,
00-0036322,J.Jefferson,Justin Jefferson,WR,WR,,MIN,2025,4,REG,,,,,,,,,,,,,,,,,,,,,,,,,,10,11,126,0,,,,,,,,,,,,,,
00-0036355,J.Herbert,Justin Herbert,QB,QB,,LAC,2025,4,REG,,23,41,203,1,2,,,,,,,,,,,,,,,,,,,,,,,,,,,,,,,,,,,,,
00-0036389,J.Hurts,Jalen Hurts,QB,QB,,PHI,2025,4,REG,,15,24,130,2,0,,,,,,,,,,,,,,,,,,,,,,,,,,,,,,,,,,,,,
00-0036407,J.Jeudy,Jerry Jeudy,WR,WR,,CLE,2025,4,REG,,,,,,,,,,,,,,,,,,,,,,,,,,3,9,48,0,,,,,,,,,,,,,,
00-0036410,T.Higgins,Tee Higgins,WR,WR,,CIN,2025,4,REG,,,,,,,,,,,,,,,,,,,,,,,,,,3,6,32,0,,,,,,,,,,,,,,
00-0036554,N.Collins,Nico Collins,WR,WR,,HOU,2025,4,REG,,,,,,,,,,,,,,,,,,,,,,,,,,4,6,79,0,,,,,,,,,,,,,,
00-0036555,C.Hubbard,Chuba Hubbard,RB,RB,,CAR,2025,4,REG,,,,,,,,,,,,,,,,,,10,49,0,,,,,,,,,,,,,,,,,,,,,,,
00-0036613,J.Waddle,Jaylen Waddle,WR,WR,,MIA,2025,4,REG,,,,,,,,,,,,,,,,,,,,,,,,,,3,6,48,0,,,,,,,,,,,,,,
00-0036900,J.Chase,Ja'Marr Chase,WR,WR,,CIN,2025,4,REG,,,,,,,,,,,,,,,,,,,,,,,,,,5,8,23,0,,,,,,,,,,,,,,
00-0036919,K.Gainwell,Kenneth Gainwell,RB,RB,,PIT,2025,4,REG,,,,,,,,,,,,,,,,,,19,99,2,,,,,,,,,,,,,,,,,,,,,,,
00-0036945,J.Fields,Justin Fields,QB,QB,,NYJ,2025,4,REG,,20,27,226,1,0,,,,,,,,,,,,,,,,,,,,,,,,,,,,,,,,,,,,,
00-0036963,A.St. Brown,Amon-Ra St. Brown,WR,WR,,DET,2025,4,REG,,,,,,,,,,,,,,,,,,,,,,,,,,7,7,70,2,,,,,,,,,,,,,,
00-0036970,K.Pitts,Kyle Pitts,TE,TE,,ATL,2025,4,REG,,,,,,,,,,,,,,,,,,,,,,,,,,5,5,70,1,,,,,,,,,,,,,,
00-0036971,T.Lawrence,Trevor Lawrence,QB,QB,,JAX,2025,4,REG,,21,31,174,1,0,,,,,,,,,,,,,,,,,,,,,,,,,,,,,,,,,,,,,
00-0036973,T.Etienne,Travis Etienne,RB,RB,,JAX,2025,4,REG,,,,,,,,,,,,,,,,,,19,124,1,,,,,,,,,,,,,,,,,,,,,,,
00-0036997,J.Williams,Javonte Williams,RB,RB,,DAL,2025,4,REG,,,,,,,,,,,,,,,,,,20,85,1,,,,,,,,,,,,,,,,,,,,,,,
00-0037005,T.Tremble,Tommy Tremble,TE,TE,,CAR,2025,4,REG,,,,,,,,,,,,,,,,,,,,,,,,,,5,8,42,1,,,,,,,,,,,,,,
00-0037112,J.Tonges,Jake Tonges,TE,TE,,SF,2025,4,REG,,,,,,,,,,,,,,,,,,,,,,,,,,3,5,58,1,,,,,,,,,,,,,,
00-0037238,D.London,Drake London,WR,WR,,ATL,2025,4,REG,,,,,,,,,,,,,,,,,,,,,,,,,,8,10,110,1,,,,,,,,,,,,,,
00-0037239,C.Olave,Chris Olave,WR,WR,,NO,2025,4,REG,,,,,,,,,,,,,,,,,,,,,,,,,,3,6,20,1,,,,,,,,,,,,,,
00-0037240,J.Williams,Jameson Williams,WR,WR,,DET,2025,4,REG,,,,,,,,,,,,,,,,,,,,,,,,,,2,8,40,0,,,,,,,,,,,,,,
00-0037247,G.Pickens,George Pickens,WR,WR,,DAL,2025,4,REG,,,,,,,,,,,,,,,,,,,,,,,,,,8,11,134,2,,,,,,,,,,,,,,
00-0037248,J.Cook,James Cook,RB,RB,,BUF,2025,4,REG,,,,,,,,,,,,,,,,,,22,117,1,,,,,,,,,,,,,,,,,,,,,,,
00-0037261,K.Shakir,Khalil Shakir,WR,WR,,BUF,2025,4,REG,,,,,,,,,,,,,,,,,,,,,,,,,,5,5,69,1,,,,,,,,,,,,,,
00-0037263,T.Allgeier,Tyler Allgeier,RB,RB,,ATL,2025,4,REG,,,,,,,,,,,,,,,,,,16,51,1,,,,,,,,,,,,,,,,,,,,,,,
00-0037525,J.Mason,Jordan Mason,RB,RB,,MIN,2025,4,REG,,,,,,,,,,,,,,,,,,16,57,0,,,,,,,,,,,,,,,,,,,,,,,
00-0037545,R.Shaheed,Rashid Shaheed,WR,WR,,NO,2025,4,REG,,,,,,,,,,,,,,,,,,,,,,,,,,4,5,47,0,,,,,,,,,,,,,,
00-0037666,J.Tolbert,Jalen Tolbert,WR,WR,,DAL,2025,4,REG,,,,,,,,,,,,,,,,,,,,,,,,,,4,6,61,0,,,,,,,,,,,,,,
00-0037740,G.Wilson,Garrett Wilson,WR,WR,,NYJ,2025,4,REG,,,,,,,,,,,,,,,,,,,,,,,,,,6,8,82,1,,,,,,,,,,,,,,
00-0037744,T.McBride,Trey McBride,TE,TE,,ARI,2025,4,REG,,,,,,,,,,,,,,,,,,,,,,,,,,7,11,52,0,,,,,,,,,,,,,,
00-0037816,R.Doubs,Romeo Doubs,WR,WR,,GB,2025,4,REG,,,,,,,,,,,,,,,,,,,,,,,,,,6,8,58,3,,,,,,,,,,,,,,
00-0037834,B.Purdy,Brock Purdy,QB,QB,,SF,2025,4,REG,,22,38,309,2,2,,,,,,,,,,,,,,,,,,,,,,,,,,,,,,,,,,,,,
00-0037840,K.Williams,Kyren Williams,RB,RB,,LAR,2025,4,REG,,,,,,,,,,,,,,,,,,13,77,0,,,,,,,,,,,,,,,,,,,,,,,
00-0038041,J.Ferguson,Jake Ferguson,TE,TE,,DAL,2025,4,REG,,,,,,,,,,,,,,,,,,,,,,,,,,7,7,40,1,,,,,,,,,,,,,,
00-0038117,W.Robinson,Wan'Dale Robinson,WR,WR,,NYG,2025,4,REG,,,,,,,,,,,,,,,,,,,,,,,,,,3,5,14,0,,,,,,,,,,,,,,
00-0038120,B.Hall,Breece Hall,RB,RB,,NYJ,2025,4,REG,,,,,,,,,,,,,,,,,,14,81,0,,,,,,,,,,,,,,,,,,,,,,,
00-0038134,K.Walker,Kenneth Walker III,RB,RB,,SEA,2025,4,REG,,,,,,,,,,,,,,,,,,19,81,0,,,,,,,,,,,,,,,,,,,,,,,
00-0038542,B.Robinson,Bijan Robinson,RB,RB,,ATL,2025,4,REG,,,,,,,,,,,,,,,,,,17,75,1,,,,,,,,,,,,,,,,,,,,,,,
00-0038543,J.Smith-Njigba,Jaxon Smith-Njigba,WR,WR,,SEA,2025,4,REG,,,,,,,,,,,,,,,,,,,,,,,,,,4,5,79,0,,,,,,,,,,,,,,
00-0038544,Q.Johnston,Quentin Johnston,WR,WR,,LAC,2025,4,REG,,,,,,,,,,,,,,,,,,,,,,,,,,8,13,98,1,,,,,,,,,,,,,,
00-0038551,K.Miller,Kendre Miller,RB,RB,,NO,2025,4,REG,,,,,,,,,,,,,,,,,,11,65,1,,,,,,,,,,,,,,,,,,,,,,,
00-0038559,Mi.Wilson,Michael Wilson,WR,WR,,ARI,2025,4,REG,,,,,,,,,,,,,,,,,,,,,,,,,,3,6,15,0,,,,,,,,,,,,,,
00-0038597,C.Brown,Chase Brown,RB,RB,,CIN,2025,4,REG,,,,,,,,,,,,,,,,,,10,40,0,,,,,,,,,,,,,,,,,,,,,,,
00-0038935,B.Strange,Brenton Strange,TE,TE,,JAX,2025,4,REG,,,,,,,,,,,,,,,,,,,,,,,,,,6,7,45,0,,,,,,,,,,,,,,
00-0038976,M.Mims,Marvin Mims Jr.,WR,WR,,DEN,2025,4,REG,,,,,,,,,,,,,,,,,,,,,,,,,,6,6,69,0,,,,,,,,,,,,,,
00-0038994,J.Addison,Jordan Addison,WR,WR,,MIN,2025,4,REG,,,,,,,,,,,,,,,,,,,,,,,,,,4,8,114,0,,,,,,,,,,,,,,
00-0038996,T.Kraft,Tucker Kraft,TE,TE,,GB,2025,4,REG,,,,,,,,,,,,,,,,,,,,,,,,,,5,5,56,0,,,,,,,,,,,,,,
00-0038997,J.Downs,Josh Downs,WR,WR,,IND,2025,4,REG,,,,,,,,,,,,,,,,,,,,,,,,,,4,5,24,0,,,,,,,,,,,,,,
00-0039040,D.Achane,De'Von Achane,RB,RB,,MIA,2025,4,REG,,,,,,,,,,,,,,,,,,20,99,1,,,,,,,,,,,,,,,,,,,,,,,
00-0039064,Z.Flowers,Zay Flowers,WR,WR,,BAL,2025,4,REG,,,,,,,,,,,,,,,,,,,,,,,,,,7,8,74,0,,,,,,,,,,,,,,
00-0039075,P.Nacua,Puka Nacua,WR,WR,,LAR,2025,4,REG,,,,,,,,,,,,,,,,,,,,,,,,,,13,15,170,1,,,,,,,,,,,,,,
00-0039139,J.Gibbs,Jahmyr Gibbs,RB,RB,,DET,2025,4,REG,,,,,,,,,,,,,,,,,,15,91,1,,,,,,,,,,,,,,,,,,,,,,,
00-0039150,B.Young,Bryce Young,QB,QB,,CAR,2025,4,REG,,18,30,150,1,0,,,,,,,,,,,,,,,,,,,,,,,,,,,,,,,,,,,,,
00-0039163,C.Stroud,C.J. Stroud,QB,QB,,HOU,2025,4,REG,,22,28,233,2,0,,,,,,,,,,,,,,,,,,,,,,,,,,,,,,,,,,,,,
00-0039165,Z.Charbonnet,Zach Charbonnet,RB,RB,,SEA,2025,4,REG,,,,,,,,,,,,,,,,,,12,39,1,,,,,,,,,,,,,,,,,,,,,,,
00-0039338,B.Bowers,Brock Bowers,TE,TE,,LV,2025,4,REG,,,,,,,,,,,,,,,,,,,,,,,,,,5,6,46,0,,,,,,,,,,,,,,
00-0039361,B.Irving,Bucky Irving,RB,RB,,TB,2025,4,REG,,,,,,,,,,,,,,,,,,15,63,0,,,,,,,,,,,,,,,,,,,,,,,
00-0039376,S.Rattler,Spencer Rattler,QB,QB,,NO,2025,4,REG,,18,27,126,1,0,,,,,,,,,,,,,,,,,,,,,,,,,,,,,,,,,,,,,
00-0039732,B.Nix,Bo Nix,QB,QB,,DEN,2025,4,REG,,29,42,326,2,1,,,,,,,,,,,,,,,,,,,,,,,,,,,,,,,,,,,,,
00-0039847,T.Johnson,Theo Johnson,TE,TE,,NYG,2025,4,REG,,,,,,,,,,,,,,,,,,,,,,,,,,3,5,17,1,,,,,,,,,,,,,,
00-0039849,M.Harrison,Marvin Harrison Jr.,WR,WR,,ARI,2025,4,REG,,,,,,,,,,,,,,,,,,,,,,,,,,6,10,66,1,,,,,,,,,,,,,,
00-0039851,D.Maye,Drake Maye,QB,QB,,NE,2025,4,REG,,14,17,203,2,0,,,,,,,,,,,,,,,,,,,,,,,,,,,,,,,,,,,,,
00-0039868,T.Franklin,Troy Franklin,WR,WR,,DEN,2025,4,REG,,,,,,,,,,,,,,,,,,,,,,,,,,4,8,55,0,,,,,,,,,,,,,,
00-0039893,B.Thomas,Brian Thomas Jr.,WR,WR,,JAX,2025,4,REG,,,,,,,,,,,,,,,,,,,,,,,,,,5,7,49,0,,,,,,,,,,,,,,
00-0039894,X.Worthy,Xavier Worthy,WR,WR,,KC,2025,4,REG,,,,,,,,,,,,,,,,,,,,,,,,,,5,8,83,0,,,,,,,,,,,,,,
00-0039915,L.McConkey,Ladd McConkey,WR,WR,,LAC,2025,4,REG,,,,,,,,,,,,,,,,,,,,,,,,,,1,6,11,0,,,,,,,,,,,,,,
00-0039916,R.Pearsall,Ricky Pearsall,WR,WR,,SF,2025,4,REG,,,,,,,,,,,,,,,,,,,,,,,,,,4,5,46,0,,,,,,,,,,,,,,
00-0039917,M.Penix,Michael Penix Jr.,QB,QB,,ATL,2025,4,REG,,20,26,313,2,1,,,,,,,,,,,,,,,,,,,,,,,,,,,,,,,,,,,,,
00-0039918,C.Williams,Caleb Williams,QB,QB,,CHI,2025,4,REG,,22,37,212,1,1,,,,,,,,,,,,,,,,,,,,,,,,,,,,,,,,,,,,,
00-0039919,R.Odunze,Rome Odunze,WR,WR,,CHI,2025,4,REG,,,,,,,,,,,,,,,,,,,,,,,,,,4,8,69,1,,,,,,,,,,,,,,
00-0040122,A.Jeanty,Ashton Jeanty,RB,RB,,LV,2025,4,REG,,,,,,,,,,,,,,,,,,21,138,1,,,,,,,,,,,,,,,,,,,,,,,
00-0040124,T.McMillan,Tetairoa McMillan,WR,WR,,CAR,2025,4,REG,,,,,,,,,,,,,,,,,,,,,,,,,,4,8,62,0,,,,,,,,,,,,,,
00-0040128,T.Warren,Tyler Warren,TE,TE,,IND,2025,4,REG,,,,,,,,,,,,,,,,,,,,,,,,,,5,6,70,0,,,,,,,,,,,,,,
00-0040129,E.Egbuka,Emeka Egbuka,WR,WR,,TB,2025,4,REG,,,,,,,,,,,,,,,,,,,,,,,,,,4,10,101,1,,,,,,,,,,,,,,
00-0040170,E.Ayomanor,Elic Ayomanor,WR,WR,,TEN,2025,4,REG,,,,,,,,,,,,,,,,,,,,,,,,,,2,7,44,0,,,,,,,,,,,,,,
00-0040583,W.Marks,Woody Marks,RB,RB,,HOU,2025,4,REG,,,,,,,,,,,,,,,,,,17,69,1,,,,,,,,,,,,,,,,,,,,,,,
00-0040663,H.Fannin,Harold Fannin Jr.,TE,TE,,CLE,2025,4,REG,,,,,,,,,,,,,,,,,,,,,,,,,,2,6,24,0,,,,,,,,,,,,,,
00-0040666,O.Hampton,Omarion Hampton,RB,RB,,LAC,2025,4,REG,,,,,,,,,,,,,,,,,,12,128,1,,,,,,,,,,,,,,,,,,,,,,,
00-0040667,M.Golden,Matthew Golden,WR,WR,,GB,2025,4,REG,,,,,,,,,,,,,,,,,,,,,,,,,,5,6,58,0,,,,,,,,,,,,,,
00-0040676,C.Ward,Cam Ward,QB,QB,,TEN,2025,4,REG,,10,26,108,0,1,,,,,,,,,,,,,,,,,,,,,,,,,,,,,,,,,,,,,
00-0040691,J.Dart,Jaxson Dart,QB,QB,,NYG,2025,4,REG,,13,20,111,1,0,,,,,,,,,,,,,,,,,,,,,,,,,,,,,,,,,,,,,
00-0040715,C.Skattebo,Cam Skattebo,RB,RB,,NYG,2025,4,REG,,,,,,,,,,,,,,,,,,25,79,0,,,,,,,,,,,,,,,,,,,,,,,
00-0040718,T.Hunter,Travis Hunter,WR,WR,,JAX,2025,4,REG,,,,,,,,,,,,,,,,,,,,,,,,,,3,5,42,0,,,,,,,,,,,,,,
00-0040730,R.Harvey,RJ Harvey,RB,RB,,DEN,2025,4,REG,,,,,,,,,,,,,,,,,,14,58,0,,,,,,,,,,,,,,,,,,,,,,,
00-0040736,M.Taylor,Mason Taylor,TE,TE,,NYJ,2025,4,REG,,,,,,,,,,,,,,,,,,,,,,,,,,5,7,65,0,,,,,,,,,,,,,,
00-0040782,I.Bond,Isaiah Bond,WR,WR,,CLE,2025,4,REG,,,,,,,,,,,,,,,,,,,,,,,,,,3,6,58,0,,,,,,,,,,,,,,
00-0040784,Q.Judkins,Quinshon Judkins,RB,RB,,CLE,2025,4,REG,,,,,,,,,,,,,,,,,,21,82,1,,,,,,,,,,,,,,,,,,,,,,,
00-0026498,M.Stafford,Matthew Stafford,QB,QB,,LAR,2025,5,REG,,30,47,389,3,0,,,,,,,,,,,,,,,,,,,,,,,,,,,,,,,,,,,,,
00-0030279,K.Allen,Keenan Allen,WR,WR,,LAC,2025,5,REG,,,,,,,,,,,,,,,,,,,,,,,,,,5,9,58,0,,,,,,,,,,,,,,
00-0030506,T.Kelce,Travis Kelce,TE,TE,,KC,2025,5,REG,,,,,,,,,,,,,,,,,,,,,,,,,,7,8,61,1,,,,,,,,,,,,,,
00-0030565,G.Smith,Geno Smith,QB,QB,,LV,2025,5,REG,,25,36,228,0,2,,,,,,,,,,,,,,,,,,,,,,,,,,,,,,,,,,,,,
00-0031381,D.Adams,Davante Adams,WR,WR,,LAR,2025,5,REG,,,,,,,,,,,,,,,,,,,,,,,,,,5,11,88,0,,,,,,,,,,,,,,
00-0031588,S.Diggs,Stefon Diggs,WR,WR,,NE,2025,5,REG,,,,,,,,,,,,,,,,,,,,,,,,,,10,12,146,0,,,,,,,,,,,,,,
00-0031610,D.Waller,Darren Waller,TE,TE,,MIA,2025,5,REG,,,,,,,,,,,,,,,,,,,,,,,,,,5,5,78,1,,,,,,,,,,,,,,
00-0032385,S.Shepard,Sterling Shepard,WR,WR,,TB,2025,5,REG,,,,,,,,,,,,,,,,,,,,,,,,,,4,5,24,1,,,,,,,,,,,,,,
00-0032764,D.Henry,Derrick Henry,RB,RB,,BAL,2025,5,REG,,,,,,,,,,,,,,,,,,15,33,1,,,,,,,,,,,,,,,,,,,,,,,
00-0032775,D.Robinson,Demarcus Robinson,WR,WR,,SF,2025,5,REG,,,,,,,,,,,,,,,,,,,,,,,,,,3,7,39,0,,,,,,,,,,,,,,
00-0032950,C.Wentz,Carson Wentz,QB,QB,,MIN,2025,5,REG,,25,34,236,1,0,,,,,,,,,,,,,,,,,,,,,,,,,,,,,,,,,,,,,
00-0033077,D.Prescott,Dak Prescott,QB,QB,,DAL,2025,5,REG,,18,29,237,4,0,,,,,,,,,,,,,,,,,,,,,,,,,,,,,,,,,,,,,
00-0033106,J.Goff,Jared Goff,QB,QB,,DET,2025,5,REG,,19,23,258,3,0,,,,,,,,,,,,,,,,,,,,,,,,,,,,,,,,,,,,,
00-0033280,C.McCaffrey,Christian McCaffrey,RB,RB,,SF,2025,5,REG,,,,,,,,,,,,,,,,,,22,57,0,,,,,,,,,,,,,,,,,,,,,,,
00-0033307,K.Bourne,Kendrick Bourne,WR,WR,,SF,2025,5,REG,,,,,,,,,,,,,,,,,,,,,,,,,,10,11,142,0,,,,,,,,,,,,,,
00-0033662,C.Rush,Cooper Rush,QB,QB,,BAL,2025,5,REG,,14,20,179,0,3,,,,,,,,,,,,,,,,,,,,,,,,,,,,,,,,,,,,,
00-0033873,P.Mahomes,Patrick Mahomes,QB,QB,,KC,2025,5,REG,,29,41,318,1,1,,,,,,,,,,,,,,,,,,,,,,,,,,,,,,,,,,,,,
00-0033881,E.Engram,Evan Engram,TE,TE,,DEN,2025,5,REG,,,,,,,,,,,,,,,,,,,,,,,,,,4,6,33,1,,,,,,,,,,,,,,
00-0033885,D.Njoku,David Njoku,TE,TE,,CLE,2025,5,REG,,,,,,,,,,,,,,,,,,,,,,,,,,6,9,67,1,,,,,,,,,,,,,,
00-0033908,C.Kupp,Cooper Kupp,WR,WR,,SEA,2025,5,REG,,,,,,,,,,,,,,,,,,,,,,,,,,6,9,59,0,,,,,,,,,,,,,,
00-0034348,C.Sutton,Courtland Sutton,WR,WR,,DEN,2025,5,REG,,,,,,,,,,,,,,,,,,,,,,,,,,8,10,99,0,,,,,,,,,,,,,,
00-0034351,D.Goedert,Dallas Goedert,TE,TE,,PHI,2025,5,REG,,,,,,,,,,,,,,,,,,,,,,,,,,3,9,19,1,,,,,,,,,,,,,,
00-0034383,D.Schultz,Dalton Schultz,TE,TE,,HOU,2025,5,REG,,,,,,,,,,,,,,,,,,,,,,,,,,5,6,60,0,,,,,,,,,,,,,,
00-0034791,N.Chubb,Nick Chubb,RB,RB,,HOU,2025,5,REG,,,,,,,,,,,,,,,,,,11,61,1,,,,,,,,,,,,,,,,,,,,,,,
00-0034829,M.Gesicki,Mike Gesicki,TE,TE,,CIN,2025,5,REG,,,,,,,,,,,,,,,,,,,,,,,,,,2,5,15,0,,,,,,,,,,,,,,
00-0034837,C.Ridley,Calvin Ridley,WR,WR,,TEN,2025,5,REG,,,,,,,,,,,,,,,,,,,,,,,,,,5,10,131,0,,,,,,,,,,,,,,
00-0034855,B.Mayfield,Baker Mayfield,QB,QB,,TB,2025,5,REG,,29,33,379,2,0,,,,,,,,,,,,,,,,,,,,,,,,,,,,,,,,,,,,,
00-0034857,J.Allen,Josh Allen,QB,QB,,BUF,2025,5,REG,,22,31,253,2,1,,,,,,,,,,,,,,,,,,,,,,,,,,,,,,,,,,,,,
00-0034869,S.Darnold,Sam Darnold,QB,QB,,SEA,2025,5,REG,,28,34,341,4,1,,,,,,,,,,,,,,,,,,,,,,,,,,,,,,,,,,,,,
00-0034960,J.Meyers,Jakobi Meyers,WR,WR,,LV,2025,5,REG,,,,,,,,,,,,,,,,,,,,,,,,,,4,6,32,0,,,,,,,,,,,,,,
00-0035021,A.Dulin,Ashton Dulin,WR,WR,,IND,2025,5,REG,,,,,,,,,,,,,,,,,,,,,,,,,,2,5,55,0,,,,,,,,,,,,,,
00-0035100,J.Browning,Jake Browning,QB,QB,,CIN,2025,5,REG,,26,40,251,3,3,,,,,,,,,,,,,,,,,,,,,,,,,,,,,,,,,,,,,
00-0035228,K.Murray,Kyler Murray,QB,QB,,ARI,2025,5,REG,,23,31,220,0,0,,,,,,,,,,,,,,,,,,,,,,,,,,,,,,,,,,,,,
00-0035229,T.Hockenson,T.J. Hockenson,TE,TE,,MIN,2025,5,REG,,,,,,,,,,,,,,,,,,,,,,,,,,6,6,38,0,,,,,,,,,,,,,,
00-0035261,T.Pollard,Tony Pollard,RB,RB,,TEN,2025,5,REG,,,,,,,,,,,,,,,,,,14,67,1,,,,,,,,,,,,,,,,,,,,,,,
00-0035535,D.Slayton,Darius Slayton,WR,WR,,NYG,2025,5,REG,,,,,,,,,,,,,,,,,,,,,,,,,,3,6,31,0,,,,,,,,,,,,,,
00-0035662,M.Brown,Marquise Brown,WR,WR,,KC,2025,5,REG,,,,,,,,,,,,,,,,,,,,,,,,,,4,8,48,0,,,,,,,,,,,,,,
00-0035676,A.Brown,A.J. Brown,WR,WR,,PHI,2025,5,REG,,,,,,,,,,,,,,,,,,,,,,,,,,5,8,43,0,,,,,,,,,,,,,,
00-0035685,D.Montgomery,David Montgomery,RB,RB,,DET,2025,5,REG,,,,,,,,,,,,,,,,,,18,65,1,,,,,,,,,,,,,,,,,,,,,,,
00-0035710,D.Jones,Daniel Jones,QB,QB,,IND,2025,5,REG,,20,29,212,2,0,,,,,,,,,,,,,,,,,,,,,,,,,,,,,,,,,,,,,
00-0035719,D.Samuel,Deebo Samuel Sr.,WR,WR,,WAS,2025,5,REG,,,,,,,,,,,,,,,,,,,,,,,,,,8,11,96,1,,,,,,,,,,,,,,
00-0036139,R.Dowdle,Rico Dowdle,RB,RB,,CAR,2025,5,REG,,,,,,,,,,,,,,,,,,23,206,1,,,,,,,,,,,,,,,,,,,,,,,
00-0036158,J.Dobbins,J.K. Dobbins,RB,RB,,DEN,2025,5,REG,,,,,,,,,,,,,,,,,,20,79,1,,,,,,,,,,,,,,,,,,,,,,,
00-0036212,T.Tagovailoa,Tua Tagovailoa,QB,QB,,MIA,2025,5,REG,,27,36,256,3,0,,,,,,,,,,,,,,,,,,,,,,,,,,,,,,,,,,,,,
00-0036223,J.Taylor,Jonathan Taylor,RB,RB,,IND,2025,5,REG,,,,,,,,,,,,,,,,,,17,66,3,,,,,,,,,,,,,,,,,,,,,,,
00-0036252,M.Pittman,Michael Pittman,WR,WR,,IND,2025,5,REG,,,,,,,,,,,,,,,,,,,,,,,,,,5,6,39,1,,,,,,,,,,,,,,
00-0036322,J.Jefferson,Justin Jefferson,WR,WR,,MIN,2025,5,REG,,,,,,,,,,,,,,,,,,,,,,,,,,7,11,123,0,,,,,,,,,,,,,,
00-0036355,J.Herbert,Justin Herbert,QB,QB,,LAC,2025,5,REG,,22,29,166,1,1,,,,,,,,,,,,,,,,,,,,,,,,,,,,,,,,,,,,,
00-0036389,J.Hurts,Jalen Hurts,QB,QB,,PHI,2025,5,REG,,23,38,280,2,0,,,,,,,,,,,,,,,,,,,,,,,,,,,,,,,,,,,,,
00-0036407,J.Jeudy,Jerry Jeudy,WR,WR,,CLE,2025,5,REG,,,,,,,,,,,,,,,,,,,,,,,,,,2,5,15,0,,,,,,,,,,,,,,
00-0036410,T.Higgins,Tee Higgins,WR,WR,,CIN,2025,5,REG,,,,,,,,,,,,,,,,,,,,,,,,,,3,7,22,1,,,,,,,,,,,,,,
00-0036423,A.Okwuegbunam,Albert Okwuegbunam,TE,TE,,LV,2025,5,REG,,,,,,,,,,,,,,,,,,,,,,,,,,5,6,36,0,,,,,,,,,,,,,,
00-0036554,N.Collins,Nico Collins,WR,WR,,HOU,2025,5,REG,,,,,,,,,,,,,,,,,,,,,,,,,,4,5,52,1,,,,,,,,,,,,,,
00-0036613,J.Waddle,Jaylen Waddle,WR,WR,,MIA,2025,5,REG,,,,,,,,,,,,,,,,,,,,,,,,,,6,9,110,1,,,,,,,,,,,,,,
00-0036900,J.Chase,Ja'Marr Chase,WR,WR,,CIN,2025,5,REG,,,,,,,,,,,,,,,,,,,,,,,,,,6,10,110,2,,,,,,,,,,,,,,
00-0036912,D.Smith,DeVonta Smith,WR,WR,,PHI,2025,5,REG,,,,,,,,,,,,,,,,,,,,,,,,,,8,10,114,0,,,,,,,,,,,,,,
00-0036924,M.Carter,Michael Carter,RB,RB,,ARI,2025,5,REG,,,,,,,,,,,,,,,,,,18,51,1,,,,,,,,,,,,,,,,,,,,,,,
00-0036945,J.Fields,Justin Fields,QB,QB,,NYJ,2025,5,REG,,32,46,283,2,0,,,,,,,,,,,,,,,,,,,,,,,,,,,,,,,,,,,,,
00-0036963,A.St. Brown,Amon-Ra St. Brown,WR,WR,,DET,2025,5,REG,,,,,,,,,,,,,,,,,,,,,,,,,,8,9,100,0,,,,,,,,,,,,,,
00-0036971,T.Lawrence,Trevor Lawrence,QB,QB,,JAX,2025,5,REG,,18,25,221,1,1,,,,,,,,,,,,,,,,,,,,,,,,,,,,,,,,,,,,,
00-0036972,M.Jones,Mac Jones,QB,QB,,SF,2025,5,REG,,33,49,342,2,0,,,,,,,,,,,,,,,,,,,,,,,,,,,,,,,,,,,,,
00-0036973,T.Etienne,Travis Etienne,RB,RB,,JAX,2025,5,REG,,,,,,,,,,,,,,,,,,12,49,0,,,,,,,,,,,,,,,,,,,,,,,
00-0036997,J.Williams,Javonte Williams,RB,RB,,DAL,2025,5,REG,,,,,,,,,,,,,,,,,,16,135,1,,,,,,,,,,,,,,,,,,,,,,,
00-0037112,J.Tonges,Jake Tonges,TE,TE,,SF,2025,5,REG,,,,,,,,,,,,,,,,,,,,,,,,,,7,11,41,1,,,,,,,,,,,,,,
00-0037239,C.Olave,Chris Olave,WR,WR,,NO,2025,5,REG,,,,,,,,,,,,,,,,,,,,,,,,,,7,11,59,0,,,,,,,,,,,,,,
00-0037248,J.Cook,James Cook,RB,RB,,BUF,2025,5,REG,,,,,,,,,,,,,,,,,,15,49,0,,,,,,,,,,,,,,,,,,,,,,,
00-0037256,R.White,Rachaad White,RB,RB,,TB,2025,5,REG,,,,,,,,,,,,,,,,,,14,41,2,,,,,,,,,,,,,,,,,,,,,,,
00-0037261,K.Shakir,Khalil Shakir,WR,WR,,BUF,2025,5,REG,,,,,,,,,,,,,,,,,,,,,,,,,,6,9,45,0,,,,,,,,,,,,,,
00-0037525,J.Mason,Jordan Mason,RB,RB,,MIN,2025,5,REG,,,,,,,,,,,,,,,,,,13,52,1,,,,,,,,,,,,,,,,,,,,,,,
00-0037545,R.Shaheed,Rashid Shaheed,WR,WR,,NO,2025,5,REG,,,,,,,,,,,,,,,,,,,,,,,,,,4,5,114,1,,,,,,,,,,,,,,
00-0037740,G.Wilson,Garrett Wilson,WR,WR,,NYJ,2025,5,REG,,,,,,,,,,,,,,,,,,,,,,,,,,6,10,71,1,,,,,,,,,,,,,,
00-0037744,T.McBride,Trey McBride,TE,TE,,ARI,2025,5,REG,,,,,,,,,,,,,,,,,,,,,,,,,,5,7,41,0,,,,,,,,,,,,,,
00-0037809,C.Okonkwo,Chig Okonkwo,TE,TE,,TEN,2025,5,REG,,,,,,,,,,,,,,,,,,,,,,,,,,4,5,48,0,,,,,,,,,,,,,,
00-0037840,K.Williams,Kyren Williams,RB,RB,,LAR,2025,5,REG,,,,,,,,,,,,,,,,,,14,65,0,,,,,,,,,,,,,,,,,,,,,,,
00-0038041,J.Ferguson,Jake Ferguson,TE,TE,,DAL,2025,5,REG,,,,,,,,,,,,,,,,,,,,,,,,,,7,9,49,2,,,,,,,,,,,,,,
00-0038104,T.Thornton,Tyquan Thornton,WR,WR,,KC,2025,5,REG,,,,,,,,,,,,,,,,,,,,,,,,,,3,5,90,0,,,,,,,,,,,,,,
00-0038117,W.Robinson,Wan'Dale Robinson,WR,WR,,NYG,2025,5,REG,,,,,,,,,,,,,,,,,,,,,,,,,,5,7,30,0,,,,,,,,,,,,,,
00-0038120,B.Hall,Breece Hall,RB,RB,,NYJ,2025,5,REG,,,,,,,,,,,,,,,,,,14,113,0,,,,,,,,,,,,,,,,,,,,,,,
00-0038129,C.Otton,Cade Otton,TE,TE,,TB,2025,5,REG,,,,,,,,,,,,,,,,,,,,,,,,,,4,5,81,0,,,,,,,,,,,,,,
00-0038134,K.Walker,Kenneth Walker III,RB,RB,,SEA,2025,5,REG,,,,,,,,,,,,,,,,,,10,86,0,,,,,,,,,,,,,,,,,,,,,,,
00-0038543,J.Smith-Njigba,Jaxon Smith-Njigba,WR,WR,,SEA,2025,5,REG,,,,,,,,,,,,,,,,,,,,,,,,,,8,9,132,1,,,,,,,,,,,,,,
00-0038551,K.Miller,Kendre Miller,RB,RB,,NO,2025,5,REG,,,,,,,,,,,,,,,,,,10,41,0,,,,,,,,,,,,,,,,,,,,,,,
00-0038563,T.Tucker,Tre Tucker,WR,WR,,LV,2025,5,REG,,,,,,,,,,,,,,,,,,,,,,,,,,4,6,62,0,,,,,,,,,,,,,,
00-0038619,A.Iosivas,Andrei Iosivas,WR,WR,,CIN,2025,5,REG,,,,,,,,,,,,,,,,,,,,,,,,,,5,7,82,0,,,,,,,,,,,,,,
00-0038720,J.Hill,Julian Hill,TE,TE,,MIA,2025,5,REG,,,,,,,,,,,,,,,,,,,,,,,,,,4,5,22,0,,,,,,,,,,,,,,
00-0038933,D.Kincaid,Dalton Kincaid,TE,TE,,BUF,2025,5,REG,,,,,,,,,,,,,,,,,,,,,,,,,,6,6,108,0,,,,,,,,,,,,,,
00-0038976,M.Mims,Marvin Mims Jr.,WR,WR,,DEN,2025,5,REG,,,,,,,,,,,,,,,,,,,,,,,,,,2,5,10,0,,,,,,,,,,,,,,
00-0038994,J.Addison,Jordan Addison,WR,WR,,MIN,2025,5,REG,,,,,,,,,,,,,,,,,,,,,,,,,,5,6,41,1,,,,,,,,,,,,,,
00-0038997,J.Downs,Josh Downs,WR,WR,,IND,2025,5,REG,,,,,,,,,,,,,,,,,,,,,,,,,,6,8,54,0,,,,,,,,,,,,,,
00-0039040,D.Achane,De'Von Achane,RB,RB,,MIA,2025,5,REG,,,,,,,,,,,,,,,,,,10,16,0,,,,,,,,,,,,,,,,,,,,,,,
00-0039064,Z.Flowers,Zay Flowers,WR,WR,,BAL,2025,5,REG,,,,,,,,,,,,,,,,,,,,,,,,,,5,5,72,0,,,,,,,,,,,,,,
00-0039065,S.LaPorta,Sam LaPorta,TE,TE,,DET,2025,5,REG,,,,,,,,,,,,,,,,,,,,,,,,,,5,6,92,1,,,,,,,,,,,,,,
00-0039075,P.Nacua,Puka Nacua,WR,WR,,LAR,2025,5,REG,,,,,,,,,,,,,,,,,,,,,,,,,,10,12,85,1,,,,,,,,,,,,,,
00-0039139,J.Gibbs,Jahmyr Gibbs,RB,RB,,DET,2025,5,REG,,,,,,,,,,,,,,,,,,12,54,0,,,,,,,,,,,,,,,,,,,,,,,
00-0039150,B.Young,Bryce Young,QB,QB,,CAR,2025,5,REG,,19,30,198,2,1,,,,,,,,,,,,,,,,,,,,,,,,,,,,,,,,,,,,,
00-0039163,C.Stroud,C.J. Stroud,QB,QB,,HOU,2025,5,REG,,23,27,244,4,0,,,,,,,,,,,,,,,,,,,,,,,,,,,,,,,,,,,,,
00-0039376,S.Rattler,Spencer Rattler,QB,QB,,NO,2025,5,REG,,21,31,225,1,0,,,,,,,,,,,,,,,,,,,,,,,,,,,,,,,,,,,,,
00-0039410,R.Flournoy,Ryan Flournoy,WR,WR,,DAL,2025,5,REG,,,,,,,,,,,,,,,,,,,,,,,,,,6,9,114,0,,,,,,,,,,,,,,
00-0039732,B.Nix,Bo Nix,QB,QB,,DEN,2025,5,REG,,24,39,242,1,0,,,,,,,,,,,,,,,,,,,,,,,,,,,,,,,,,,,,,
00-0039793,A.Barner,AJ Barner,TE,TE,,SEA,2025,5,REG,,,,,,,,,,,,,,,,,,,,,,,,,,7,7,53,2,,,,,,,,,,,,,,
00-0039847,T.Johnson,Theo Johnson,TE,TE,,NYG,2025,5,REG,,,,,,,,,,,,,,,,,,,,,,,,,,6,7,33,2,,,,,,,,,,,,,,
00-0039849,M.Harrison,Marvin Harrison Jr.,WR,WR,,ARI,2025,5,REG,,,,,,,,,,,,,,,,,,,,,,,,,,4,5,98,0,,,,,,,,,,,,,,
00-0039851,D.Maye,Drake Maye,QB,QB,,NE,2025,5,REG,,22,30,273,0,0,,,,,,,,,,,,,,,,,,,,,,,,,,,,,,,,,,,,,
00-0039868,T.Franklin,Troy Franklin,WR,WR,,DEN,2025,5,REG,,,,,,,,,,,,,,,,,,,,,,,,,,3,5,35,0,,,,,,,,,,,,,,
00-0039880,M.Washington,Malik Washington,WR,WR,,MIA,2025,5,REG,,,,,,,,,,,,,,,,,,,,,,,,,,4,5,0,0,,,,,,,,,,,,,,
00-0039893,B.Thomas,Brian Thomas Jr.,WR,WR,,JAX,2025,5,REG,,,,,,,,,,,,,,,,,,,,,,,,,,4,6,80,0,,,,,,,,,,,,,,
00-0039894,X.Worthy,Xavier Worthy,WR,WR,,KC,2025,5,REG,,,,,,,,,,,,,,,,,,,,,,,,,,6,9,42,0,,,,,,,,,,,,,,
00-0039901,K.Coleman,Keon Coleman,WR,WR,,BUF,2025,5,REG,,,,,,,,,,,,,,,,,,,,,,,,,,4,7,23,1,,,,,,,,,,,,,,
00-0039910,J.Daniels,Jayden Daniels,QB,QB,,WAS,2025,5,REG,,15,26,231,1,0,,,,,,,,,,,,,,,,,,,,,,,,,,,,,,,,,,,,,
00-0039915,L.McConkey,Ladd McConkey,WR,WR,,LAC,2025,5,REG,,,,,,,,,,,,,,,,,,,,,,,,,,5,7,39,1,,,,,,,,,,,,,,
00-0040122,A.Jeanty,Ashton Jeanty,RB,RB,,LV,2025,5,REG,,,,,,,,,,,,,,,,,,14,67,0,,,,,,,,,,,,,,,,,,,,,,,
00-0040124,T.McMillan,Tetairoa McMillan,WR,WR,,CAR,2025,5,REG,,,,,,,,,,,,,,,,,,,,,,,,,,6,8,73,0,,,,,,,,,,,,,,
00-0040129,E.Egbuka,Emeka Egbuka,WR,WR,,TB,2025,5,REG,,,,,,,,,,,,,,,,,,,,,,,,,,7,7,163,1,,,,,,,,,,,,,,
00-0040242,J.Croskey-Merritt,Jacory Croskey-Merritt,RB,RB,,WAS,2025,5,REG,,,,,,,,,,,,,,,,,,14,111,2,,,,,,,,,,,,,,,,,,,,,,,
00-0040584,G.Helm,Gunnar Helm,TE,TE,,TEN,2025,5,REG,,,,,,,,,,,,,,,,,,,,,,,,,,4,5,34,0,,,,,,,,,,,,,,
00-0040666,O.Hampton,Omarion Hampton,RB,RB,,LAC,2025,5,REG,,,,,,,,,,,,,,,,,,12,44,0,,,,,,,,,,,,,,,,,,,,,,,
00-0040676,C.Ward,Cam Ward,QB,QB,,TEN,2025,5,REG,,21,39,265,0,1,,,,,,,,,,,,,,,,,,,,,,,,,,,,,,,,,,,,,
00-0040691,J.Dart,Jaxson Dart,QB,QB,,NYG,2025,5,REG,,26,40,202,2,2,,,,,,,,,,,,,,,,,,,,,,,,,,,,,,,,,,,,,
00-0040704,D.Gabriel,Dillon Gabriel,QB,QB,,CLE,2025,5,REG,,19,33,190,2,0,,,,,,,,,,,,,,,,,,,,,,,,,,,,,,,,,,,,,
00-0040705,C.Dike,Chimere Dike,WR,WR,,TEN,2025,5,REG,,,,,,,,,,,,,,,,,,,,,,,,,,2,5,17,0,,,,,,,,,,,,,,
00-0040715,C.Skattebo,Cam Skattebo,RB,RB,,NYG,2025,5,REG,,,,,,,,,,,,,,,,,,15,59,0,,,,,,,,,,,,,,,,,,,,,,,
00-0040729,J.Bech,Jack Bech,WR,WR,,LV,2025,5,REG,,,,,,,,,,,,,,,,,,,,,,,,,,3,5,27,0,,,,,,,,,,,,,,
00-0040736,M.Taylor,Mason Taylor,TE,TE,,NYJ,2025,5,REG,,,,,,,,,,,,,,,,,,,,,,,,,,9,12,67,0,,,,,,,,,,,,,,
00-0040782,I.Bond,Isaiah Bond,WR,WR,,CLE,2025,5,REG,,,,,,,,,,,,,,,,,,,,,,,,,,2,7,29,0,,,,,,,,,,,,,,
00-0040784,Q.Judkins,Quinshon Judkins,RB,RB,,CLE,2025,5,REG,,,,,,,,,,,,,,,,,,23,110,0,,,,,,,,,,,,,,,,,,,,,,,
00-0023459,A.Rodgers,Aaron Rodgers,QB,QB,,PIT,2025,6,REG,,21,30,235,2,0,,,,,,,,,,,,,,,,,,,,,,,,,,,,,,,,,,,,,
00-0026158,J.Flacco,Joe Flacco,QB,QB,,CIN,2025,6,REG,,29,45,219,2,0,,,,,,,,,,,,,,,,,,,,,,,,,,,,,,,,,,,,,
00-0026498,M.Stafford,Matthew Stafford,QB,QB,,LAR,2025,6,REG,,17,26,181,1,0,,,,,,,,,,,,,,,,,,,,,,,,,,,,,,,,,,,,,
00-0030061,Z.Ertz,Zach Ertz,TE,TE,,WAS,2025,6,REG,,,,,,,,,,,,,,,,,,,,,,,,,,6,6,43,1,,,,,,,,,,,,,,
00-0030279,K.Allen,Keenan Allen,WR,WR,,LAC,2025,6,REG,,,,,,,,,,,,,,,,,,,,,,,,,,4,7,27,0,,,,,,,,,,,,,,
00-0030506,T.Kelce,Travis Kelce,TE,TE,,KC,2025,6,REG,,,,,,,,,,,,,,,,,,,,,,,,,,6,7,78,0,,,,,,,,,,,,,,
00-0030565,G.Smith,Geno Smith,QB,QB,,LV,2025,6,REG,,17,23,174,1,1,,,,,,,,,,,,,,,,,,,,,,,,,,,,,,,,,,,,,
00-0031381,D.Adams,Davante Adams,WR,WR,,LAR,2025,6,REG,,,,,,,,,,,,,,,,,,,,,,,,,,4,9,39,0,,,,,,,,,,,,,,
00-0032398,C.Moore,Chris Moore,WR,WR,,WAS,2025,6,REG,,,,,,,,,,,,,,,,,,,,,,,,,,3,5,46,1,,,,,,,,,,,,,,
00-0032764,D.Henry,Derrick Henry,RB,RB,,BAL,2025,6,REG,,,,,,,,,,,,,,,,,,24,122,0,,,,,,,,,,,,,,,,,,,,,,,
00-0033077,D.Prescott,Dak Prescott,QB,QB,,DAL,2025,6,REG,,25,34,261,3,0,,,,,,,,,,,,,,,,,,,,,,,,,,,,,,,,,,,,,
00-0033106,J.Goff,Jared Goff,QB,QB,,DET,2025,6,REG,,23,29,203,2,0,,,,,,,,,,,,,,,,,,,,,,,,,,,,,,,,,,,,,
00-0033119,J.Brissett,Jacoby Brissett,QB,QB,,ARI,2025,6,REG,,27,44,320,2,1,,,,,,,,,,,,,,,,,,,,,,,,,,,,,,,,,,,,,
00-0033280,C.McCaffrey,Christian McCaffrey,RB,RB,,SF,2025,6,REG,,,,,,,,,,,,,,,,,,17,54,1,,,,,,,,,,,,,,,,,,,,,,,
00-0033307,K.Bourne,Kendrick Bourne,WR,WR,,SF,2025,6,REG,,,,,,,,,,,,,,,,,,,,,,,,,,5,9,142,0,,,,,,,,,,,,,,
00-0033662,C.Rush,Cooper Rush,QB,QB,,BAL,2025,6,REG,,11,19,72,0,1,,,,,,,,,,,,,,,,,,,,,,,,,,,,,,,,,,,,,
00-0033873,P.Mahomes,Patrick Mahomes,QB,QB,,KC,2025,6,REG,,22,30,257,3,0,,,,,,,,,,,,,,,,,,,,,,,,,,,,,,,,,,,,,
00-0033881,E.Engram,Evan Engram,TE,TE,,DEN,2025,6,REG,,,,,,,,,,,,,,,,,,,,,,,,,,5,6,42,0,,,,,,,,,,,,,,
00-0033885,D.Njoku,David Njoku,TE,TE,,CLE,2025,6,REG,,,,,,,,,,,,,,,,,,,,,,,,,,3,6,28,0,,,,,,,,,,,,,,
00-0033891,Z.Jones,Zay Jones,WR,WR,,ARI,2025,6,REG,,,,,,,,,,,,,,,,,,,,,,,,,,5,8,79,0,,,,,,,,,,,,,,
00-0033906,A.Kamara,Alvin Kamara,RB,RB,,NO,2025,6,REG,,,,,,,,,,,,,,,,,,10,31,0,,,,,,,,,,,,,,,,,,,,,,,
00-0034351,D.Goedert,Dallas Goedert,TE,TE,,PHI,2025,6,REG,,,,,,,,,,,,,,,,,,,,,,,,,,9,11,110,1,,,,,,,,,,,,,,
00-0034613,T.Hudson,Tanner Hudson,TE,TE,,CIN,2025,6,REG,,,,,,,,,,,,,,,,,,,,,,,,,,4,5,10,1,,,,,,,,,,,,,,
00-0034753,M.Andrews,Mark Andrews,TE,TE,,BAL,2025,6,REG,,,,,,,,,,,,,,,,,,,,,,,,,,4,6,24,0,,,,,,,,,,,,,,
00-0034827,D.Moore,DJ Moore,WR,WR,,CHI,2025,6,REG,,,,,,,,,,,,,,,,,,,,,,,,,,3,5,42,0,,,,,,,,,,,,,,
00-0034844,S.Barkley,Saquon Barkley,RB,RB,,PHI,2025,6,REG,,,,,,,,,,,,,,,,,,12,58,0,,,,,,,,,,,,,,,,,,,,,,,
00-0034855,B.Mayfield,Baker Mayfield,QB,QB,,TB,2025,6,REG,,17,23,256,2,0,,,,,,,,,,,,,,,,,,,,,,,,,,,,,,,,,,,,,
00-0034857,J.Allen,Josh Allen,QB,QB,,BUF,2025,6,REG,,15,26,180,2,2,,,,,,,,,,,,,,,,,,,,,,,,,,,,,,,,,,,,,
00-0034869,S.Darnold,Sam Darnold,QB,QB,,SEA,2025,6,REG,,16,27,295,2,0,,,,,,,,,,,,,,,,,,,,,,,,,,,,,,,,,,,,,
00-0035208,O.Zaccheaus,Olamide Zaccheaus,WR,WR,,CHI,2025,6,REG,,,,,,,,,,,,,,,,,,,,,,,,,,2,6,24,0,,,,,,,,,,,,,,
00-0035261,T.Pollard,Tony Pollard,RB,RB,,TEN,2025,6,REG,,,,,,,,,,,,,,,,,,10,34,0,,,,,,,,,,,,,,,,,,,,,,,
00-0035406,L.Humphrey,Lil'Jordan Humphrey,WR,WR,,NYG,2025,6,REG,,,,,,,,,,,,,,,,,,,,,,,,,,4,8,55,0,,,,,,,,,,,,,,
00-0035640,D.Metcalf,DK Metcalf,WR,WR,,PIT,2025,6,REG,,,,,,,,,,,,,,,,,,,,,,,,,,4,9,95,1,,,,,,,,,,,,,,
00-0035676,A.Brown,A.J. Brown,WR,WR,,PHI,2025,6,REG,,,,,,,,,,,,,,,,,,,,,,,,,,6,9,80,0,,,,,,,,,,,,,,
00-0035700,J.Jacobs,Josh Jacobs,RB,RB,,GB,2025,6,REG,,,,,,,,,,,,,,,,,,18,93,2,,,,,,,,,,,,,,,,,,,,,,,
00-0035710,D.Jones,Daniel Jones,QB,QB,,IND,2025,6,REG,,22,30,212,2,1,,,,,,,,,,,,,,,,,,,,,,,,,,,,,,,,,,,,,
00-0035719,D.Samuel,Deebo Samuel Sr.,WR,WR,,WAS,2025,6,REG,,,,,,,,,,,,,,,,,,,,,,,,,,4,5,15,0,,,,,,,,,,,,,,
00-0035993,T.Huntley,Tyler Huntley,QB,QB,,BAL,2025,6,REG,,10,15,68,0,0,,,,,,,,,,,,,,,,,,,,,,,,,,,,,,,,,,,,,
00-0036139,R.Dowdle,Rico Dowdle,RB,RB,,CAR,2025,6,REG,,,,,,,,,,,,,,,,,,30,183,0,,,,,,,,,,,,,,,,,,,,,,,
00-0036158,J.Dobbins,J.K. Dobbins,RB,RB,,DEN,2025,6,REG,,,,,,,,,,,,,,,,,,14,40,0,,,,,,,,,,,,,,,,,,,,,,,
00-0036212,T.Tagovailoa,Tua Tagovailoa,QB,QB,,MIA,2025,6,REG,,21,32,205,1,3,,,,,,,,,,,,,,,,,,,,,,,,,,,,,,,,,,,,,
00-0036223,J.Taylor,Jonathan Taylor,RB,RB,,IND,2025,6,REG,,,,,,,,,,,,,,,,,,21,123,1,,,,,,,,,,,,,,,,,,,,,,,
00-0036264,J.Love,Jordan Love,QB,QB,,GB,2025,6,REG,,19,26,259,1,1,,,,,,,,,,,,,,,,,,,,,,,,,,,,,,,,,,,,,
00-0036275,D.Swift,D'Andre Swift,RB,RB,,CHI,2025,6,REG,,,,,,,,,,,,,,,,,,14,108,0,,,,,,,,,,,,,,,,,,,,,,,
00-0036355,J.Herbert,Justin Herbert,QB,QB,,LAC,2025,6,REG,,29,38,264,2,0,,,,,,,,,,,,,,,,,,,,,,,,,,,,,,,,,,,,,
00-0036389,J.Hurts,Jalen Hurts,QB,QB,,PHI,2025,6,REG,,24,33,283,1,1,,,,,,,,,,,,,,,,,,,,,,,,,,,,,,,,,,,,,
00-0036407,J.Jeudy,Jerry Jeudy,WR,WR,,CLE,2025,6,REG,,,,,,,,,,,,,,,,,,,,,,,,,,5,13,43,0,,,,,,,,,,,,,,
00-0036410,T.Higgins,Tee Higgins,WR,WR,,CIN,2025,6,REG,,,,,,,,,,,,,,,,,,,,,,,,,,5,8,62,0,,,,,,,,,,,,,,
00-0036415,V.Jefferson,Van Jefferson,WR,WR,,TEN,2025,6,REG,,,,,,,,,,,,,,,,,,,,,,,,,,4,6,75,0,,,,,,,,,,,,,,
00-0036613,J.Waddle,Jaylen Waddle,WR,WR,,MIA,2025,6,REG,,,,,,,,,,,,,,,,,,,,,,,,,,6,8,95,0,,,,,,,,,,,,,,
00-0036626,D.Brown,Dyami Brown,WR,WR,,JAX,2025,6,REG,,,,,,,,,,,,,,,,,,,,,,,,,,2,5,13,0,,,,,,,,,,,,,,
00-0036875,R.Stevenson,Rhamondre Stevenson,RB,RB,,NE,2025,6,REG,,,,,,,,,,,,,,,,,,13,18,0,,,,,,,,,,,,,,,,,,,,,,,
00-0036900,J.Chase,Ja'Marr Chase,WR,WR,,CIN,2025,6,REG,,,,,,,,,,,,,,,,,,,,,,,,,,10,12,94,1,,,,,,,,,,,,,,
00-0036912,D.Smith,DeVonta Smith,WR,WR,,PHI,2025,6,REG,,,,,,,,,,,,,,,,,,,,,,,,,,4,5,49,0,,,,,,,,,,,,,,
00-0036945,J.Fields,Justin Fields,QB,QB,,NYJ,2025,6,REG,,9,17,45,0,0,,,,,,,,,,,,,,,,,,,,,,,,,,,,,,,,,,,,,
00-0036963,A.St. Brown,Amon-Ra St. Brown,WR,WR,,DET,2025,6,REG,,,,,,,,,,,,,,,,,,,,,,,,,,9,10,45,0,,,,,,,,,,,,,,
00-0036971,T.Lawrence,Trevor Lawrence,QB,QB,,JAX,2025,6,REG,,27,42,258,2,0,,,,,,,,,,,,,,,,,,,,,,,,,,,,,,,,,,,,,
00-0036972,M.Jones,Mac Jones,QB,QB,,SF,2025,6,REG,,27,39,347,0,2,,,,,,,,,,,,,,,,,,,,,,,,,,,,,,,,,,,,,
00-0036973,T.Etienne,Travis Etienne,RB,RB,,JAX,2025,6,REG,,,,,,,,,,,,,,,,,,12,27,0,,,,,,,,,,,,,,,,,,,,,,,
00-0036997,J.Williams,Javonte Williams,RB,RB,,DAL,2025,6,REG,,,,,,,,,,,,,,,,,,13,29,0,,,,,,,,,,,,,,,,,,,,,,,
00-0037112,J.Tonges,Jake Tonges,TE,TE,,SF,2025,6,REG,,,,,,,,,,,,,,,,,,,,,,,,,,6,7,58,0,,,,,,,,,,,,,,
00-0037157,Z.Knight,Bam Knight,RB,RB,,ARI,2025,6,REG,,,,,,,,,,,,,,,,,,11,34,1,,,,,,,,,,,,,,,,,,,,,,,
00-0037197,I.Pacheco,Isiah Pacheco,RB,RB,,KC,2025,6,REG,,,,,,,,,,,,,,,,,,12,51,0,,,,,,,,,,,,,,,,,,,,,,,
00-0037228,J.Warren,Jaylen Warren,RB,RB,,PIT,2025,6,REG,,,,,,,,,,,,,,,,,,11,52,0,,,,,,,,,,,,,,,,,,,,,,,
00-0037238,D.London,Drake London,WR,WR,,ATL,2025,6,REG,,,,,,,,,,,,,,,,,,,,,,,,,,10,16,158,1,,,,,,,,,,,,,,
00-0037239,C.Olave,Chris Olave,WR,WR,,NO,2025,6,REG,,,,,,,,,,,,,,,,,,,,,,,,,,6,10,98,0,,,,,,,,,,,,,,
00-0037240,J.Williams,Jameson Williams,WR,WR,,DET,2025,6,REG,,,,,,,,,,,,,,,,,,,,,,,,,,6,7,66,1,,,,,,,,,,,,,,
00-0037247,G.Pickens,George Pickens,WR,WR,,DAL,2025,6,REG,,,,,,,,,,,,,,,,,,,,,,,,,,9,11,168,1,,,,,,,,,,,,,,
00-0037248,J.Cook,James Cook,RB,RB,,BUF,2025,6,REG,,,,,,,,,,,,,,,,,,17,87,0,,,,,,,,,,,,,,,,,,,,,,,
00-0037256,R.White,Rachaad White,RB,RB,,TB,2025,6,REG,,,,,,,,,,,,,,,,,,17,65,1,,,,,,,,,,,,,,,,,,,,,,,
00-0037261,K.Shakir,Khalil Shakir,WR,WR,,BUF,2025,6,REG,,,,,,,,,,,,,,,,,,,,,,,,,,3,5,33,0,,,,,,,,,,,,,,
00-0037263,T.Allgeier,Tyler Allgeier,RB,RB,,ATL,2025,6,REG,,,,,,,,,,,,,,,,,,10,32,1,,,,,,,,,,,,,,,,,,,,,,,
00-0037545,R.Shaheed,Rashid Shaheed,WR,WR,,NO,2025,6,REG,,,,,,,,,,,,,,,,,,,,,,,,,,4,6,28,0,,,,,,,,,,,,,,
00-0037740,G.Wilson,Garrett Wilson,WR,WR,,NYJ,2025,6,REG,,,,,,,,,,,,,,,,,,,,,,,,,,3,8,13,0,,,,,,,,,,,,,,
00-0037744,T.McBride,Trey McBride,TE,TE,,ARI,2025,6,REG,,,,,,,,,,,,,,,,,,,,,,,,,,8,11,72,1,,,,,,,,,,,,,,
00-0037809,C.Okonkwo,Chig Okonkwo,TE,TE,,TEN,2025,6,REG,,,,,,,,,,,,,,,,,,,,,,,,,,6,6,46,0,,,,,,,,,,,,,,
00-0037816,R.Doubs,Romeo Doubs,WR,WR,,GB,2025,6,REG,,,,,,,,,,,,,,,,,,,,,,,,,,5,9,55,0,,,,,,,,,,,,,,
00-0037840,K.Williams,Kyren Williams,RB,RB,,LAR,2025,6,REG,,,,,,,,,,,,,,,,,,13,50,1,,,,,,,,,,,,,,,,,,,,,,,
00-0038117,W.Robinson,Wan'Dale Robinson,WR,WR,,NYG,2025,6,REG,,,,,,,,,,,,,,,,,,,,,,,,,,6,7,84,1,,,,,,,,,,,,,,
00-0038120,B.Hall,Breece Hall,RB,RB,,NYJ,2025,6,REG,,,,,,,,,,,,,,,,,,21,58,0,,,,,,,,,,,,,,,,,,,,,,,
00-0038129,C.Otton,Cade Otton,TE,TE,,TB,2025,6,REG,,,,,,,,,,,,,,,,,,,,,,,,,,5,6,51,0,,,,,,,,,,,,,,
00-0038134,K.Walker,Kenneth Walker III,RB,RB,,SEA,2025,6,REG,,,,,,,,,,,,,,,,,,10,34,0,,,,,,,,,,,,,,,,,,,,,,,
00-0038542,B.Robinson,Bijan Robinson,RB,RB,,ATL,2025,6,REG,,,,,,,,,,,,,,,,,,19,170,1,,,,,,,,,,,,,,,,,,,,,,,
00-0038543,J.Smith-Njigba,Jaxon Smith-Njigba,WR,WR,,SEA,2025,6,REG,,,,,,,,,,,,,,,,,,,,,,,,,,8,13,162,1,,,,,,,,,,,,,,
00-0038558,D.Washington,Darnell Washington,TE,TE,,PIT,2025,6,REG,,,,,,,,,,,,,,,,,,,,,,,,,,3,5,62,0,,,,,,,,,,,,,,
00-0038559,Mi.Wilson,Michael Wilson,WR,WR,,ARI,2025,6,REG,,,,,,,,,,,,,,,,,,,,,,,,,,4,5,44,0,,,,,,,,,,,,,,
00-0038563,T.Tucker,Tre Tucker,WR,WR,,LV,2025,6,REG,,,,,,,,,,,,,,,,,,,,,,,,,,5,5,70,0,,,,,,,,,,,,,,
00-0038608,K.Boutte,Kayshon Boutte,WR,WR,,NE,2025,6,REG,,,,,,,,,,,,,,,,,,,,,,,,,,5,5,93,2,,,,,,,,,,,,,,
00-0038679,T.Shavers,Tyrell Shavers,WR,WR,,BUF,2025,6,REG,,,,,,,,,,,,,,,,,,,,,,,,,,3,5,27,0,,,,,,,,,,,,,,
00-0038938,J.Hyatt,Jalin Hyatt,WR,WR,,NYG,2025,6,REG,,,,,,,,,,,,,,,,,,,,,,,,,,3,5,17,0,,,,,,,,,,,,,,
00-0038997,J.Downs,Josh Downs,WR,WR,,IND,2025,6,REG,,,,,,,,,,,,,,,,,,,,,,,,,,6,7,42,1,,,,,,,,,,,,,,
00-0039040,D.Achane,De'Von Achane,RB,RB,,MIA,2025,6,REG,,,,,,,,,,,,,,,,,,16,128,2,,,,,,,,,,,,,,,,,,,,,,,
00-0039064,Z.Flowers,Zay Flowers,WR,WR,,BAL,2025,6,REG,,,,,,,,,,,,,,,,,,,,,,,,,,6,10,46,0,,,,,,,,,,,,,,
00-0039065,S.LaPorta,Sam LaPorta,TE,TE,,DET,2025,6,REG,,,,,,,,,,,,,,,,,,,,,,,,,,5,6,55,1,,,,,,,,,,,,,,
00-0039066,M.Mayer,Michael Mayer,TE,TE,,LV,2025,6,REG,,,,,,,,,,,,,,,,,,,,,,,,,,5,7,50,1,,,,,,,,,,,,,,
00-0039139,J.Gibbs,Jahmyr Gibbs,RB,RB,,DET,2025,6,REG,,,,,,,,,,,,,,,,,,17,65,0,,,,,,,,,,,,,,,,,,,,,,,
00-0039150,B.Young,Bryce Young,QB,QB,,CAR,2025,6,REG,,17,25,199,3,1,,,,,,,,,,,,,,,,,,,,,,,,,,,,,,,,,,,,,
00-0039165,Z.Charbonnet,Zach Charbonnet,RB,RB,,SEA,2025,6,REG,,,,,,,,,,,,,,,,,,12,24,0,,,,,,,,,,,,,,,,,,,,,,,
00-0039376,S.Rattler,Spencer Rattler,QB,QB,,NO,2025,6,REG,,20,26,227,0,0,,,,,,,,,,,,,,,,,,,,,,,,,,,,,,,,,,,,,
00-0039391,K.Vidal,Kimani Vidal,RB,RB,,LAC,2025,6,REG,,,,,,,,,,,,,,,,,,18,124,0,,,,,,,,,,,,,,,,,,,,,,,
00-0039410,R.Flournoy,Ryan Flournoy,WR,WR,,DAL,2025,6,REG,,,,,,,,,,,,,,,,,,,,,,,,,,3,6,30,0,,,,,,,,,,,,,,
00-0039732,B.Nix,Bo Nix,QB,QB,,DEN,2025,6,REG,,19,30,174,1,0,,,,,,,,,,,,,,,,,,,,,,,,,,,,,,,,,,,,,
00-0039851,D.Maye,Drake Maye,QB,QB,,NE,2025,6,REG,,18,26,261,3,0,,,,,,,,,,,,,,,,,,,,,,,,,,,,,,,,,,,,,
00-0039880,M.Washington,Malik Washington,WR,WR,,MIA,2025,6,REG,,,,,,,,,,,,,,,,,,,,,,,,,,4,5,22,0,,,,,,,,,,,,,,
00-0039893,B.Thomas,Brian Thomas Jr.,WR,WR,,JAX,2025,6,REG,,,,,,,,,,,,,,,,,,,,,,,,,,8,10,90,1,,,,,,,,,,,,,,
00-0039901,K.Coleman,Keon Coleman,WR,WR,,BUF,2025,6,REG,,,,,,,,,,,,,,,,,,,,,,,,,,3,6,11,0,,,,,,,,,,,,,,
00-0039910,J.Daniels,Jayden Daniels,QB,QB,,WAS,2025,6,REG,,19,26,211,3,1,,,,,,,,,,,,,,,,,,,,,,,,,,,,,,,,,,,,,
00-0039915,L.McConkey,Ladd McConkey,WR,WR,,LAC,2025,6,REG,,,,,,,,,,,,,,,,,,,,,,,,,,7,9,100,1,,,,,,,,,,,,,,
00-0039917,M.Penix,Michael Penix Jr.,QB,QB,,ATL,2025,6,REG,,20,32,250,1,0,,,,,,,,,,,,,,,,,,,,,,,,,,,,,,,,,,,,,
00-0039918,C.Williams,Caleb Williams,QB,QB,,CHI,2025,6,REG,,17,29,252,1,0,,,,,,,,,,,,,,,,,,,,,,,,,,,,,,,,,,,,,
00-0039919,R.Odunze,Rome Odunze,WR,WR,,CHI,2025,6,REG,,,,,,,,,,,,,,,,,,,,,,,,,,2,5,32,0,,,,,,,,,,,,,,
00-0040122,A.Jeanty,Ashton Jeanty,RB,RB,,LV,2025,6,REG,,,,,,,,,,,,,,,,,,23,75,1,,,,,,,,,,,,,,,,,,,,,,,
00-0040124,T.McMillan,Tetairoa McMillan,WR,WR,,CAR,2025,6,REG,,,,,,,,,,,,,,,,,,,,,,,,,,3,5,29,2,,,,,,,,,,,,,,
00-0040128,T.Warren,Tyler Warren,TE,TE,,IND,2025,6,REG,,,,,,,,,,,,,,,,,,,,,,,,,,6,9,63,1,,,,,,,,,,,,,,
00-0040170,E.Ayomanor,Elic Ayomanor,WR,WR,,TEN,2025,6,REG,,,,,,,,,,,,,,,,,,,,,,,,,,3,5,27,0,,,,,,,,,,,,,,
00-0040189,O.Gadsden,Oronde Gadsden II,TE,TE,,LAC,2025,6,REG,,,,,,,,,,,,,,,,,,,,,,,,,,7,8,68,0,,,,,,,,,,,,,,
00-0040242,J.Croskey-Merritt,Jacory Croskey-Merritt,RB,RB,,WAS,2025,6,REG,,,,,,,,,,,,,,,,,,17,61,0,,,,,,,,,,,,,,,,,,,,,,,
00-0040663,H.Fannin,Harold Fannin Jr.,TE,TE,,CLE,2025,6,REG,,,,,,,,,,,,,,,,,,,,,,,,,,7,10,81,0,,,,,,,,,,,,,,
00-0040667,M.Golden,Matthew Golden,WR,WR,,GB,2025,6,REG,,,,,,,,,,,,,,,,,,,,,,,,,,3,5,86,0,,,,,,,,,,,,,,
00-0040676,C.Ward,Cam Ward,QB,QB,,TEN,2025,6,REG,,26,38,222,1,1,,,,,,,,,,,,,,,,,,,,,,,,,,,,,,,,,,,,,
00-0040691,J.Dart,Jaxson Dart,QB,QB,,NYG,2025,6,REG,,17,25,195,1,0,,,,,,,,,,,,,,,,,,,,,,,,,,,,,,,,,,,,,
00-0040704,D.Gabriel,Dillon Gabriel,QB,QB,,CLE,2025,6,REG,,29,52,221,0,0,,,,,,,,,,,,,,,,,,,,,,,,,,,,,,,,,,,,,
00-0040715,C.Skattebo,Cam Skattebo,RB,RB,,NYG,2025,6,REG,,,,,,,,,,,,,,,,,,19,98,3,,,,,,,,,,,,,,,,,,,,,,,
00-0040718,T.Hunter,Travis Hunter,WR,WR,,JAX,2025,6,REG,,,,,,,,,,,,,,,,,,,,,,,,,,4,7,15,0,,,,,,,,,,,,,,
00-0040727,T.Harris,Tre Harris,WR,WR,,LAC,2025,6,REG,,,,,,,,,,,,,,,,,,,,,,,,,,4,5,27,0,,,,,,,,,,,,,,
00-0040782,I.Bond,Isaiah Bond,WR,WR,,CLE,2025,6,REG,,,,,,,,,,,,,,,,,,,,,,,,,,2,5,9,0,,,,,,,,,,,,,,
00-0040784,Q.Judkins,Quinshon Judkins,RB,RB,,CLE,2025,6,REG,,,,,,,,,,,,,,,,,,12,36,0,,,,,,,,,,,,,,,,,,,,,,,
00-0023459,A.Rodgers,Aaron Rodgers,QB,QB,,PIT,2025,7,REG,,23,34,249,4,2,,,,,,,,,,,,,,,,,,,,,,,,,,,,,,,,,,,,,
00-0026158,J.Flacco,Joe Flacco,QB,QB,,CIN,2025,7,REG,,31,47,342,3,0,,,,,,,,,,,,,,,,,,,,,,,,,,,,,,,,,,,,,
00-0026498,M.Stafford,Matthew Stafford,QB,QB,,LAR,2025,7,REG,,21,33,182,5,0,,,,,,,,,,,,,,,,,,,,,,,,,,,,,,,,,,,,,
00-0028118,T.Taylor,Tyrod Taylor,QB,QB,,NYJ,2025,7,REG,,10,22,126,0,2,,,,,,,,,,,,,,,,,,,,,,,,,,,,,,,,,,,,,
00-0030061,Z.Ertz,Zach Ertz,TE,TE,,WAS,2025,7,REG,,,,,,,,,,,,,,,,,,,,,,,,,,3,7,37,1,,,,,,,,,,,,,,
00-0030279,K.Allen,Keenan Allen,WR,WR,,LAC,2025,7,REG,,,,,,,,,,,,,,,,,,,,,,,,,,11,14,119,1,,,,,,,,,,,,,,
00-0030565,G.Smith,Geno Smith,QB,QB,,LV,2025,7,REG,,10,16,67,0,0,,,,,,,,,,,,,,,,,,,,,,,,,,,,,,,,,,,,,
00-0031381,D.Adams,Davante Adams,WR,WR,,LAR,2025,7,REG,,,,,,,,,,,,,,,,,,,,,,,,,,5,8,35,3,,,,,,,,,,,,,,
00-0031588,S.Diggs,Stefon Diggs,WR,WR,,NE,2025,7,REG,,,,,,,,,,,,,,,,,,,,,,,,,,7,7,69,0,,,,,,,,,,,,,,
00-0032385,S.Shepard,Sterling Shepard,WR,WR,,TB,2025,7,REG,,,,,,,,,,,,,,,,,,,,,,,,,,7,7,25,0,,,,,,,,,,,,,,
00-0032398,C.Moore,Chris Moore,WR,WR,,WAS,2025,7,REG,,,,,,,,,,,,,,,,,,,,,,,,,,2,5,59,0,,,,,,,,,,,,,,
00-0032950,C.Wentz,Carson Wentz,QB,QB,,MIN,2025,7,REG,,26,42,313,0,2,,,,,,,,,,,,,,,,,,,,,,,,,,,,,,,,,,,,,
00-0033077,D.Prescott,Dak Prescott,QB,QB,,DAL,2025,7,REG,,21,30,264,3,0,,,,,,,,,,,,,,,,,,,,,,,,,,,,,,,,,,,,,
00-0033090,H.Henry,Hunter Henry,TE,TE,,NE,2025,7,REG,,,,,,,,,,,,,,,,,,,,,,,,,,4,5,33,0,,,,,,,,,,,,,,
00-0033106,J.Goff,Jared Goff,QB,QB,,DET,2025,7,REG,,20,29,241,1,1,,,,,,,,,,,,,,,,,,,,,,,,,,,,,,,,,,,,,
00-0033110,T.Higbee,Tyler Higbee,TE,TE,,LAR,2025,7,REG,,,,,,,,,,,,,,,,,,,,,,,,,,3,6,19,0,,,,,,,,,,,,,,
00-0033119,J.Brissett,Jacoby Brissett,QB,QB,,ARI,2025,7,REG,,25,36,279,2,0,,,,,,,,,,,,,,,,,,,,,,,,,,,,,,,,,,,,,
00-0033280,C.McCaffrey,Christian McCaffrey,RB,RB,,SF,2025,7,REG,,,,,,,,,,,,,,,,,,24,129,2,,,,,,,,,,,,,,,,,,,,,,,
00-0033858,J.Smith,Jonnu Smith,TE,TE,,PIT,2025,7,REG,,,,,,,,,,,,,,,,,,,,,,,,,,3,6,28,1,,,,,,,,,,,,,,
00-0033873,P.Mahomes,Patrick Mahomes,QB,QB,,KC,2025,7,REG,,26,35,286,3,0,,,,,,,,,,,,,,,,,,,,,,,,,,,,,,,,,,,,,
00-0033881,E.Engram,Evan Engram,TE,TE,,DEN,2025,7,REG,,,,,,,,,,,,,,,,,,,,,,,,,,5,8,42,0,,,,,,,,,,,,,,
00-0033906,A.Kamara,Alvin Kamara,RB,RB,,NO,2025,7,REG,,,,,,,,,,,,,,,,,,11,28,0,,,,,,,,,,,,,,,,,,,,,,,
00-0033943,J.Reynolds,Josh Reynolds,WR,WR,,NYJ,2025,7,REG,,,,,,,,,,,,,,,,,,,,,,,,,,3,9,29,0,,,,,,,,,,,,,,
00-0034348,C.Sutton,Courtland Sutton,WR,WR,,DEN,2025,7,REG,,,,,,,,,,,,,,,,,,,,,,,,,,6,10,87,0,,,,,,,,,,,,,,
00-0034383,D.Schultz,Dalton Schultz,TE,TE,,HOU,2025,7,REG,,,,,,,,,,,,,,,,,,,,,,,,,,9,10,98,0,,,,,,,,,,,,,,
00-0034827,D.Moore,DJ Moore,WR,WR,,CHI,2025,7,REG,,,,,,,,,,,,,,,,,,,,,,,,,,3,5,43,0,,,,,,,,,,,,,,
00-0034844,S.Barkley,Saquon Barkley,RB,RB,,PHI,2025,7,REG,,,,,,,,,,,,,,,,,,18,44,0,,,,,,,,,,,,,,,,,,,,,,,
00-0034855,B.Mayfield,Baker Mayfield,QB,QB,,TB,2025,7,REG,,28,50,228,1,1,,,,,,,,,,,,,,,,,,,,,,,,,,,,,,,,,,,,,
00-0034869,S.Darnold,Sam Darnold,QB,QB,,SEA,2025,7,REG,,17,31,213,1,1,,,,,,,,,,,,,,,,,,,,,,,,,,,,,,,,,,,,,
00-0035229,T.Hockenson,T.J. Hockenson,TE,TE,,MIN,2025,7,REG,,,,,,,,,,,,,,,,,,,,,,,,,,6,9,43,0,,,,,,,,,,,,,,
00-0035640,D.Metcalf,DK Metcalf,WR,WR,,PIT,2025,7,REG,,,,,,,,,,,,,,,,,,,,,,,,,,3,5,50,0,,,,,,,,,,,,,,
00-0035676,A.Brown,A.J. Brown,WR,WR,,PHI,2025,7,REG,,,,,,,,,,,,,,,,,,,,,,,,,,4,6,121,2,,,,,,,,,,,,,,
00-0035685,D.Montgomery,David Montgomery,RB,RB,,DET,2025,7,REG,,,,,,,,,,,,,,,,,,13,21,0,,,,,,,,,,,,,,,,,,,,,,,
00-0035700,J.Jacobs,Josh Jacobs,RB,RB,,GB,2025,7,REG,,,,,,,,,,,,,,,,,,13,55,2,,,,,,,,,,,,,,,,,,,,,,,
00-0035710,D.Jones,Daniel Jones,QB,QB,,IND,2025,7,REG,,23,34,288,2,0,,,,,,,,,,,,,,,,,,,,,,,,,,,,,,,,,,,,,
00-0036040,J.Johnson,Juwan Johnson,TE,TE,,NO,2025,7,REG,,,,,,,,,,,,,,,,,,,,,,,,,,5,7,79,0,,,,,,,,,,,,,,
00-0036139,R.Dowdle,Rico Dowdle,RB,RB,,CAR,2025,7,REG,,,,,,,,,,,,,,,,,,17,79,0,,,,,,,,,,,,,,,,,,,,,,,
00-0036158,J.Dobbins,J.K. Dobbins,RB,RB,,DEN,2025,7,REG,,,,,,,,,,,,,,,,,,14,81,0,,,,,,,,,,,,,,,,,,,,,,,
00-0036212,T.Tagovailoa,Tua Tagovailoa,QB,QB,,MIA,2025,7,REG,,12,23,100,0,3,,,,,,,,,,,,,,,,,,,,,,,,,,,,,,,,,,,,,
00-0036223,J.Taylor,Jonathan Taylor,RB,RB,,IND,2025,7,REG,,,,,,,,,,,,,,,,,,16,94,3,,,,,,,,,,,,,,,,,,,,,,,
00-0036252,M.Pittman,Michael Pittman,WR,WR,,IND,2025,7,REG,,,,,,,,,,,,,,,,,,,,,,,,,,7,9,58,1,,,,,,,,,,,,,,
00-0036259,J.Jennings,Jauan Jennings,WR,WR,,SF,2025,7,REG,,,,,,,,,,,,,,,,,,,,,,,,,,4,7,31,0,,,,,,,,,,,,,,
00-0036264,J.Love,Jordan Love,QB,QB,,GB,2025,7,REG,,19,29,179,1,0,,,,,,,,,,,,,,,,,,,,,,,,,,,,,,,,,,,,,
00-0036275,D.Swift,D'Andre Swift,RB,RB,,CHI,2025,7,REG,,,,,,,,,,,,,,,,,,19,124,1,,,,,,,,,,,,,,,,,,,,,,,
00-0036309,D.Mooney,Darnell Mooney,WR,WR,,ATL,2025,7,REG,,,,,,,,,,,,,,,,,,,,,,,,,,3,5,68,0,,,,,,,,,,,,,,
00-0036322,J.Jefferson,Justin Jefferson,WR,WR,,MIN,2025,7,REG,,,,,,,,,,,,,,,,,,,,,,,,,,5,10,79,0,,,,,,,,,,,,,,
00-0036355,J.Herbert,Justin Herbert,QB,QB,,LAC,2025,7,REG,,37,55,420,3,2,,,,,,,,,,,,,,,,,,,,,,,,,,,,,,,,,,,,,
00-0036358,C.Lamb,CeeDee Lamb,WR,WR,,DAL,2025,7,REG,,,,,,,,,,,,,,,,,,,,,,,,,,5,8,110,1,,,,,,,,,,,,,,
00-0036389,J.Hurts,Jalen Hurts,QB,QB,,PHI,2025,7,REG,,19,23,326,3,0,,,,,,,,,,,,,,,,,,,,,,,,,,,,,,,,,,,,,
00-0036410,T.Higgins,Tee Higgins,WR,WR,,CIN,2025,7,REG,,,,,,,,,,,,,,,,,,,,,,,,,,6,10,96,1,,,,,,,,,,,,,,
00-0036554,N.Collins,Nico Collins,WR,WR,,HOU,2025,7,REG,,,,,,,,,,,,,,,,,,,,,,,,,,4,10,27,0,,,,,,,,,,,,,,
00-0036555,C.Hubbard,Chuba Hubbard,RB,RB,,CAR,2025,7,REG,,,,,,,,,,,,,,,,,,14,31,0,,,,,,,,,,,,,,,,,,,,,,,
00-0036875,R.Stevenson,Rhamondre Stevenson,RB,RB,,NE,2025,7,REG,,,,,,,,,,,,,,,,,,18,88,1,,,,,,,,,,,,,,,,,,,,,,,
00-0036894,P.Freiermuth,Pat Freiermuth,TE,TE,,PIT,2025,7,REG,,,,,,,,,,,,,,,,,,,,,,,,,,5,6,111,2,,,,,,,,,,,,,,
00-0036900,J.Chase,Ja'Marr Chase,WR,WR,,CIN,2025,7,REG,,,,,,,,,,,,,,,,,,,,,,,,,,16,23,161,1,,,,,,,,,,,,,,
00-0036912,D.Smith,DeVonta Smith,WR,WR,,PHI,2025,7,REG,,,,,,,,,,,,,,,,,,,,,,,,,,9,11,183,1,,,,,,,,,,,,,,
00-0036963,A.St. Brown,Amon-Ra St. Brown,WR,WR,,DET,2025,7,REG,,,,,,,,,,,,,,,,,,,,,,,,,,6,10,86,1,,,,,,,,,,,,,,
00-0036970,K.Pitts,Kyle Pitts,TE,TE,,ATL,2025,7,REG,,,,,,,,,,,,,,,,,,,,,,,,,,7,10,62,0,,,,,,,,,,,,,,
00-0036971,T.Lawrence,Trevor Lawrence,QB,QB,,JAX,2025,7,REG,,23,48,296,1,0,,,,,,,,,,,,,,,,,,,,,,,,,,,,,,,,,,,,,
00-0036972,M.Jones,Mac Jones,QB,QB,,SF,2025,7,REG,,17,26,152,0,1,,,,,,,,,,,,,,,,,,,,,,,,,,,,,,,,,,,,,
00-0036997,J.Williams,Javonte Williams,RB,RB,,DAL,2025,7,REG,,,,,,,,,,,,,,,,,,19,116,1,,,,,,,,,,,,,,,,,,,,,,,
00-0037157,Z.Knight,Bam Knight,RB,RB,,ARI,2025,7,REG,,,,,,,,,,,,,,,,,,14,57,0,,,,,,,,,,,,,,,,,,,,,,,
00-0037197,I.Pacheco,Isiah Pacheco,RB,RB,,KC,2025,7,REG,,,,,,,,,,,,,,,,,,15,57,1,,,,,,,,,,,,,,,,,,,,,,,
00-0037228,J.Warren,Jaylen Warren,RB,RB,,PIT,2025,7,REG,,,,,,,,,,,,,,,,,,16,127,0,,,,,,,,,,,,,,,,,,,,,,,
00-0037238,D.London,Drake London,WR,WR,,ATL,2025,7,REG,,,,,,,,,,,,,,,,,,,,,,,,,,4,10,42,0,,,,,,,,,,,,,,
00-0037239,C.Olave,Chris Olave,WR,WR,,NO,2025,7,REG,,,,,,,,,,,,,,,,,,,,,,,,,,5,7,98,2,,,,,,,,,,,,,,
00-0037247,G.Pickens,George Pickens,WR,WR,,DAL,2025,7,REG,,,,,,,,,,,,,,,,,,,,,,,,,,4,6,82,0,,,,,,,,,,,,,,
00-0037256,R.White,Rachaad White,RB,RB,,TB,2025,7,REG,,,,,,,,,,,,,,,,,,10,38,0,,,,,,,,,,,,,,,,,,,,,,,
00-0037525,J.Mason,Jordan Mason,RB,RB,,MIN,2025,7,REG,,,,,,,,,,,,,,,,,,15,57,1,,,,,,,,,,,,,,,,,,,,,,,
00-0037545,R.Shaheed,Rashid Shaheed,WR,WR,,NO,2025,7,REG,,,,,,,,,,,,,,,,,,,,,,,,,,4,9,40,0,,,,,,,,,,,,,,
00-0037664,A.Pierce,Alec Pierce,WR,WR,,IND,2025,7,REG,,,,,,,,,,,,,,,,,,,,,,,,,,5,10,98,0,,,,,,,,,,,,,,
00-0037744,T.McBride,Trey McBride,TE,TE,,ARI,2025,7,REG,,,,,,,,,,,,,,,,,,,,,,,,,,10,13,74,2,,,,,,,,,,,,,,
00-0037816,R.Doubs,Romeo Doubs,WR,WR,,GB,2025,7,REG,,,,,,,,,,,,,,,,,,,,,,,,,,6,8,72,0,,,,,,,,,,,,,,
00-0037840,K.Williams,Kyren Williams,RB,RB,,LAR,2025,7,REG,,,,,,,,,,,,,,,,,,12,54,0,,,,,,,,,,,,,,,,,,,,,,,
00-0038041,J.Ferguson,Jake Ferguson,TE,TE,,DAL,2025,7,REG,,,,,,,,,,,,,,,,,,,,,,,,,,7,7,29,2,,,,,,,,,,,,,,
00-0038117,W.Robinson,Wan'Dale Robinson,WR,WR,,NYG,2025,7,REG,,,,,,,,,,,,,,,,,,,,,,,,,,6,12,95,0,,,,,,,,,,,,,,
00-0038120,B.Hall,Breece Hall,RB,RB,,NYJ,2025,7,REG,,,,,,,,,,,,,,,,,,11,38,0,,,,,,,,,,,,,,,,,,,,,,,
00-0038129,C.Otton,Cade Otton,TE,TE,,TB,2025,7,REG,,,,,,,,,,,,,,,,,,,,,,,,,,7,9,65,0,,,,,,,,,,,,,,
00-0038134,K.Walker,Kenneth Walker III,RB,RB,,SEA,2025,7,REG,,,,,,,,,,,,,,,,,,17,66,0,,,,,,,,,,,,,,,,,,,,,,,
00-0038542,B.Robinson,Bijan Robinson,RB,RB,,ATL,2025,7,REG,,,,,,,,,,,,,,,,,,14,40,0,,,,,,,,,,,,,,,,,,,,,,,
00-0038543,J.Smith-Njigba,Jaxon Smith-Njigba,WR,WR,,SEA,2025,7,REG,,,,,,,,,,,,,,,,,,,,,,,,,,8,14,123,1,,,,,,,,,,,,,,
00-0038544,Q.Johnston,Quentin Johnston,WR,WR,,LAC,2025,7,REG,,,,,,,,,,,,,,,,,,,,,,,,,,2,6,30,1,,,,,,,,,,,,,,
00-0038558,D.Washington,Darnell Washington,TE,TE,,PIT,2025,7,REG,,,,,,,,,,,,,,,,,,,,,,,,,,3,5,2,1,,,,,,,,,,,,,,
00-0038563,T.Tucker,Tre Tucker,WR,WR,,LV,2025,7,REG,,,,,,,,,,,,,,,,,,,,,,,,,,5,6,33,0,,,,,,,,,,,,,,
00-0038597,C.Brown,Chase Brown,RB,RB,,CIN,2025,7,REG,,,,,,,,,,,,,,,,,,11,108,0,,,,,,,,,,,,,,,,,,,,,,,
00-0038606,P.Washington,Parker Washington,WR,WR,,JAX,2025,7,REG,,,,,,,,,,,,,,,,,,,,,,,,,,4,10,52,0,,,,,,,,,,,,,,
00-0038976,M.Mims,Marvin Mims Jr.,WR,WR,,DEN,2025,7,REG,,,,,,,,,,,,,,,,,,,,,,,,,,6,7,85,0,,,,,,,,,,,,,,
00-0038994,J.Addison,Jordan Addison,WR,WR,,MIN,2025,7,REG,,,,,,,,,,,,,,,,,,,,,,,,,,9,12,128,0,,,,,,,,,,,,,,
00-0038996,T.Kraft,Tucker Kraft,TE,TE,,GB,2025,7,REG,,,,,,,,,,,,,,,,,,,,,,,,,,5,10,58,1,,,,,,,,,,,,,,
00-0039040,D.Achane,De'Von Achane,RB,RB,,MIA,2025,7,REG,,,,,,,,,,,,,,,,,,13,82,0,,,,,,,,,,,,,,,,,,,,,,,
00-0039067,R.Rice,Rashee Rice,WR,WR,,KC,2025,7,REG,,,,,,,,,,,,,,,,,,,,,,,,,,7,10,42,2,,,,,,,,,,,,,,
00-0039139,J.Gibbs,Jahmyr Gibbs,RB,RB,,DET,2025,7,REG,,,,,,,,,,,,,,,,,,17,136,2,,,,,,,,,,,,,,,,,,,,,,,
00-0039150,B.Young,Bryce Young,QB,QB,,CAR,2025,7,REG,,15,25,138,1,0,,,,,,,,,,,,,,,,,,,,,,,,,,,,,,,,,,,,,
00-0039163,C.Stroud,C.J. Stroud,QB,QB,,HOU,2025,7,REG,,23,49,229,1,1,,,,,,,,,,,,,,,,,,,,,,,,,,,,,,,,,,,,,
00-0039165,Z.Charbonnet,Zach Charbonnet,RB,RB,,SEA,2025,7,REG,,,,,,,,,,,,,,,,,,12,49,2,,,,,,,,,,,,,,,,,,,,,,,
00-0039342,X.Legette,Xavier Legette,WR,WR,,CAR,2025,7,REG,,,,,,,,,,,,,,,,,,,,,,,,,,9,11,92,1,,,,,,,,,,,,,,
00-0039376,S.Rattler,Spencer Rattler,QB,QB,,NO,2025,7,REG,,20,32,233,2,3,,,,,,,,,,,,,,,,,,,,,,,,,,,,,,,,,,,,,
00-0039732,B.Nix,Bo Nix,QB,QB,,DEN,2025,7,REG,,27,50,279,2,0,,,,,,,,,,,,,,,,,,,,,,,,,,,,,,,,,,,,,
00-0039738,B.Corum,Blake Corum,RB,RB,,LAR,2025,7,REG,,,,,,,,,,,,,,,,,,12,37,0,,,,,,,,,,,,,,,,,,,,,,,
00-0039847,T.Johnson,Theo Johnson,TE,TE,,NYG,2025,7,REG,,,,,,,,,,,,,,,,,,,,,,,,,,3,7,66,1,,,,,,,,,,,,,,
00-0039849,M.Harrison,Marvin Harrison Jr.,WR,WR,,ARI,2025,7,REG,,,,,,,,,,,,,,,,,,,,,,,,,,2,6,58,0,,,,,,,,,,,,,,
00-0039851,D.Maye,Drake Maye,QB,QB,,NE,2025,7,REG,,21,23,222,2,0,,,,,,,,,,,,,,,,,,,,,,,,,,,,,,,,,,,,,
00-0039868,T.Franklin,Troy Franklin,WR,WR,,DEN,2025,7,REG,,,,,,,,,,,,,,,,,,,,,,,,,,3,10,19,1,,,,,,,,,,,,,,
00-0039880,M.Washington,Malik Washington,WR,WR,,MIA,2025,7,REG,,,,,,,,,,,,,,,,,,,,,,,,,,5,8,30,0,,,,,,,,,,,,,,
00-0039893,B.Thomas,Brian Thomas Jr.,WR,WR,,JAX,2025,7,REG,,,,,,,,,,,,,,,,,,,,,,,,,,3,7,31,0,,,,,,,,,,,,,,
00-0039910,J.Daniels,Jayden Daniels,QB,QB,,WAS,2025,7,REG,,12,22,156,1,0,,,,,,,,,,,,,,,,,,,,,,,,,,,,,,,,,,,,,
00-0039915,L.McConkey,Ladd McConkey,WR,WR,,LAC,2025,7,REG,,,,,,,,,,,,,,,,,,,,,,,,,,9,15,67,0,,,,,,,,,,,,,,
00-0039917,M.Penix,Michael Penix Jr.,QB,QB,,ATL,2025,7,REG,,21,38,241,1,0,,,,,,,,,,,,,,,,,,,,,,,,,,,,,,,,,,,,,
00-0039918,C.Williams,Caleb Williams,QB,QB,,CHI,2025,7,REG,,15,26,172,0,1,,,,,,,,,,,,,,,,,,,,,,,,,,,,,,,,,,,,,
00-0039919,R.Odunze,Rome Odunze,WR,WR,,CHI,2025,7,REG,,,,,,,,,,,,,,,,,,,,,,,,,,2,6,31,0,,,,,,,,,,,,,,
00-0040078,B.Smith,Brashard Smith,RB,RB,,KC,2025,7,REG,,,,,,,,,,,,,,,,,,14,39,0,,,,,,,,,,,,,,,,,,,,,,,
00-0040124,T.McMillan,Tetairoa McMillan,WR,WR,,CAR,2025,7,REG,,,,,,,,,,,,,,,,,,,,,,,,,,3,5,33,0,,,,,,,,,,,,,,
00-0040128,T.Warren,Tyler Warren,TE,TE,,IND,2025,7,REG,,,,,,,,,,,,,,,,,,,,,,,,,,4,5,69,1,,,,,,,,,,,,,,
00-0040129,E.Egbuka,Emeka Egbuka,WR,WR,,TB,2025,7,REG,,,,,,,,,,,,,,,,,,,,,,,,,,4,12,58,0,,,,,,,,,,,,,,
00-0040138,J.Noel,Jaylin Noel,WR,WR,,HOU,2025,7,REG,,,,,,,,,,,,,,,,,,,,,,,,,,4,7,77,0,,,,,,,,,,,,,,
00-0040164,J.Lane,Jaylin Lane,WR,WR,,WAS,2025,7,REG,,,,,,,,,,,,,,,,,,,,,,,,,,3,6,60,0,,,,,,,,,,,,,,
00-0040170,E.Ayomanor,Elic Ayomanor,WR,WR,,TEN,2025,7,REG,,,,,,,,,,,,,,,,,,,,,,,,,,2,5,29,0,,,,,,,,,,,,,,
00-0040189,O.Gadsden,Oronde Gadsden II,TE,TE,,LAC,2025,7,REG,,,,,,,,,,,,,,,,,,,,,,,,,,7,9,164,1,,,,,,,,,,,,,,
00-0040236,K.Monangai,Kyle Monangai,RB,RB,,CHI,2025,7,REG,,,,,,,,,,,,,,,,,,13,81,1,,,,,,,,,,,,,,,,,,,,,,,
00-0040237,T.Johnson,Tez Johnson,WR,WR,,TB,2025,7,REG,,,,,,,,,,,,,,,,,,,,,,,,,,4,9,58,1,,,,,,,,,,,,,,
00-0040242,J.Croskey-Merritt,Jacory Croskey-Merritt,RB,RB,,WAS,2025,7,REG,,,,,,,,,,,,,,,,,,13,33,0,,,,,,,,,,,,,,,,,,,,,,,
00-0040583,W.Marks,Woody Marks,RB,RB,,HOU,2025,7,REG,,,,,,,,,,,,,,,,,,10,15,0,,,,,,,,,,,,,,,,,,,,,,,
00-0040584,G.Helm,Gunnar Helm,TE,TE,,TEN,2025,7,REG,,,,,,,,,,,,,,,,,,,,,,,,,,4,5,36,0,,,,,,,,,,,,,,
00-0040663,H.Fannin,Harold Fannin Jr.,TE,TE,,CLE,2025,7,REG,,,,,,,,,,,,,,,,,,,,,,,,,,4,5,36,0,,,,,,,,,,,,,,
00-0040676,C.Ward,Cam Ward,QB,QB,,TEN,2025,7,REG,,25,34,255,1,1,,,,,,,,,,,,,,,,,,,,,,,,,,,,,,,,,,,,,
00-0040691,J.Dart,Jaxson Dart,QB,QB,,NYG,2025,7,REG,,15,33,283,3,1,,,,,,,,,,,,,,,,,,,,,,,,,,,,,,,,,,,,,
00-0040704,D.Gabriel,Dillon Gabriel,QB,QB,,CLE,2025,7,REG,,13,18,116,0,0,,,,,,,,,,,,,,,,,,,,,,,,,,,,,,,,,,,,,
00-0040715,C.Skattebo,Cam Skattebo,RB,RB,,NYG,2025,7,REG,,,,,,,,,,,,,,,,,,16,60,0,,,,,,,,,,,,,,,,,,,,,,,
00-0040718,T.Hunter,Travis Hunter,WR,WR,,JAX,2025,7,REG,,,,,,,,,,,,,,,,,,,,,,,,,,8,14,101,1,,,,,,,,,,,,,,
00-0040736,M.Taylor,Mason Taylor,TE,TE,,NYJ,2025,7,REG,,,,,,,,,,,,,,,,,,,,,,,,,,3,5,31,0,,,,,,,,,,,,,,
00-0040739,E.Arroyo,Elijah Arroyo,TE,TE,,SEA,2025,7,REG,,,,,,,,,,,,,,,,,,,,,,,,,,4,5,42,0,,,,,,,,,,,,,,
00-0040784,Q.Judkins,Quinshon Judkins,RB,RB,,CLE,2025,7,REG,,,,,,,,,,,,,,,,,,25,84,3,,,,,,,,,,,,,,,,,,,,,,,
00-0023459,A.Rodgers,Aaron Rodgers,QB,QB,,PIT,2025,8,REG,,24,36,219,2,0,,,,,,,,,,,,,,,,,,,,,,,,,,,,,,,,,,,,,
00-0026158,J.Flacco,Joe Flacco,QB,QB,,CIN,2025,8,REG,,21,34,223,2,0,,,,,,,,,,,,,,,,,,,,,,,,,,,,,,,,,,,,,
00-0027973,A.Dalton,Andy Dalton,QB,QB,,CAR,2025,8,REG,,16,24,175,0,1,,,,,,,,,,,,,,,,,,,,,,,,,,,,,,,,,,,,,
00-0029604,K.Cousins,Kirk Cousins,QB,QB,,ATL,2025,8,REG,,21,31,173,0,0,,,,,,,,,,,,,,,,,,,,,,,,,,,,,,,,,,,,,
00-0030061,Z.Ertz,Zach Ertz,TE,TE,,WAS,2025,8,REG,,,,,,,,,,,,,,,,,,,,,,,,,,4,6,16,0,,,,,,,,,,,,,,
00-0030279,K.Allen,Keenan Allen,WR,WR,,LAC,2025,8,REG,,,,,,,,,,,,,,,,,,,,,,,,,,4,5,44,0,,,,,,,,,,,,,,
00-0030506,T.Kelce,Travis Kelce,TE,TE,,KC,2025,8,REG,,,,,,,,,,,,,,,,,,,,,,,,,,6,8,99,1,,,,,,,,,,,,,,
00-0031588,S.Diggs,Stefon Diggs,WR,WR,,NE,2025,8,REG,,,,,,,,,,,,,,,,,,,,,,,,,,3,5,14,1,,,,,,,,,,,,,,
00-0032268,M.Mariota,Marcus Mariota,QB,QB,,WAS,2025,8,REG,,21,30,213,1,2,,,,,,,,,,,,,,,,,,,,,,,,,,,,,,,,,,,,,
00-0032764,D.Henry,Derrick Henry,RB,RB,,BAL,2025,8,REG,,,,,,,,,,,,,,,,,,21,71,2,,,,,,,,,,,,,,,,,,,,,,,
00-0032950,C.Wentz,Carson Wentz,QB,QB,,MIN,2025,8,REG,,15,27,144,1,1,,,,,,,,,,,,,,,,,,,,,,,,,,,,,,,,,,,,,
00-0033077,D.Prescott,Dak Prescott,QB,QB,,DAL,2025,8,REG,,19,31,188,0,2,,,,,,,,,,,,,,,,,,,,,,,,,,,,,,,,,,,,,
00-0033288,G.Kittle,George Kittle,TE,TE,,SF,2025,8,REG,,,,,,,,,,,,,,,,,,,,,,,,,,4,5,43,1,,,,,,,,,,,,,,
00-0033555,M.Hollins,Mack Hollins,WR,WR,,NE,2025,8,REG,,,,,,,,,,,,,,,,,,,,,,,,,,7,7,89,0,,,,,,,,,,,,,,
00-0033873,P.Mahomes,Patrick Mahomes,QB,QB,,KC,2025,8,REG,,25,34,299,3,2,,,,,,,,,,,,,,,,,,,,,,,,,,,,,,,,,,,,,
00-0033885,D.Njoku,David Njoku,TE,TE,,CLE,2025,8,REG,,,,,,,,,,,,,,,,,,,,,,,,,,4,5,37,1,,,,,,,,,,,,,,
00-0034348,C.Sutton,Courtland Sutton,WR,WR,,DEN,2025,8,REG,,,,,,,,,,,,,,,,,,,,,,,,,,4,6,67,0,,,,,,,,,,,,,,
00-0034419,B.Berrios,Braxton Berrios,WR,WR,,HOU,2025,8,REG,,,,,,,,,,,,,,,,,,,,,,,,,,5,5,38,0,,,,,,,,,,,,,,
00-0034791,N.Chubb,Nick Chubb,RB,RB,,HOU,2025,8,REG,,,,,,,,,,,,,,,,,,17,56,0,,,,,,,,,,,,,,,,,,,,,,,
00-0034827,D.Moore,DJ Moore,WR,WR,,CHI,2025,8,REG,,,,,,,,,,,,,,,,,,,,,,,,,,4,7,73,0,,,,,,,,,,,,,,
00-0034844,S.Barkley,Saquon Barkley,RB,RB,,PHI,2025,8,REG,,,,,,,,,,,,,,,,,,14,150,1,,,,,,,,,,,,,,,,,,,,,,,
00-0034854,K.Hodge,KhaDarel Hodge,WR,WR,,ATL,2025,8,REG,,,,,,,,,,,,,,,,,,,,,,,,,,3,8,31,0,,,,,,,,,,,,,,
00-0034855,B.Mayfield,Baker Mayfield,QB,QB,,TB,2025,8,REG,,15,24,152,0,0,,,,,,,,,,,,,,,,,,,,,,,,,,,,,,,,,,,,,
00-0034857,J.Allen,Josh Allen,QB,QB,,BUF,2025,8,REG,,12,19,163,1,0,,,,,,,,,,,,,,,,,,,,,,,,,,,,,,,,,,,,,
00-0035208,O.Zaccheaus,Olamide Zaccheaus,WR,WR,,CHI,2025,8,REG,,,,,,,,,,,,,,,,,,,,,,,,,,7,7,33,0,,,,,,,,,,,,,,
00-0035261,T.Pollard,Tony Pollard,RB,RB,,TEN,2025,8,REG,,,,,,,,,,,,,,,,,,11,44,0,,,,,,,,,,,,,,,,,,,,,,,
00-0035535,D.Slayton,Darius Slayton,WR,WR,,NYG,2025,8,REG,,,,,,,,,,,,,,,,,,,,,,,,,,2,5,26,0,,,,,,,,,,,,,,
00-0035640,D.Metcalf,DK Metcalf,WR,WR,,PIT,2025,8,REG,,,,,,,,,,,,,,,,,,,,,,,,,,5,7,55,1,,,,,,,,,,,,,,
00-0035700,J.Jacobs,Josh Jacobs,RB,RB,,GB,2025,8,REG,,,,,,,,,,,,,,,,,,13,33,1,,,,,,,,,,,,,,,,,,,,,,,
00-0035710,D.Jones,Daniel Jones,QB,QB,,IND,2025,8,REG,,21,29,272,3,0,,,,,,,,,,,,,,,,,,,,,,,,,,,,,,,,,,,,,
00-0035719,D.Samuel,Deebo Samuel Sr.,WR,WR,,WAS,2025,8,REG,,,,,,,,,,,,,,,,,,,,,,,,,,3,6,11,0,,,,,,,,,,,,,,
00-0035993,T.Huntley,Tyler Huntley,QB,QB,,BAL,2025,8,REG,,17,22,186,1,0,,,,,,,,,,,,,,,,,,,,,,,,,,,,,,,,,,,,,
00-0036040,J.Johnson,Juwan Johnson,TE,TE,,NO,2025,8,REG,,,,,,,,,,,,,,,,,,,,,,,,,,5,8,53,0,,,,,,,,,,,,,,
00-0036158,J.Dobbins,J.K. Dobbins,RB,RB,,DEN,2025,8,REG,,,,,,,,,,,,,,,,,,15,111,0,,,,,,,,,,,,,,,,,,,,,,,
00-0036212,T.Tagovailoa,Tua Tagovailoa,QB,QB,,MIA,2025,8,REG,,20,26,205,4,0,,,,,,,,,,,,,,,,,,,,,,,,,,,,,,,,,,,,,
00-0036223,J.Taylor,Jonathan Taylor,RB,RB,,IND,2025,8,REG,,,,,,,,,,,,,,,,,,12,153,2,,,,,,,,,,,,,,,,,,,,,,,
00-0036252,M.Pittman,Michael Pittman,WR,WR,,IND,2025,8,REG,,,,,,,,,,,,,,,,,,,,,,,,,,8,9,95,1,,,,,,,,,,,,,,
00-0036259,J.Jennings,Jauan Jennings,WR,WR,,SF,2025,8,REG,,,,,,,,,,,,,,,,,,,,,,,,,,4,7,45,0,,,,,,,,,,,,,,
00-0036264,J.Love,Jordan Love,QB,QB,,GB,2025,8,REG,,29,37,360,3,0,,,,,,,,,,,,,,,,,,,,,,,,,,,,,,,,,,,,,
00-0036275,D.Swift,D'Andre Swift,RB,RB,,CHI,2025,8,REG,,,,,,,,,,,,,,,,,,11,45,1,,,,,,,,,,,,,,,,,,,,,,,
00-0036322,J.Jefferson,Justin Jefferson,WR,WR,,MIN,2025,8,REG,,,,,,,,,,,,,,,,,,,,,,,,,,7,11,74,0,,,,,,,,,,,,,,
00-0036355,J.Herbert,Justin Herbert,QB,QB,,LAC,2025,8,REG,,18,25,227,3,1,,,,,,,,,,,,,,,,,,,,,,,,,,,,,,,,,,,,,
00-0036358,C.Lamb,CeeDee Lamb,WR,WR,,DAL,2025,8,REG,,,,,,,,,,,,,,,,,,,,,,,,,,7,10,74,0,,,,,,,,,,,,,,
00-0036389,J.Hurts,Jalen Hurts,QB,QB,,PHI,2025,8,REG,,15,20,179,4,0,,,,,,,,,,,,,,,,,,,,,,,,,,,,,,,,,,,,,
00-0036415,V.Jefferson,Van Jefferson,WR,WR,,TEN,2025,8,REG,,,,,,,,,,,,,,,,,,,,,,,,,,1,8,6,0,,,,,,,,,,,,,,
00-0036427,T.Johnson,Tyler Johnson,WR,WR,,NYJ,2025,8,REG,,,,,,,,,,,,,,,,,,,,,,,,,,3,5,64,1,,,,,,,,,,,,,,
00-0036555,C.Hubbard,Chuba Hubbard,RB,RB,,CAR,2025,8,REG,,,,,,,,,,,,,,,,,,12,34,1,,,,,,,,,,,,,,,,,,,,,,,
00-0036613,J.Waddle,Jaylen Waddle,WR,WR,,MIA,2025,8,REG,,,,,,,,,,,,,,,,,,,,,,,,,,5,6,99,1,,,,,,,,,,,,,,
00-0036755,J.Patterson,Jaret Patterson,RB,RB,,LAC,2025,8,REG,,,,,,,,,,,,,,,,,,11,30,0,,,,,,,,,,,,,,,,,,,,,,,
00-0036875,R.Stevenson,Rhamondre Stevenson,RB,RB,,NE,2025,8,REG,,,,,,,,,,,,,,,,,,14,34,0,,,,,,,,,,,,,,,,,,,,,,,
00-0036900,J.Chase,Ja'Marr Chase,WR,WR,,CIN,2025,8,REG,,,,,,,,,,,,,,,,,,,,,,,,,,12,19,91,0,,,,,,,,,,,,,,
00-0036912,D.Smith,DeVonta Smith,WR,WR,,PHI,2025,8,REG,,,,,,,,,,,,,,,,,,,,,,,,,,6,9,84,0,,,,,,,,,,,,,,
00-0036945,J.Fields,Justin Fields,QB,QB,,NYJ,2025,8,REG,,21,32,244,1,0,,,,,,,,,,,,,,,,,,,,,,,,,,,,,,,,,,,,,
00-0036970,K.Pitts,Kyle Pitts,TE,TE,,ATL,2025,8,REG,,,,,,,,,,,,,,,,,,,,,,,,,,9,9,59,0,,,,,,,,,,,,,,
00-0036972,M.Jones,Mac Jones,QB,QB,,SF,2025,8,REG,,19,32,193,2,1,,,,,,,,,,,,,,,,,,,,,,,,,,,,,,,,,,,,,
00-0036997,J.Williams,Javonte Williams,RB,RB,,DAL,2025,8,REG,,,,,,,,,,,,,,,,,,13,41,2,,,,,,,,,,,,,,,,,,,,,,,
00-0037197,I.Pacheco,Isiah Pacheco,RB,RB,,KC,2025,8,REG,,,,,,,,,,,,,,,,,,12,58,0,,,,,,,,,,,,,,,,,,,,,,,
00-0037228,J.Warren,Jaylen Warren,RB,RB,,PIT,2025,8,REG,,,,,,,,,,,,,,,,,,13,62,0,,,,,,,,,,,,,,,,,,,,,,,
00-0037239,C.Olave,Chris Olave,WR,WR,,NO,2025,8,REG,,,,,,,,,,,,,,,,,,,,,,,,,,8,12,63,0,,,,,,,,,,,,,,
00-0037247,G.Pickens,George Pickens,WR,WR,,DAL,2025,8,REG,,,,,,,,,,,,,,,,,,,,,,,,,,7,9,78,0,,,,,,,,,,,,,,
00-0037248,J.Cook,James Cook,RB,RB,,BUF,2025,8,REG,,,,,,,,,,,,,,,,,,19,216,2,,,,,,,,,,,,,,,,,,,,,,,
00-0037256,R.White,Rachaad White,RB,RB,,TB,2025,8,REG,,,,,,,,,,,,,,,,,,13,35,0,,,,,,,,,,,,,,,,,,,,,,,
00-0037261,K.Shakir,Khalil Shakir,WR,WR,,BUF,2025,8,REG,,,,,,,,,,,,,,,,,,,,,,,,,,6,7,88,1,,,,,,,,,,,,,,
00-0037545,R.Shaheed,Rashid Shaheed,WR,WR,,NO,2025,8,REG,,,,,,,,,,,,,,,,,,,,,,,,,,9,12,75,0,,,,,,,,,,,,,,
00-0037664,A.Pierce,Alec Pierce,WR,WR,,IND,2025,8,REG,,,,,,,,,,,,,,,,,,,,,,,,,,2,5,69,0,,,,,,,,,,,,,,
00-0037801,K.Turpin,KaVontae Turpin,WR,WR,,DAL,2025,8,REG,,,,,,,,,,,,,,,,,,,,,,,,,,1,5,-2,0,,,,,,,,,,,,,,
00-0037809,C.Okonkwo,Chig Okonkwo,TE,TE,,TEN,2025,8,REG,,,,,,,,,,,,,,,,,,,,,,,,,,4,5,53,0,,,,,,,,,,,,,,
00-0037816,R.Doubs,Romeo Doubs,WR,WR,,GB,2025,8,REG,,,,,,,,,,,,,,,,,,,,,,,,,,3,6,44,0,,,,,,,,,,,,,,
00-0037837,C.Austin,Calvin Austin III,WR,WR,,PIT,2025,8,REG,,,,,,,,,,,,,,,,,,,,,,,,,,4,6,28,0,,,,,,,,,,,,,,
00-0038120,B.Hall,Breece Hall,RB,RB,,NYJ,2025,8,REG,,,,,,,,,,,,,,,,,,18,133,2,,,,,,,,,,,,,,,,,,,,,,,
00-0038129,C.Otton,Cade Otton,TE,TE,,TB,2025,8,REG,,,,,,,,,,,,,,,,,,,,,,,,,,4,5,40,0,,,,,,,,,,,,,,
00-0038597,C.Brown,Chase Brown,RB,RB,,CIN,2025,8,REG,,,,,,,,,,,,,,,,,,12,73,1,,,,,,,,,,,,,,,,,,,,,,,
00-0038608,K.Boutte,Kayshon Boutte,WR,WR,,NE,2025,8,REG,,,,,,,,,,,,,,,,,,,,,,,,,,3,5,75,1,,,,,,,,,,,,,,
00-0038618,X.Hutchinson,Xavier Hutchinson,WR,WR,,HOU,2025,8,REG,,,,,,,,,,,,,,,,,,,,,,,,,,5,6,69,1,,,,,,,,,,,,,,
00-0038797,E.Wilson,Emanuel Wilson,RB,RB,,GB,2025,8,REG,,,,,,,,,,,,,,,,,,11,61,0,,,,,,,,,,,,,,,,,,,,,,,
00-0038951,S.Tucker,Sean Tucker,RB,RB,,TB,2025,8,REG,,,,,,,,,,,,,,,,,,12,42,1,,,,,,,,,,,,,,,,,,,,,,,
00-0038996,T.Kraft,Tucker Kraft,TE,TE,,GB,2025,8,REG,,,,,,,,,,,,,,,,,,,,,,,,,,7,9,143,2,,,,,,,,,,,,,,
00-0039040,D.Achane,De'Von Achane,RB,RB,,MIA,2025,8,REG,,,,,,,,,,,,,,,,,,18,67,0,,,,,,,,,,,,,,,,,,,,,,,
00-0039064,Z.Flowers,Zay Flowers,WR,WR,,BAL,2025,8,REG,,,,,,,,,,,,,,,,,,,,,,,,,,7,9,63,0,,,,,,,,,,,,,,
00-0039067,R.Rice,Rashee Rice,WR,WR,,KC,2025,8,REG,,,,,,,,,,,,,,,,,,,,,,,,,,9,9,93,1,,,,,,,,,,,,,,
00-0039163,C.Stroud,C.J. Stroud,QB,QB,,HOU,2025,8,REG,,30,39,318,2,1,,,,,,,,,,,,,,,,,,,,,,,,,,,,,,,,,,,,,
00-0039376,S.Rattler,Spencer Rattler,QB,QB,,NO,2025,8,REG,,15,21,136,0,1,,,,,,,,,,,,,,,,,,,,,,,,,,,,,,,,,,,,,
00-0039384,T.Tracy,Tyrone Tracy Jr.,RB,RB,,NYG,2025,8,REG,,,,,,,,,,,,,,,,,,10,39,0,,,,,,,,,,,,,,,,,,,,,,,
00-0039391,K.Vidal,Kimani Vidal,RB,RB,,LAC,2025,8,REG,,,,,,,,,,,,,,,,,,23,117,1,,,,,,,,,,,,,,,,,,,,,,,
00-0039424,D.Vele,Devaughn Vele,WR,WR,,NO,2025,8,REG,,,,,,,,,,,,,,,,,,,,,,,,,,1,5,10,0,,,,,,,,,,,,,,
00-0039732,B.Nix,Bo Nix,QB,QB,,DEN,2025,8,REG,,19,29,247,4,1,,,,,,,,,,,,,,,,,,,,,,,,,,,,,,,,,,,,,
00-0039739,R.Wilson,Roman Wilson,WR,WR,,PIT,2025,8,REG,,,,,,,,,,,,,,,,,,,,,,,,,,4,5,74,1,,,,,,,,,,,,,,
00-0039851,D.Maye,Drake Maye,QB,QB,,NE,2025,8,REG,,18,24,282,3,1,,,,,,,,,,,,,,,,,,,,,,,,,,,,,,,,,,,,,
00-0039868,T.Franklin,Troy Franklin,WR,WR,,DEN,2025,8,REG,,,,,,,,,,,,,,,,,,,,,,,,,,6,8,89,2,,,,,,,,,,,,,,
00-0039880,M.Washington,Malik Washington,WR,WR,,MIA,2025,8,REG,,,,,,,,,,,,,,,,,,,,,,,,,,4,5,36,1,,,,,,,,,,,,,,
00-0039894,X.Worthy,Xavier Worthy,WR,WR,,KC,2025,8,REG,,,,,,,,,,,,,,,,,,,,,,,,,,5,7,53,0,,,,,,,,,,,,,,
00-0039915,L.McConkey,Ladd McConkey,WR,WR,,LAC,2025,8,REG,,,,,,,,,,,,,,,,,,,,,,,,,,6,10,88,1,,,,,,,,,,,,,,
00-0039918,C.Williams,Caleb Williams,QB,QB,,CHI,2025,8,REG,,25,38,285,0,1,,,,,,,,,,,,,,,,,,,,,,,,,,,,,,,,,,,,,
00-0039919,R.Odunze,Rome Odunze,WR,WR,,CHI,2025,8,REG,,,,,,,,,,,,,,,,,,,,,,,,,,7,10,114,0,,,,,,,,,,,,,,
00-0040124,T.McMillan,Tetairoa McMillan,WR,WR,,CAR,2025,8,REG,,,,,,,,,,,,,,,,,,,,,,,,,,7,10,99,0,,,,,,,,,,,,,,
00-0040126,C.Loveland,Colston Loveland,TE,TE,,CHI,2025,8,REG,,,,,,,,,,,,,,,,,,,,,,,,,,3,5,38,0,,,,,,,,,,,,,,
00-0040128,T.Warren,Tyler Warren,TE,TE,,IND,2025,8,REG,,,,,,,,,,,,,,,,,,,,,,,,,,4,5,53,0,,,,,,,,,,,,,,
00-0040129,E.Egbuka,Emeka Egbuka,WR,WR,,TB,2025,8,REG,,,,,,,,,,,,,,,,,,,,,,,,,,3,9,35,0,,,,,,,,,,,,,,
00-0040130,J.Higgins,Jayden Higgins,WR,WR,,HOU,2025,8,REG,,,,,,,,,,,,,,,,,,,,,,,,,,4,8,34,1,,,,,,,,,,,,,,
00-0040138,J.Noel,Jaylin Noel,WR,WR,,HOU,2025,8,REG,,,,,,,,,,,,,,,,,,,,,,,,,,5,6,63,0,,,,,,,,,,,,,,
00-0040170,E.Ayomanor,Elic Ayomanor,WR,WR,,TEN,2025,8,REG,,,,,,,,,,,,,,,,,,,,,,,,,,4,8,52,0,,,,,,,,,,,,,,
00-0040189,O.Gadsden,Oronde Gadsden II,TE,TE,,LAC,2025,8,REG,,,,,,,,,,,,,,,,,,,,,,,,,,5,5,77,1,,,,,,,,,,,,,,
00-0040198,O.Gordon,Ollie Gordon II,RB,RB,,MIA,2025,8,REG,,,,,,,,,,,,,,,,,,10,46,0,,,,,,,,,,,,,,,,,,,,,,,
00-0040237,T.Johnson,Tez Johnson,WR,WR,,TB,2025,8,REG,,,,,,,,,,,,,,,,,,,,,,,,,,5,6,43,0,,,,,,,,,,,,,,
00-0040583,W.Marks,Woody Marks,RB,RB,,HOU,2025,8,REG,,,,,,,,,,,,,,,,,,11,62,0,,,,,,,,,,,,,,,,,,,,,,,
00-0040663,H.Fannin,Harold Fannin Jr.,TE,TE,,CLE,2025,8,REG,,,,,,,,,,,,,,,,,,,,,,,,,,6,8,62,1,,,,,,,,,,,,,,
00-0040676,C.Ward,Cam Ward,QB,QB,,TEN,2025,8,REG,,22,38,259,1,1,,,,,,,,,,,,,,,,,,,,,,,,,,,,,,,,,,,,,
00-0040691,J.Dart,Jaxson Dart,QB,QB,,NYG,2025,8,REG,,14,24,193,1,0,,,,,,,,,,,,,,,,,,,,,,,,,,,,,,,,,,,,,
00-0040704,D.Gabriel,Dillon Gabriel,QB,QB,,CLE,2025,8,REG,,21,35,156,2,2,,,,,,,,,,,,,,,,,,,,,,,,,,,,,,,,,,,,,
00-0040705,C.Dike,Chimere Dike,WR,WR,,TEN,2025,8,REG,,,,,,,,,,,,,,,,,,,,,,,,,,7,8,93,0,,,,,,,,,,,,,,
00-0040734,T.Henderson,TreVeyon Henderson,RB,RB,,NE,2025,8,REG,,,,,,,,,,,,,,,,,,10,75,0,,,,,,,,,,,,,,,,,,,,,,,
00-0040736,M.Taylor,Mason Taylor,TE,TE,,NYJ,2025,8,REG,,,,,,,,,,,,,,,,,,,,,,,,,,5,8,34,1,,,,,,,,,,,,,,
00-0040743,T.Shough,Tyler Shough,QB,QB,,NO,2025,8,REG,,17,30,128,0,1,,,,,,,,,,,,,,,,,,,,,,,,,,,,,,,,,,,,,
00-0023459,A.Rodgers,Aaron Rodgers,QB,QB,,PIT,2025,9,REG,,25,35,203,1,0,,,,,,,,,,,,,,,,,,,,,,,,,,,,,,,,,,,,,
00-0026158,J.Flacco,Joe Flacco,QB,QB,,CIN,2025,9,REG,,31,47,470,4,2,,,,,,,,,,,,,,,,,,,,,,,,,,,,,,,,,,,,,
00-0026498,M.Stafford,Matthew Stafford,QB,QB,,LAR,2025,9,REG,,24,32,281,4,0,,,,,,,,,,,,,,,,,,,,,,,,,,,,,,,,,,,,,
00-0030279,K.Allen,Keenan Allen,WR,WR,,LAC,2025,9,REG,,,,,,,,,,,,,,,,,,,,,,,,,,2,5,41,0,,,,,,,,,,,,,,
00-0030506,T.Kelce,Travis Kelce,TE,TE,,KC,2025,9,REG,,,,,,,,,,,,,,,,,,,,,,,,,,4,5,66,0,,,,,,,,,,,,,,
00-0030565,G.Smith,Geno Smith,QB,QB,,LV,2025,9,REG,,29,39,284,4,1,,,,,,,,,,,,,,,,,,,,,,,,,,,,,,,,,,,,,
00-0031381,D.Adams,Davante Adams,WR,WR,,LAR,2025,9,REG,,,,,,,,,,,,,,,,,,,,,,,,,,5,7,60,2,,,,,,,,,,,,,,
00-0032764,D.Henry,Derrick Henry,RB,RB,,BAL,2025,9,REG,,,,,,,,,,,,,,,,,,19,119,0,,,,,,,,,,,,,,,,,,,,,,,
00-0033077,D.Prescott,Dak Prescott,QB,QB,,DAL,2025,9,REG,,24,39,250,1,1,,,,,,,,,,,,,,,,,,,,,,,,,,,,,,,,,,,,,
00-0033090,H.Henry,Hunter Henry,TE,TE,,NE,2025,9,REG,,,,,,,,,,,,,,,,,,,,,,,,,,4,6,51,0,,,,,,,,,,,,,,
00-0033106,J.Goff,Jared Goff,QB,QB,,DET,2025,9,REG,,25,37,284,2,0,,,,,,,,,,,,,,,,,,,,,,,,,,,,,,,,,,,,,
00-0033119,J.Brissett,Jacoby Brissett,QB,QB,,ARI,2025,9,REG,,21,31,261,2,0,,,,,,,,,,,,,,,,,,,,,,,,,,,,,,,,,,,,,
00-0033280,C.McCaffrey,Christian McCaffrey,RB,RB,,SF,2025,9,REG,,,,,,,,,,,,,,,,,,28,106,1,,,,,,,,,,,,,,,,,,,,,,,
00-0033858,J.Smith,Jonnu Smith,TE,TE,,PIT,2025,9,REG,,,,,,,,,,,,,,,,,,,,,,,,,,3,5,25,0,,,,,,,,,,,,,,
00-0033873,P.Mahomes,Patrick Mahomes,QB,QB,,KC,2025,9,REG,,15,34,250,0,1,,,,,,,,,,,,,,,,,,,,,,,,,,,,,,,,,,,,,
00-0033923,K.Hunt,Kareem Hunt,RB,RB,,KC,2025,9,REG,,,,,,,,,,,,,,,,,,11,49,1,,,,,,,,,,,,,,,,,,,,,,,
00-0034348,C.Sutton,Courtland Sutton,WR,WR,,DEN,2025,9,REG,,,,,,,,,,,,,,,,,,,,,,,,,,1,6,30,1,,,,,,,,,,,,,,
00-0034383,D.Schultz,Dalton Schultz,TE,TE,,HOU,2025,9,REG,,,,,,,,,,,,,,,,,,,,,,,,,,6,8,77,0,,,,,,,,,,,,,,
00-0034775,C.Kirk,Christian Kirk,WR,WR,,HOU,2025,9,REG,,,,,,,,,,,,,,,,,,,,,,,,,,4,8,26,0,,,,,,,,,,,,,,
00-0034791,N.Chubb,Nick Chubb,RB,RB,,HOU,2025,9,REG,,,,,,,,,,,,,,,,,,11,34,0,,,,,,,,,,,,,,,,,,,,,,,
00-0034796,L.Jackson,Lamar Jackson,QB,QB,,BAL,2025,9,REG,,18,23,204,4,0,,,,,,,,,,,,,,,,,,,,,,,,,,,,,,,,,,,,,
00-0034827,D.Moore,DJ Moore,WR,WR,,CHI,2025,9,REG,,,,,,,,,,,,,,,,,,,,,,,,,,4,6,72,0,,,,,,,,,,,,,,
00-0034857,J.Allen,Josh Allen,QB,QB,,BUF,2025,9,REG,,23,26,273,1,0,,,,,,,,,,,,,,,,,,,,,,,,,,,,,,,,,,,,,
00-0034869,S.Darnold,Sam Darnold,QB,QB,,SEA,2025,9,REG,,21,24,330,4,1,,,,,,,,,,,,,,,,,,,,,,,,,,,,,,,,,,,,,
00-0034960,J.Meyers,Jakobi Meyers,WR,WR,,LV,2025,9,REG,,,,,,,,,,,,,,,,,,,,,,,,,,4,6,23,0,,,,,,,,,,,,,,
00-0035208,O.Zaccheaus,Olamide Zaccheaus,WR,WR,,CHI,2025,9,REG,,,,,,,,,,,,,,,,,,,,,,,,,,6,8,58,1,,,,,,,,,,,,,,
00-0035261,T.Pollard,Tony Pollard,RB,RB,,TEN,2025,9,REG,,,,,,,,,,,,,,,,,,10,56,0,,,,,,,,,,,,,,,,,,,,,,,
00-0035535,D.Slayton,Darius Slayton,WR,WR,,NYG,2025,9,REG,,,,,,,,,,,,,,,,,,,,,,,,,,5,7,62,0,,,,,,,,,,,,,,
00-0035685,D.Montgomery,David Montgomery,RB,RB,,DET,2025,9,REG,,,,,,,,,,,,,,,,,,11,40,1,,,,,,,,,,,,,,,,,,,,,,,
00-0035700,J.Jacobs,Josh Jacobs,RB,RB,,GB,2025,9,REG,,,,,,,,,,,,,,,,,,17,87,1,,,,,,,,,,,,,,,,,,,,,,,
00-0035710,D.Jones,Daniel Jones,QB,QB,,IND,2025,9,REG,,31,50,342,1,3,,,,,,,,,,,,,,,,,,,,,,,,,,,,,,,,,,,,,
00-0035719,D.Samuel,Deebo Samuel Sr.,WR,WR,,WAS,2025,9,REG,,,,,,,,,,,,,,,,,,,,,,,,,,5,6,41,0,,,,,,,,,,,,,,
00-0036139,R.Dowdle,Rico Dowdle,RB,RB,,CAR,2025,9,REG,,,,,,,,,,,,,,,,,,25,130,2,,,,,,,,,,,,,,,,,,,,,,,
00-0036158,J.Dobbins,J.K. Dobbins,RB,RB,,DEN,2025,9,REG,,,,,,,,,,,,,,,,,,15,61,0,,,,,,,,,,,,,,,,,,,,,,,
00-0036212,T.Tagovailoa,Tua Tagovailoa,QB,QB,,MIA,2025,9,REG,,25,40,261,0,1,,,,,,,,,,,,,,,,,,,,,,,,,,,,,,,,,,,,,
00-0036223,J.Taylor,Jonathan Taylor,RB,RB,,IND,2025,9,REG,,,,,,,,,,,,,,,,,,14,45,0,,,,,,,,,,,,,,,,,,,,,,,
00-0036252,M.Pittman,Michael Pittman,WR,WR,,IND,2025,9,REG,,,,,,,,,,,,,,,,,,,,,,,,,,9,12,115,0,,,,,,,,,,,,,,
00-0036259,J.Jennings,Jauan Jennings,WR,WR,,SF,2025,9,REG,,,,,,,,,,,,,,,,,,,,,,,,,,4,5,41,1,,,,,,,,,,,,,,
00-0036264,J.Love,Jordan Love,QB,QB,,GB,2025,9,REG,,26,37,273,0,1,,,,,,,,,,,,,,,,,,,,,,,,,,,,,,,,,,,,,
00-0036322,J.Jefferson,Justin Jefferson,WR,WR,,MIN,2025,9,REG,,,,,,,,,,,,,,,,,,,,,,,,,,6,9,47,1,,,,,,,,,,,,,,
00-0036355,J.Herbert,Justin Herbert,QB,QB,,LAC,2025,9,REG,,19,29,250,2,1,,,,,,,,,,,,,,,,,,,,,,,,,,,,,,,,,,,,,
00-0036358,C.Lamb,CeeDee Lamb,WR,WR,,DAL,2025,9,REG,,,,,,,,,,,,,,,,,,,,,,,,,,7,12,85,0,,,,,,,,,,,,,,
00-0036410,T.Higgins,Tee Higgins,WR,WR,,CIN,2025,9,REG,,,,,,,,,,,,,,,,,,,,,,,,,,7,9,121,2,,,,,,,,,,,,,,
00-0036554,N.Collins,Nico Collins,WR,WR,,HOU,2025,9,REG,,,,,,,,,,,,,,,,,,,,,,,,,,7,11,75,0,,,,,,,,,,,,,,
00-0036613,J.Waddle,Jaylen Waddle,WR,WR,,MIA,2025,9,REG,,,,,,,,,,,,,,,,,,,,,,,,,,6,9,82,0,,,,,,,,,,,,,,
00-0036626,D.Brown,Dyami Brown,WR,WR,,JAX,2025,9,REG,,,,,,,,,,,,,,,,,,,,,,,,,,3,7,25,0,,,,,,,,,,,,,,
00-0036898,D.Mills,Davis Mills,QB,QB,,HOU,2025,9,REG,,17,30,137,0,0,,,,,,,,,,,,,,,,,,,,,,,,,,,,,,,,,,,,,
00-0036900,J.Chase,Ja'Marr Chase,WR,WR,,CIN,2025,9,REG,,,,,,,,,,,,,,,,,,,,,,,,,,6,8,111,0,,,,,,,,,,,,,,
00-0036963,A.St. Brown,Amon-Ra St. Brown,WR,WR,,DET,2025,9,REG,,,,,,,,,,,,,,,,,,,,,,,,,,9,13,97,0,,,,,,,,,,,,,,
00-0036970,K.Pitts,Kyle Pitts,TE,TE,,ATL,2025,9,REG,,,,,,,,,,,,,,,,,,,,,,,,,,4,7,38,0,,,,,,,,,,,,,,
00-0036971,T.Lawrence,Trevor Lawrence,QB,QB,,JAX,2025,9,REG,,23,34,220,0,1,,,,,,,,,,,,,,,,,,,,,,,,,,,,,,,,,,,,,
00-0036972,M.Jones,Mac Jones,QB,QB,,SF,2025,9,REG,,19,24,235,2,0,,,,,,,,,,,,,,,,,,,,,,,,,,,,,,,,,,,,,
00-0036973,T.Etienne,Travis Etienne,RB,RB,,JAX,2025,9,REG,,,,,,,,,,,,,,,,,,22,84,0,,,,,,,,,,,,,,,,,,,,,,,
00-0036997,J.Williams,Javonte Williams,RB,RB,,DAL,2025,9,REG,,,,,,,,,,,,,,,,,,15,83,0,,,,,,,,,,,,,,,,,,,,,,,
00-0037228,J.Warren,Jaylen Warren,RB,RB,,PIT,2025,9,REG,,,,,,,,,,,,,,,,,,16,31,2,,,,,,,,,,,,,,,,,,,,,,,
00-0037238,D.London,Drake London,WR,WR,,ATL,2025,9,REG,,,,,,,,,,,,,,,,,,,,,,,,,,9,14,118,3,,,,,,,,,,,,,,
00-0037240,J.Williams,Jameson Williams,WR,WR,,DET,2025,9,REG,,,,,,,,,,,,,,,,,,,,,,,,,,4,6,66,1,,,,,,,,,,,,,,
00-0037247,G.Pickens,George Pickens,WR,WR,,DAL,2025,9,REG,,,,,,,,,,,,,,,,,,,,,,,,,,6,9,79,0,,,,,,,,,,,,,,
00-0037248,J.Cook,James Cook,RB,RB,,BUF,2025,9,REG,,,,,,,,,,,,,,,,,,27,114,0,,,,,,,,,,,,,,,,,,,,,,,
00-0037252,G.Dulcich,Greg Dulcich,TE,TE,,MIA,2025,9,REG,,,,,,,,,,,,,,,,,,,,,,,,,,5,5,49,0,,,,,,,,,,,,,,
00-0037261,K.Shakir,Khalil Shakir,WR,WR,,BUF,2025,9,REG,,,,,,,,,,,,,,,,,,,,,,,,,,7,8,43,0,,,,,,,,,,,,,,
00-0037525,J.Mason,Jordan Mason,RB,RB,,MIN,2025,9,REG,,,,,,,,,,,,,,,,,,10,36,0,,,,,,,,,,,,,,,,,,,,,,,
00-0037545,R.Shaheed,Rashid Shaheed,WR,WR,,NO,2025,9,REG,,,,,,,,,,,,,,,,,,,,,,,,,,5,9,68,0,,,,,,,,,,,,,,
00-0037664,A.Pierce,Alec Pierce,WR,WR,,IND,2025,9,REG,,,,,,,,,,,,,,,,,,,,,,,,,,6,13,115,0,,,,,,,,,,,,,,
00-0037744,T.McBride,Trey McBride,TE,TE,,ARI,2025,9,REG,,,,,,,,,,,,,,,,,,,,,,,,,,5,9,55,1,,,,,,,,,,,,,,
00-0037816,R.Doubs,Romeo Doubs,WR,WR,,GB,2025,9,REG,,,,,,,,,,,,,,,,,,,,,,,,,,7,10,91,0,,,,,,,,,,,,,,
00-0037837,C.Austin,Calvin Austin III,WR,WR,,PIT,2025,9,REG,,,,,,,,,,,,,,,,,,,,,,,,,,5,6,56,0,,,,,,,,,,,,,,
00-0037840,K.Williams,Kyren Williams,RB,RB,,LAR,2025,9,REG,,,,,,,,,,,,,,,,,,25,114,1,,,,,,,,,,,,,,,,,,,,,,,
00-0038041,J.Ferguson,Jake Ferguson,TE,TE,,DAL,2025,9,REG,,,,,,,,,,,,,,,,,,,,,,,,,,5,7,50,0,,,,,,,,,,,,,,
00-0038117,W.Robinson,Wan'Dale Robinson,WR,WR,,NYG,2025,9,REG,,,,,,,,,,,,,,,,,,,,,,,,,,9,11,46,0,,,,,,,,,,,,,,
00-0038134,K.Walker,Kenneth Walker III,RB,RB,,SEA,2025,9,REG,,,,,,,,,,,,,,,,,,11,42,0,,,,,,,,,,,,,,,,,,,,,,,
00-0038542,B.Robinson,Bijan Robinson,RB,RB,,ATL,2025,9,REG,,,,,,,,,,,,,,,,,,12,46,0,,,,,,,,,,,,,,,,,,,,,,,
00-0038543,J.Smith-Njigba,Jaxon Smith-Njigba,WR,WR,,SEA,2025,9,REG,,,,,,,,,,,,,,,,,,,,,,,,,,8,9,129,0,,,,,,,,,,,,,,
00-0038544,Q.Johnston,Quentin Johnston,WR,WR,,LAC,2025,9,REG,,,,,,,,,,,,,,,,,,,,,,,,,,4,6,53,1,,,,,,,,,,,,,,
00-0038558,D.Washington,Darnell Washington,TE,TE,,PIT,2025,9,REG,,,,,,,,,,,,,,,,,,,,,,,,,,4,6,43,0,,,,,,,,,,,,,,
00-0038597,C.Brown,Chase Brown,RB,RB,,CIN,2025,9,REG,,,,,,,,,,,,,,,,,,11,37,0,,,,,,,,,,,,,,,,,,,,,,,
00-0038606,P.Washington,Parker Washington,WR,WR,,JAX,2025,9,REG,,,,,,,,,,,,,,,,,,,,,,,,,,8,9,90,0,,,,,,,,,,,,,,
00-0038611,C.Rodriguez,Chris Rodriguez Jr.,RB,RB,,WAS,2025,9,REG,,,,,,,,,,,,,,,,,,12,65,1,,,,,,,,,,,,,,,,,,,,,,,
00-0038618,X.Hutchinson,Xavier Hutchinson,WR,WR,,HOU,2025,9,REG,,,,,,,,,,,,,,,,,,,,,,,,,,3,5,30,0,,,,,,,,,,,,,,
00-0038619,A.Iosivas,Andrei Iosivas,WR,WR,,CIN,2025,9,REG,,,,,,,,,,,,,,,,,,,,,,,,,,5,7,66,1,,,,,,,,,,,,,,
00-0038621,D.Douglas,DeMario Douglas,WR,WR,,NE,2025,9,REG,,,,,,,,,,,,,,,,,,,,,,,,,,4,6,100,1,,,,,,,,,,,,,,
00-0038705,E.Demercado,Emari Demercado,RB,RB,,ARI,2025,9,REG,,,,,,,,,,,,,,,,,,14,79,0,,,,,,,,,,,,,,,,,,,,,,,
00-0038933,D.Kincaid,Dalton Kincaid,TE,TE,,BUF,2025,9,REG,,,,,,,,,,,,,,,,,,,,,,,,,,6,6,101,1,,,,,,,,,,,,,,
00-0038997,J.Downs,Josh Downs,WR,WR,,IND,2025,9,REG,,,,,,,,,,,,,,,,,,,,,,,,,,6,9,50,1,,,,,,,,,,,,,,
00-0039040,D.Achane,De'Von Achane,RB,RB,,MIA,2025,9,REG,,,,,,,,,,,,,,,,,,14,67,0,,,,,,,,,,,,,,,,,,,,,,,
00-0039064,Z.Flowers,Zay Flowers,WR,WR,,BAL,2025,9,REG,,,,,,,,,,,,,,,,,,,,,,,,,,5,5,64,0,,,,,,,,,,,,,,
00-0039065,S.LaPorta,Sam LaPorta,TE,TE,,DET,2025,9,REG,,,,,,,,,,,,,,,,,,,,,,,,,,6,8,97,1,,,,,,,,,,,,,,
00-0039066,M.Mayer,Michael Mayer,TE,TE,,LV,2025,9,REG,,,,,,,,,,,,,,,,,,,,,,,,,,3,7,26,0,,,,,,,,,,,,,,
00-0039067,R.Rice,Rashee Rice,WR,WR,,KC,2025,9,REG,,,,,,,,,,,,,,,,,,,,,,,,,,4,7,80,0,,,,,,,,,,,,,,
00-0039075,P.Nacua,Puka Nacua,WR,WR,,LAR,2025,9,REG,,,,,,,,,,,,,,,,,,,,,,,,,,7,8,95,1,,,,,,,,,,,,,,
00-0039150,B.Young,Bryce Young,QB,QB,,CAR,2025,9,REG,,11,20,102,0,1,,,,,,,,,,,,,,,,,,,,,,,,,,,,,,,,,,,,,
00-0039338,B.Bowers,Brock Bowers,TE,TE,,LV,2025,9,REG,,,,,,,,,,,,,,,,,,,,,,,,,,12,13,127,3,,,,,,,,,,,,,,
00-0039391,K.Vidal,Kimani Vidal,RB,RB,,LAC,2025,9,REG,,,,,,,,,,,,,,,,,,12,30,0,,,,,,,,,,,,,,,,,,,,,,,
00-0039732,B.Nix,Bo Nix,QB,QB,,DEN,2025,9,REG,,18,37,173,2,1,,,,,,,,,,,,,,,,,,,,,,,,,,,,,,,,,,,,,
00-0039738,B.Corum,Blake Corum,RB,RB,,LAR,2025,9,REG,,,,,,,,,,,,,,,,,,13,58,0,,,,,,,,,,,,,,,,,,,,,,,
00-0039757,T.Jennings,Terrell Jennings,RB,RB,,NE,2025,9,REG,,,,,,,,,,,,,,,,,,11,35,1,,,,,,,,,,,,,,,,,,,,,,,
00-0039847,T.Johnson,Theo Johnson,TE,TE,,NYG,2025,9,REG,,,,,,,,,,,,,,,,,,,,,,,,,,3,6,27,1,,,,,,,,,,,,,,
00-0039849,M.Harrison,Marvin Harrison Jr.,WR,WR,,ARI,2025,9,REG,,,,,,,,,,,,,,,,,,,,,,,,,,7,10,96,1,,,,,,,,,,,,,,
00-0039851,D.Maye,Drake Maye,QB,QB,,NE,2025,9,REG,,19,29,259,2,1,,,,,,,,,,,,,,,,,,,,,,,,,,,,,,,,,,,,,
00-0039868,T.Franklin,Troy Franklin,WR,WR,,DEN,2025,9,REG,,,,,,,,,,,,,,,,,,,,,,,,,,4,10,27,0,,,,,,,,,,,,,,
00-0039893,B.Thomas,Brian Thomas Jr.,WR,WR,,JAX,2025,9,REG,,,,,,,,,,,,,,,,,,,,,,,,,,3,5,55,0,,,,,,,,,,,,,,
00-0039894,X.Worthy,Xavier Worthy,WR,WR,,KC,2025,9,REG,,,,,,,,,,,,,,,,,,,,,,,,,,3,7,23,0,,,,,,,,,,,,,,
00-0039910,J.Daniels,Jayden Daniels,QB,QB,,WAS,2025,9,REG,,16,22,153,0,1,,,,,,,,,,,,,,,,,,,,,,,,,,,,,,,,,,,,,
00-0039915,L.McConkey,Ladd McConkey,WR,WR,,LAC,2025,9,REG,,,,,,,,,,,,,,,,,,,,,,,,,,4,6,56,0,,,,,,,,,,,,,,
00-0039917,M.Penix,Michael Penix Jr.,QB,QB,,ATL,2025,9,REG,,22,37,221,3,0,,,,,,,,,,,,,,,,,,,,,,,,,,,,,,,,,,,,,
00-0039918,C.Williams,Caleb Williams,QB,QB,,CHI,2025,9,REG,,20,34,280,3,0,,,,,,,,,,,,,,,,,,,,,,,,,,,,,,,,,,,,,
00-0039923,J.McCarthy,J.J. McCarthy,QB,QB,,MIN,2025,9,REG,,14,25,143,2,1,,,,,,,,,,,,,,,,,,,,,,,,,,,,,,,,,,,,,
00-0040122,A.Jeanty,Ashton Jeanty,RB,RB,,LV,2025,9,REG,,,,,,,,,,,,,,,,,,13,42,0,,,,,,,,,,,,,,,,,,,,,,,
00-0040124,T.McMillan,Tetairoa McMillan,WR,WR,,CAR,2025,9,REG,,,,,,,,,,,,,,,,,,,,,,,,,,4,6,46,0,,,,,,,,,,,,,,
00-0040126,C.Loveland,Colston Loveland,TE,TE,,CHI,2025,9,REG,,,,,,,,,,,,,,,,,,,,,,,,,,6,7,118,2,,,,,,,,,,,,,,
00-0040128,T.Warren,Tyler Warren,TE,TE,,IND,2025,9,REG,,,,,,,,,,,,,,,,,,,,,,,,,,5,7,26,0,,,,,,,,,,,,,,
00-0040164,J.Lane,Jaylin Lane,WR,WR,,WAS,2025,9,REG,,,,,,,,,,,,,,,,,,,,,,,,,,3,5,29,0,,,,,,,,,,,,,,
00-0040170,E.Ayomanor,Elic Ayomanor,WR,WR,,TEN,2025,9,REG,,,,,,,,,,,,,,,,,,,,,,,,,,3,6,46,0,,,,,,,,,,,,,,
00-0040189,O.Gadsden,Oronde Gadsden II,TE,TE,,LAC,2025,9,REG,,,,,,,,,,,,,,,,,,,,,,,,,,5,5,68,0,,,,,,,,,,,,,,
00-0040236,K.Monangai,Kyle Monangai,RB,RB,,CHI,2025,9,REG,,,,,,,,,,,,,,,,,,26,176,0,,,,,,,,,,,,,,,,,,,,,,,
00-0040242,J.Croskey-Merritt,Jacory Croskey-Merritt,RB,RB,,WAS,2025,9,REG,,,,,,,,,,,,,,,,,,12,38,0,,,,,,,,,,,,,,,,,,,,,,,
00-0040583,W.Marks,Woody Marks,RB,RB,,HOU,2025,9,REG,,,,,,,,,,,,,,,,,,10,27,0,,,,,,,,,,,,,,,,,,,,,,,
00-0040676,C.Ward,Cam Ward,QB,QB,,TEN,2025,9,REG,,12,21,145,0,0,,,,,,,,,,,,,,,,,,,,,,,,,,,,,,,,,,,,,
00-0040691,J.Dart,Jaxson Dart,QB,QB,,NYG,2025,9,REG,,24,33,191,2,0,,,,,,,,,,,,,,,,,,,,,,,,,,,,,,,,,,,,,
00-0040734,T.Henderson,TreVeyon Henderson,RB,RB,,NE,2025,9,REG,,,,,,,,,,,,,,,,,,14,55,0,,,,,,,,,,,,,,,,,,,,,,,
00-0040743,T.Shough,Tyler Shough,QB,QB,,NO,2025,9,REG,,15,24,176,1,1,,,,,,,,,,,,,,,,,,,,,,,,,,,,,,,,,,,,,
00-0023459,A.Rodgers,Aaron Rodgers,QB,QB,,PIT,2025,10,REG,,16,31,161,1,2,,,,,,,,,,,,,,,,,,,,,,,,,,,,,,,,,,,,,
00-0026498,M.Stafford,Matthew Stafford,QB,QB,,LAR,2025,10,REG,,24,36,280,4,0,,,,,,,,,,,,,,,,,,,,,,,,,,,,,,,,,,,,,
00-0030061,Z.Ertz,Zach Ertz,TE,TE,,WAS,2025,10,REG,,,,,,,,,,,,,,,,,,,,,,,,,,4,5,54,0,,,,,,,,,,,,,,
00-0030279,K.Allen,Keenan Allen,WR,WR,,LAC,2025,10,REG,,,,,,,,,,,,,,,,,,,,,,,,,,2,5,19,0,,,,,,,,,,,,,,
00-0030565,G.Smith,Geno Smith,QB,QB,,LV,2025,10,REG,,16,26,143,0,1,,,,,,,,,,,,,,,,,,,,,,,,,,,,,,,,,,,,,
00-0031381,D.Adams,Davante Adams,WR,WR,,LAR,2025,10,REG,,,,,,,,,,,,,,,,,,,,,,,,,,6,8,77,1,,,,,,,,,,,,,,
00-0031588,S.Diggs,Stefon Diggs,WR,WR,,NE,2025,10,REG,,,,,,,,,,,,,,,,,,,,,,,,,,5,8,46,1,,,,,,,,,,,,,,
00-0032211,T.Lockett,Tyler Lockett,WR,WR,,LV,2025,10,REG,,,,,,,,,,,,,,,,,,,,,,,,,,5,6,44,0,,,,,,,,,,,,,,
00-0032268,M.Mariota,Marcus Mariota,QB,QB,,WAS,2025,10,REG,,16,22,213,2,0,,,,,,,,,,,,,,,,,,,,,,,,,,,,,,,,,,,,,
00-0032764,D.Henry,Derrick Henry,RB,RB,,BAL,2025,10,REG,,,,,,,,,,,,,,,,,,20,75,0,,,,,,,,,,,,,,,,,,,,,,,
00-0033106,J.Goff,Jared Goff,QB,QB,,DET,2025,10,REG,,25,33,320,3,0,,,,,,,,,,,,,,,,,,,,,,,,,,,,,,,,,,,,,
00-0033119,J.Brissett,Jacoby Brissett,QB,QB,,ARI,2025,10,REG,,22,44,258,2,0,,,,,,,,,,,,,,,,,,,,,,,,,,,,,,,,,,,,,
00-0033280,C.McCaffrey,Christian McCaffrey,RB,RB,,SF,2025,10,REG,,,,,,,,,,,,,,,,,,12,30,0,,,,,,,,,,,,,,,,,,,,,,,
00-0033288,G.Kittle,George Kittle,TE,TE,,SF,2025,10,REG,,,,,,,,,,,,,,,,,,,,,,,,,,9,9,84,1,,,,,,,,,,,,,,
00-0033555,M.Hollins,Mack Hollins,WR,WR,,NE,2025,10,REG,,,,,,,,,,,,,,,,,,,,,,,,,,6,10,106,0,,,,,,,,,,,,,,
00-0033881,E.Engram,Evan Engram,TE,TE,,DEN,2025,10,REG,,,,,,,,,,,,,,,,,,,,,,,,,,2,5,12,0,,,,,,,,,,,,,,
00-0033906,A.Kamara,Alvin Kamara,RB,RB,,NO,2025,10,REG,,,,,,,,,,,,,,,,,,22,83,0,,,,,,,,,,,,,,,,,,,,,,,
00-0034351,D.Goedert,Dallas Goedert,TE,TE,,PHI,2025,10,REG,,,,,,,,,,,,,,,,,,,,,,,,,,4,6,43,0,,,,,,,,,,,,,,
00-0034383,D.Schultz,Dalton Schultz,TE,TE,,HOU,2025,10,REG,,,,,,,,,,,,,,,,,,,,,,,,,,7,11,53,1,,,,,,,,,,,,,,
00-0034753,M.Andrews,Mark Andrews,TE,TE,,BAL,2025,10,REG,,,,,,,,,,,,,,,,,,,,,,,,,,3,5,14,1,,,,,,,,,,,,,,
00-0034796,L.Jackson,Lamar Jackson,QB,QB,,BAL,2025,10,REG,,17,29,176,1,0,,,,,,,,,,,,,,,,,,,,,,,,,,,,,,,,,,,,,
00-0034844,S.Barkley,Saquon Barkley,RB,RB,,PHI,2025,10,REG,,,,,,,,,,,,,,,,,,22,60,0,,,,,,,,,,,,,,,,,,,,,,,
00-0034855,B.Mayfield,Baker Mayfield,QB,QB,,TB,2025,10,REG,,28,43,273,3,0,,,,,,,,,,,,,,,,,,,,,,,,,,,,,,,,,,,,,
00-0034857,J.Allen,Josh Allen,QB,QB,,BUF,2025,10,REG,,28,40,306,2,1,,,,,,,,,,,,,,,,,,,,,,,,,,,,,,,,,,,,,
00-0035640,D.Metcalf,DK Metcalf,WR,WR,,PIT,2025,10,REG,,,,,,,,,,,,,,,,,,,,,,,,,,3,7,35,0,,,,,,,,,,,,,,
00-0035685,D.Montgomery,David Montgomery,RB,RB,,DET,2025,10,REG,,,,,,,,,,,,,,,,,,15,71,0,,,,,,,,,,,,,,,,,,,,,,,
00-0035700,J.Jacobs,Josh Jacobs,RB,RB,,GB,2025,10,REG,,,,,,,,,,,,,,,,,,21,74,1,,,,,,,,,,,,,,,,,,,,,,,
00-0035710,D.Jones,Daniel Jones,QB,QB,,IND,2025,10,REG,,19,26,255,1,1,,,,,,,,,,,,,,,,,,,,,,,,,,,,,,,,,,,,,
00-0035719,D.Samuel,Deebo Samuel Sr.,WR,WR,,WAS,2025,10,REG,,,,,,,,,,,,,,,,,,,,,,,,,,4,5,29,1,,,,,,,,,,,,,,
00-0036139,R.Dowdle,Rico Dowdle,RB,RB,,CAR,2025,10,REG,,,,,,,,,,,,,,,,,,18,53,1,,,,,,,,,,,,,,,,,,,,,,,
00-0036158,J.Dobbins,J.K. Dobbins,RB,RB,,DEN,2025,10,REG,,,,,,,,,,,,,,,,,,18,77,0,,,,,,,,,,,,,,,,,,,,,,,
00-0036212,T.Tagovailoa,Tua Tagovailoa,QB,QB,,MIA,2025,10,REG,,15,21,173,2,2,,,,,,,,,,,,,,,,,,,,,,,,,,,,,,,,,,,,,
00-0036223,J.Taylor,Jonathan Taylor,RB,RB,,IND,2025,10,REG,,,,,,,,,,,,,,,,,,32,244,3,,,,,,,,,,,,,,,,,,,,,,,
00-0036244,C.Parkinson,Colby Parkinson,TE,TE,,LAR,2025,10,REG,,,,,,,,,,,,,,,,,,,,,,,,,,4,5,41,1,,,,,,,,,,,,,,
00-0036259,J.Jennings,Jauan Jennings,WR,WR,,SF,2025,10,REG,,,,,,,,,,,,,,,,,,,,,,,,,,6,9,71,1,,,,,,,,,,,,,,
00-0036264,J.Love,Jordan Love,QB,QB,,GB,2025,10,REG,,20,36,176,0,0,,,,,,,,,,,,,,,,,,,,,,,,,,,,,,,,,,,,,
00-0036275,D.Swift,D'Andre Swift,RB,RB,,CHI,2025,10,REG,,,,,,,,,,,,,,,,,,13,80,0,,,,,,,,,,,,,,,,,,,,,,,
00-0036309,D.Mooney,Darnell Mooney,WR,WR,,ATL,2025,10,REG,,,,,,,,,,,,,,,,,,,,,,,,,,1,8,17,0,,,,,,,,,,,,,,
00-0036322,J.Jefferson,Justin Jefferson,WR,WR,,MIN,2025,10,REG,,,,,,,,,,,,,,,,,,,,,,,,,,4,12,37,0,,,,,,,,,,,,,,
00-0036355,J.Herbert,Justin Herbert,QB,QB,,LAC,2025,10,REG,,20,33,220,1,0,,,,,,,,,,,,,,,,,,,,,,,,,,,,,,,,,,,,,
00-0036389,J.Hurts,Jalen Hurts,QB,QB,,PHI,2025,10,REG,,15,26,183,1,0,,,,,,,,,,,,,,,,,,,,,,,,,,,,,,,,,,,,,
00-0036407,J.Jeudy,Jerry Jeudy,WR,WR,,CLE,2025,10,REG,,,,,,,,,,,,,,,,,,,,,,,,,,6,12,78,1,,,,,,,,,,,,,,
00-0036554,N.Collins,Nico Collins,WR,WR,,HOU,2025,10,REG,,,,,,,,,,,,,,,,,,,,,,,,,,7,15,136,0,,,,,,,,,,,,,,
00-0036613,J.Waddle,Jaylen Waddle,WR,WR,,MIA,2025,10,REG,,,,,,,,,,,,,,,,,,,,,,,,,,5,7,84,1,,,,,,,,,,,,,,
00-0036898,D.Mills,Davis Mills,QB,QB,,HOU,2025,10,REG,,27,45,292,2,1,,,,,,,,,,,,,,,,,,,,,,,,,,,,,,,,,,,,,
00-0036912,D.Smith,DeVonta Smith,WR,WR,,PHI,2025,10,REG,,,,,,,,,,,,,,,,,,,,,,,,,,4,7,69,1,,,,,,,,,,,,,,
00-0036963,A.St. Brown,Amon-Ra St. Brown,WR,WR,,DET,2025,10,REG,,,,,,,,,,,,,,,,,,,,,,,,,,5,8,58,1,,,,,,,,,,,,,,
00-0036970,K.Pitts,Kyle Pitts,TE,TE,,ATL,2025,10,REG,,,,,,,,,,,,,,,,,,,,,,,,,,2,5,38,0,,,,,,,,,,,,,,
00-0036971,T.Lawrence,Trevor Lawrence,QB,QB,,JAX,2025,10,REG,,13,23,158,1,1,,,,,,,,,,,,,,,,,,,,,,,,,,,,,,,,,,,,,
00-0036972,M.Jones,Mac Jones,QB,QB,,SF,2025,10,REG,,33,39,319,3,1,,,,,,,,,,,,,,,,,,,,,,,,,,,,,,,,,,,,,
00-0036973,T.Etienne,Travis Etienne,RB,RB,,JAX,2025,10,REG,,,,,,,,,,,,,,,,,,16,58,1,,,,,,,,,,,,,,,,,,,,,,,
00-0037157,Z.Knight,Bam Knight,RB,RB,,ARI,2025,10,REG,,,,,,,,,,,,,,,,,,10,28,0,,,,,,,,,,,,,,,,,,,,,,,
00-0037228,J.Warren,Jaylen Warren,RB,RB,,PIT,2025,10,REG,,,,,,,,,,,,,,,,,,14,70,0,,,,,,,,,,,,,,,,,,,,,,,
00-0037238,D.London,Drake London,WR,WR,,ATL,2025,10,REG,,,,,,,,,,,,,,,,,,,,,,,,,,6,8,104,1,,,,,,,,,,,,,,
00-0037239,C.Olave,Chris Olave,WR,WR,,NO,2025,10,REG,,,,,,,,,,,,,,,,,,,,,,,,,,5,8,104,1,,,,,,,,,,,,,,
00-0037240,J.Williams,Jameson Williams,WR,WR,,DET,2025,10,REG,,,,,,,,,,,,,,,,,,,,,,,,,,6,7,119,1,,,,,,,,,,,,,,
00-0037248,J.Cook,James Cook,RB,RB,,BUF,2025,10,REG,,,,,,,,,,,,,,,,,,13,53,0,,,,,,,,,,,,,,,,,,,,,,,
00-0037256,R.White,Rachaad White,RB,RB,,TB,2025,10,REG,,,,,,,,,,,,,,,,,,10,38,0,,,,,,,,,,,,,,,,,,,,,,,
00-0037261,K.Shakir,Khalil Shakir,WR,WR,,BUF,2025,10,REG,,,,,,,,,,,,,,,,,,,,,,,,,,7,9,58,0,,,,,,,,,,,,,,
00-0037263,T.Allgeier,Tyler Allgeier,RB,RB,,ATL,2025,10,REG,,,,,,,,,,,,,,,,,,11,57,2,,,,,,,,,,,,,,,,,,,,,,,
00-0037291,J.Nailor,Jalen Nailor,WR,WR,,MIN,2025,10,REG,,,,,,,,,,,,,,,,,,,,,,,,,,5,6,124,1,,,,,,,,,,,,,,
00-0037664,A.Pierce,Alec Pierce,WR,WR,,IND,2025,10,REG,,,,,,,,,,,,,,,,,,,,,,,,,,4,7,84,1,,,,,,,,,,,,,,
00-0037744,T.McBride,Trey McBride,TE,TE,,ARI,2025,10,REG,,,,,,,,,,,,,,,,,,,,,,,,,,9,13,127,1,,,,,,,,,,,,,,
00-0037837,C.Austin,Calvin Austin III,WR,WR,,PIT,2025,10,REG,,,,,,,,,,,,,,,,,,,,,,,,,,2,7,14,0,,,,,,,,,,,,,,
00-0037840,K.Williams,Kyren Williams,RB,RB,,LAR,2025,10,REG,,,,,,,,,,,,,,,,,,14,73,2,,,,,,,,,,,,,,,,,,,,,,,
00-0038117,W.Robinson,Wan'Dale Robinson,WR,WR,,NYG,2025,10,REG,,,,,,,,,,,,,,,,,,,,,,,,,,6,11,62,0,,,,,,,,,,,,,,
00-0038120,B.Hall,Breece Hall,RB,RB,,NYJ,2025,10,REG,,,,,,,,,,,,,,,,,,21,83,0,,,,,,,,,,,,,,,,,,,,,,,
00-0038129,C.Otton,Cade Otton,TE,TE,,TB,2025,10,REG,,,,,,,,,,,,,,,,,,,,,,,,,,9,12,82,0,,,,,,,,,,,,,,
00-0038134,K.Walker,Kenneth Walker III,RB,RB,,SEA,2025,10,REG,,,,,,,,,,,,,,,,,,14,67,0,,,,,,,,,,,,,,,,,,,,,,,
00-0038393,D.Wicks,Dontayvion Wicks,WR,WR,,GB,2025,10,REG,,,,,,,,,,,,,,,,,,,,,,,,,,4,8,38,0,,,,,,,,,,,,,,
00-0038542,B.Robinson,Bijan Robinson,RB,RB,,ATL,2025,10,REG,,,,,,,,,,,,,,,,,,17,84,0,,,,,,,,,,,,,,,,,,,,,,,
00-0038543,J.Smith-Njigba,Jaxon Smith-Njigba,WR,WR,,SEA,2025,10,REG,,,,,,,,,,,,,,,,,,,,,,,,,,5,6,93,1,,,,,,,,,,,,,,
00-0038544,Q.Johnston,Quentin Johnston,WR,WR,,LAC,2025,10,REG,,,,,,,,,,,,,,,,,,,,,,,,,,5,10,42,0,,,,,,,,,,,,,,
00-0038559,Mi.Wilson,Michael Wilson,WR,WR,,ARI,2025,10,REG,,,,,,,,,,,,,,,,,,,,,,,,,,4,7,34,0,,,,,,,,,,,,,,
00-0038606,P.Washington,Parker Washington,WR,WR,,JAX,2025,10,REG,,,,,,,,,,,,,,,,,,,,,,,,,,3,7,33,1,,,,,,,,,,,,,,
00-0038994,J.Addison,Jordan Addison,WR,WR,,MIN,2025,10,REG,,,,,,,,,,,,,,,,,,,,,,,,,,3,11,35,0,,,,,,,,,,,,,,
00-0039040,D.Achane,De'Von Achane,RB,RB,,MIA,2025,10,REG,,,,,,,,,,,,,,,,,,22,174,2,,,,,,,,,,,,,,,,,,,,,,,
00-0039064,Z.Flowers,Zay Flowers,WR,WR,,BAL,2025,10,REG,,,,,,,,,,,,,,,,,,,,,,,,,,4,6,75,0,,,,,,,,,,,,,,
00-0039065,S.LaPorta,Sam LaPorta,TE,TE,,DET,2025,10,REG,,,,,,,,,,,,,,,,,,,,,,,,,,5,5,53,0,,,,,,,,,,,,,,
00-0039075,P.Nacua,Puka Nacua,WR,WR,,LAR,2025,10,REG,,,,,,,,,,,,,,,,,,,,,,,,,,5,6,64,1,,,,,,,,,,,,,,
00-0039139,J.Gibbs,Jahmyr Gibbs,RB,RB,,DET,2025,10,REG,,,,,,,,,,,,,,,,,,15,142,2,,,,,,,,,,,,,,,,,,,,,,,
00-0039150,B.Young,Bryce Young,QB,QB,,CAR,2025,10,REG,,17,25,124,0,1,,,,,,,,,,,,,,,,,,,,,,,,,,,,,,,,,,,,,
00-0039165,Z.Charbonnet,Zach Charbonnet,RB,RB,,SEA,2025,10,REG,,,,,,,,,,,,,,,,,,14,83,1,,,,,,,,,,,,,,,,,,,,,,,
00-0039356,J.Sanders,Ja'Tavion Sanders,TE,TE,,CAR,2025,10,REG,,,,,,,,,,,,,,,,,,,,,,,,,,5,5,32,0,,,,,,,,,,,,,,
00-0039384,T.Tracy,Tyrone Tracy Jr.,RB,RB,,NYG,2025,10,REG,,,,,,,,,,,,,,,,,,14,71,0,,,,,,,,,,,,,,,,,,,,,,,
00-0039391,K.Vidal,Kimani Vidal,RB,RB,,LAC,2025,10,REG,,,,,,,,,,,,,,,,,,25,95,1,,,,,,,,,,,,,,,,,,,,,,,
00-0039732,B.Nix,Bo Nix,QB,QB,,DEN,2025,10,REG,,16,28,150,1,2,,,,,,,,,,,,,,,,,,,,,,,,,,,,,,,,,,,,,
00-0039738,B.Corum,Blake Corum,RB,RB,,LAR,2025,10,REG,,,,,,,,,,,,,,,,,,13,56,0,,,,,,,,,,,,,,,,,,,,,,,
00-0039847,T.Johnson,Theo Johnson,TE,TE,,NYG,2025,10,REG,,,,,,,,,,,,,,,,,,,,,,,,,,7,8,75,0,,,,,,,,,,,,,,
00-0039849,M.Harrison,Marvin Harrison Jr.,WR,WR,,ARI,2025,10,REG,,,,,,,,,,,,,,,,,,,,,,,,,,3,12,33,1,,,,,,,,,,,,,,
00-0039851,D.Maye,Drake Maye,QB,QB,,NE,2025,10,REG,,16,31,270,2,1,,,,,,,,,,,,,,,,,,,,,,,,,,,,,,,,,,,,,
00-0039868,T.Franklin,Troy Franklin,WR,WR,,DEN,2025,10,REG,,,,,,,,,,,,,,,,,,,,,,,,,,5,9,40,1,,,,,,,,,,,,,,
00-0039901,K.Coleman,Keon Coleman,WR,WR,,BUF,2025,10,REG,,,,,,,,,,,,,,,,,,,,,,,,,,3,8,46,1,,,,,,,,,,,,,,
00-0039915,L.McConkey,Ladd McConkey,WR,WR,,LAC,2025,10,REG,,,,,,,,,,,,,,,,,,,,,,,,,,4,6,107,1,,,,,,,,,,,,,,
00-0039917,M.Penix,Michael Penix Jr.,QB,QB,,ATL,2025,10,REG,,12,28,177,1,0,,,,,,,,,,,,,,,,,,,,,,,,,,,,,,,,,,,,,
00-0039918,C.Williams,Caleb Williams,QB,QB,,CHI,2025,10,REG,,20,36,220,1,0,,,,,,,,,,,,,,,,,,,,,,,,,,,,,,,,,,,,,
00-0039919,R.Odunze,Rome Odunze,WR,WR,,CHI,2025,10,REG,,,,,,,,,,,,,,,,,,,,,,,,,,6,10,86,1,,,,,,,,,,,,,,
00-0039923,J.McCarthy,J.J. McCarthy,QB,QB,,MIN,2025,10,REG,,20,42,248,1,2,,,,,,,,,,,,,,,,,,,,,,,,,,,,,,,,,,,,,
00-0040122,A.Jeanty,Ashton Jeanty,RB,RB,,LV,2025,10,REG,,,,,,,,,,,,,,,,,,19,60,1,,,,,,,,,,,,,,,,,,,,,,,
00-0040124,T.McMillan,Tetairoa McMillan,WR,WR,,CAR,2025,10,REG,,,,,,,,,,,,,,,,,,,,,,,,,,5,8,60,0,,,,,,,,,,,,,,
00-0040128,T.Warren,Tyler Warren,TE,TE,,IND,2025,10,REG,,,,,,,,,,,,,,,,,,,,,,,,,,8,10,99,0,,,,,,,,,,,,,,
00-0040129,E.Egbuka,Emeka Egbuka,WR,WR,,TB,2025,10,REG,,,,,,,,,,,,,,,,,,,,,,,,,,6,13,115,1,,,,,,,,,,,,,,
00-0040130,J.Higgins,Jayden Higgins,WR,WR,,HOU,2025,10,REG,,,,,,,,,,,,,,,,,,,,,,,,,,5,7,42,1,,,,,,,,,,,,,,
00-0040189,O.Gadsden,Oronde Gadsden II,TE,TE,,LAC,2025,10,REG,,,,,,,,,,,,,,,,,,,,,,,,,,3,6,13,0,,,,,,,,,,,,,,
00-0040237,T.Johnson,Tez Johnson,WR,WR,,TB,2025,10,REG,,,,,,,,,,,,,,,,,,,,,,,,,,4,5,42,2,,,,,,,,,,,,,,
00-0040242,J.Croskey-Merritt,Jacory Croskey-Merritt,RB,RB,,WAS,2025,10,REG,,,,,,,,,,,,,,,,,,11,30,0,,,,,,,,,,,,,,,,,,,,,,,
00-0040583,W.Marks,Woody Marks,RB,RB,,HOU,2025,10,REG,,,,,,,,,,,,,,,,,,14,63,1,,,,,,,,,,,,,,,,,,,,,,,
00-0040663,H.Fannin,Harold Fannin Jr.,TE,TE,,CLE,2025,10,REG,,,,,,,,,,,,,,,,,,,,,,,,,,4,7,44,0,,,,,,,,,,,,,,
00-0040691,J.Dart,Jaxson Dart,QB,QB,,NYG,2025,10,REG,,19,29,242,0,0,,,,,,,,,,,,,,,,,,,,,,,,,,,,,,,,,,,,,
00-0040704,D.Gabriel,Dillon Gabriel,QB,QB,,CLE,2025,10,REG,,17,32,167,2,0,,,,,,,,,,,,,,,,,,,,,,,,,,,,,,,,,,,,,
00-0040734,T.Henderson,TreVeyon Henderson,RB,RB,,NE,2025,10,REG,,,,,,,,,,,,,,,,,,14,147,2,,,,,,,,,,,,,,,,,,,,,,,
00-0040743,T.Shough,Tyler Shough,QB,QB,,NO,2025,10,REG,,19,27,282,2,0,,,,,,,,,,,,,,,,,,,,,,,,,,,,,,,,,,,,,
00-0040784,Q.Judkins,Quinshon Judkins,RB,RB,,CLE,2025,10,REG,,,,,,,,,,,,,,,,,,22,75,0,,,,,,,,,,,,,,,,,,,,,,,
00-0023459,A.Rodgers,Aaron Rodgers,QB,QB,,PIT,2025,11,REG,,9,15,116,1,0,,,,,,,,,,,,,,,,,,,,,,,,,,,,,,,,,,,,,
00-0026158,J.Flacco,Joe Flacco,QB,QB,,CIN,2025,11,REG,,23,40,199,1,1,,,,,,,,,,,,,,,,,,,,,,,,,,,,,,,,,,,,,
00-0026498,M.Stafford,Matthew Stafford,QB,QB,,LAR,2025,11,REG,,15,28,130,2,0,,,,,,,,,,,,,,,,,,,,,,,,,,,,,,,,,,,,,
00-0030061,Z.Ertz,Zach Ertz,TE,TE,,WAS,2025,11,REG,,,,,,,,,,,,,,,,,,,,,,,,,,4,8,42,0,,,,,,,,,,,,,,
00-0030279,K.Allen,Keenan Allen,WR,WR,,LAC,2025,11,REG,,,,,,,,,,,,,,,,,,,,,,,,,,4,6,53,0,,,,,,,,,,,,,,
00-0030506,T.Kelce,Travis Kelce,TE,TE,,KC,2025,11,REG,,,,,,,,,,,,,,,,,,,,,,,,,,9,13,91,1,,,,,,,,,,,,,,
00-0030565,G.Smith,Geno Smith,QB,QB,,LV,2025,11,REG,,27,42,238,1,1,,,,,,,,,,,,,,,,,,,,,,,,,,,,,,,,,,,,,
00-0031381,D.Adams,Davante Adams,WR,WR,,LAR,2025,11,REG,,,,,,,,,,,,,,,,,,,,,,,,,,1,8,1,1,,,,,,,,,,,,,,
00-0031503,J.Winston,Jameis Winston,QB,QB,,NYG,2025,11,REG,,19,29,201,0,1,,,,,,,,,,,,,,,,,,,,,,,,,,,,,,,,,,,,,
00-0031588,S.Diggs,Stefon Diggs,WR,WR,,NE,2025,11,REG,,,,,,,,,,,,,,,,,,,,,,,,,,9,11,105,0,,,,,,,,,,,,,,
00-0032268,M.Mariota,Marcus Mariota,QB,QB,,WAS,2025,11,REG,,20,30,213,1,1,,,,,,,,,,,,,,,,,,,,,,,,,,,,,,,,,,,,,
00-0032385,S.Shepard,Sterling Shepard,WR,WR,,TB,2025,11,REG,,,,,,,,,,,,,,,,,,,,,,,,,,4,5,54,0,,,,,,,,,,,,,,
00-0032398,C.Moore,Chris Moore,WR,WR,,WAS,2025,11,REG,,,,,,,,,,,,,,,,,,,,,,,,,,2,5,28,0,,,,,,,,,,,,,,
00-0032764,D.Henry,Derrick Henry,RB,RB,,BAL,2025,11,REG,,,,,,,,,,,,,,,,,,18,103,1,,,,,,,,,,,,,,,,,,,,,,,
00-0033077,D.Prescott,Dak Prescott,QB,QB,,DAL,2025,11,REG,,25,33,268,4,0,,,,,,,,,,,,,,,,,,,,,,,,,,,,,,,,,,,,,
00-0033090,H.Henry,Hunter Henry,TE,TE,,NE,2025,11,REG,,,,,,,,,,,,,,,,,,,,,,,,,,4,6,45,0,,,,,,,,,,,,,,
00-0033106,J.Goff,Jared Goff,QB,QB,,DET,2025,11,REG,,14,37,255,1,1,,,,,,,,,,,,,,,,,,,,,,,,,,,,,,,,,,,,,
00-0033119,J.Brissett,Jacoby Brissett,QB,QB,,ARI,2025,11,REG,,47,57,452,2,2,,,,,,,,,,,,,,,,,,,,,,,,,,,,,,,,,,,,,
00-0033280,C.McCaffrey,Christian McCaffrey,RB,RB,,SF,2025,11,REG,,,,,,,,,,,,,,,,,,13,81,2,,,,,,,,,,,,,,,,,,,,,,,
00-0033288,G.Kittle,George Kittle,TE,TE,,SF,2025,11,REG,,,,,,,,,,,,,,,,,,,,,,,,,,6,6,67,2,,,,,,,,,,,,,,
00-0033293,A.Jones,Aaron Jones,RB,RB,,MIN,2025,11,REG,,,,,,,,,,,,,,,,,,16,70,0,,,,,,,,,,,,,,,,,,,,,,,
00-0033555,M.Hollins,Mack Hollins,WR,WR,,NE,2025,11,REG,,,,,,,,,,,,,,,,,,,,,,,,,,4,5,64,0,,,,,,,,,,,,,,
00-0033873,P.Mahomes,Patrick Mahomes,QB,QB,,KC,2025,11,REG,,29,45,276,1,1,,,,,,,,,,,,,,,,,,,,,,,,,,,,,,,,,,,,,
00-0033881,E.Engram,Evan Engram,TE,TE,,DEN,2025,11,REG,,,,,,,,,,,,,,,,,,,,,,,,,,4,5,33,0,,,,,,,,,,,,,,
00-0033908,C.Kupp,Cooper Kupp,WR,WR,,SEA,2025,11,REG,,,,,,,,,,,,,,,,,,,,,,,,,,3,7,23,0,,,,,,,,,,,,,,
00-0033923,K.Hunt,Kareem Hunt,RB,RB,,KC,2025,11,REG,,,,,,,,,,,,,,,,,,13,59,1,,,,,,,,,,,,,,,,,,,,,,,
00-0034348,C.Sutton,Courtland Sutton,WR,WR,,DEN,2025,11,REG,,,,,,,,,,,,,,,,,,,,,,,,,,4,8,59,0,,,,,,,,,,,,,,
00-0034351,D.Goedert,Dallas Goedert,TE,TE,,PHI,2025,11,REG,,,,,,,,,,,,,,,,,,,,,,,,,,2,5,24,0,,,,,,,,,,,,,,
00-0034383,D.Schultz,Dalton Schultz,TE,TE,,HOU,2025,11,REG,,,,,,,,,,,,,,,,,,,,,,,,,,6,9,51,0,,,,,,,,,,,,,,
00-0034753,M.Andrews,Mark Andrews,TE,TE,,BAL,2025,11,REG,,,,,,,,,,,,,,,,,,,,,,,,,,3,5,32,0,,,,,,,,,,,,,,
00-0034771,M.Rudolph,Mason Rudolph,QB,QB,,PIT,2025,11,REG,,12,16,127,1,0,,,,,,,,,,,,,,,,,,,,,,,,,,,,,,,,,,,,,
00-0034796,L.Jackson,Lamar Jackson,QB,QB,,BAL,2025,11,REG,,14,25,193,0,2,,,,,,,,,,,,,,,,,,,,,,,,,,,,,,,,,,,,,
00-0034844,S.Barkley,Saquon Barkley,RB,RB,,PHI,2025,11,REG,,,,,,,,,,,,,,,,,,26,83,0,,,,,,,,,,,,,,,,,,,,,,,
00-0034855,B.Mayfield,Baker Mayfield,QB,QB,,TB,2025,11,REG,,16,28,173,1,1,,,,,,,,,,,,,,,,,,,,,,,,,,,,,,,,,,,,,
00-0034857,J.Allen,Josh Allen,QB,QB,,BUF,2025,11,REG,,19,30,317,3,2,,,,,,,,,,,,,,,,,,,,,,,,,,,,,,,,,,,,,
00-0034869,S.Darnold,Sam Darnold,QB,QB,,SEA,2025,11,REG,,29,44,279,0,4,,,,,,,,,,,,,,,,,,,,,,,,,,,,,,,,,,,,,
00-0034960,J.Meyers,Jakobi Meyers,WR,WR,,JAX,2025,11,REG,,,,,,,,,,,,,,,,,,,,,,,,,,5,6,64,0,,,,,,,,,,,,,,
00-0035229,T.Hockenson,T.J. Hockenson,TE,TE,,MIN,2025,11,REG,,,,,,,,,,,,,,,,,,,,,,,,,,3,6,39,0,,,,,,,,,,,,,,
00-0035250,D.Singletary,Devin Singletary,RB,RB,,NYG,2025,11,REG,,,,,,,,,,,,,,,,,,16,44,2,,,,,,,,,,,,,,,,,,,,,,,
00-0035261,T.Pollard,Tony Pollard,RB,RB,,TEN,2025,11,REG,,,,,,,,,,,,,,,,,,10,22,0,,,,,,,,,,,,,,,,,,,,,,,
00-0035500,G.Dortch,Greg Dortch,WR,WR,,ARI,2025,11,REG,,,,,,,,,,,,,,,,,,,,,,,,,,6,6,66,1,,,,,,,,,,,,,,
00-0035640,D.Metcalf,DK Metcalf,WR,WR,,PIT,2025,11,REG,,,,,,,,,,,,,,,,,,,,,,,,,,5,8,49,0,,,,,,,,,,,,,,
00-0035644,N.Fant,Noah Fant,TE,TE,,CIN,2025,11,REG,,,,,,,,,,,,,,,,,,,,,,,,,,5,6,36,0,,,,,,,,,,,,,,
00-0035676,A.Brown,A.J. Brown,WR,WR,,PHI,2025,11,REG,,,,,,,,,,,,,,,,,,,,,,,,,,7,11,49,0,,,,,,,,,,,,,,
00-0035719,D.Samuel,Deebo Samuel Sr.,WR,WR,,WAS,2025,11,REG,,,,,,,,,,,,,,,,,,,,,,,,,,7,8,74,1,,,,,,,,,,,,,,
00-0036139,R.Dowdle,Rico Dowdle,RB,RB,,CAR,2025,11,REG,,,,,,,,,,,,,,,,,,19,45,0,,,,,,,,,,,,,,,,,,,,,,,
00-0036165,I.Hodgins,Isaiah Hodgins,WR,WR,,NYG,2025,11,REG,,,,,,,,,,,,,,,,,,,,,,,,,,5,6,57,0,,,,,,,,,,,,,,
00-0036212,T.Tagovailoa,Tua Tagovailoa,QB,QB,,MIA,2025,11,REG,,14,20,171,0,0,,,,,,,,,,,,,,,,,,,,,,,,,,,,,,,,,,,,,
00-0036259,J.Jennings,Jauan Jennings,WR,WR,,SF,2025,11,REG,,,,,,,,,,,,,,,,,,,,,,,,,,4,6,54,0,,,,,,,,,,,,,,
00-0036264,J.Love,Jordan Love,QB,QB,,GB,2025,11,REG,,13,24,174,2,0,,,,,,,,,,,,,,,,,,,,,,,,,,,,,,,,,,,,,
00-0036275,D.Swift,D'Andre Swift,RB,RB,,CHI,2025,11,REG,,,,,,,,,,,,,,,,,,21,90,0,,,,,,,,,,,,,,,,,,,,,,,
00-0036290,C.Kmet,Cole Kmet,TE,TE,,CHI,2025,11,REG,,,,,,,,,,,,,,,,,,,,,,,,,,5,5,45,0,,,,,,,,,,,,,,
00-0036309,D.Mooney,Darnell Mooney,WR,WR,,ATL,2025,11,REG,,,,,,,,,,,,,,,,,,,,,,,,,,3,7,34,0,,,,,,,,,,,,,,
00-0036322,J.Jefferson,Justin Jefferson,WR,WR,,MIN,2025,11,REG,,,,,,,,,,,,,,,,,,,,,,,,,,5,9,61,0,,,,,,,,,,,,,,
00-0036355,J.Herbert,Justin Herbert,QB,QB,,LAC,2025,11,REG,,10,18,81,0,1,,,,,,,,,,,,,,,,,,,,,,,,,,,,,,,,,,,,,
00-0036358,C.Lamb,CeeDee Lamb,WR,WR,,DAL,2025,11,REG,,,,,,,,,,,,,,,,,,,,,,,,,,5,7,66,1,,,,,,,,,,,,,,
00-0036389,J.Hurts,Jalen Hurts,QB,QB,,PHI,2025,11,REG,,14,28,135,0,0,,,,,,,,,,,,,,,,,,,,,,,,,,,,,,,,,,,,,
00-0036407,J.Jeudy,Jerry Jeudy,WR,WR,,CLE,2025,11,REG,,,,,,,,,,,,,,,,,,,,,,,,,,3,7,21,0,,,,,,,,,,,,,,
00-0036410,T.Higgins,Tee Higgins,WR,WR,,CIN,2025,11,REG,,,,,,,,,,,,,,,,,,,,,,,,,,3,8,63,1,,,,,,,,,,,,,,
00-0036415,V.Jefferson,Van Jefferson,WR,WR,,TEN,2025,11,REG,,,,,,,,,,,,,,,,,,,,,,,,,,3,7,22,1,,,,,,,,,,,,,,
00-0036554,N.Collins,Nico Collins,WR,WR,,HOU,2025,11,REG,,,,,,,,,,,,,,,,,,,,,,,,,,9,10,92,1,,,,,,,,,,,,,,
00-0036613,J.Waddle,Jaylen Waddle,WR,WR,,MIA,2025,11,REG,,,,,,,,,,,,,,,,,,,,,,,,,,3,7,52,0,,,,,,,,,,,,,,
00-0036754,B.Wright,Brock Wright,TE,TE,,DET,2025,11,REG,,,,,,,,,,,,,,,,,,,,,,,,,,2,7,8,0,,,,,,,,,,,,,,
00-0036898,D.Mills,Davis Mills,QB,QB,,HOU,2025,11,REG,,26,41,274,1,0,,,,,,,,,,,,,,,,,,,,,,,,,,,,,,,,,,,,,
00-0036900,J.Chase,Ja'Marr Chase,WR,WR,,CIN,2025,11,REG,,,,,,,,,,,,,,,,,,,,,,,,,,3,10,30,0,,,,,,,,,,,,,,
00-0036912,D.Smith,DeVonta Smith,WR,WR,,PHI,2025,11,REG,,,,,,,,,,,,,,,,,,,,,,,,,,1,5,8,0,,,,,,,,,,,,,,
00-0036945,J.Fields,Justin Fields,QB,QB,,NYJ,2025,11,REG,,15,26,116,1,0,,,,,,,,,,,,,,,,,,,,,,,,,,,,,,,,,,,,,
00-0036963,A.St. Brown,Amon-Ra St. Brown,WR,WR,,DET,2025,11,REG,,,,,,,,,,,,,,,,,,,,,,,,,,2,12,42,0,,,,,,,,,,,,,,
00-0036971,T.Lawrence,Trevor Lawrence,QB,QB,,JAX,2025,11,REG,,14,22,153,1,1,,,,,,,,,,,,,,,,,,,,,,,,,,,,,,,,,,,,,
00-0036973,T.Etienne,Travis Etienne,RB,RB,,JAX,2025,11,REG,,,,,,,,,,,,,,,,,,19,73,2,,,,,,,,,,,,,,,,,,,,,,,
00-0036988,J.Palmer,Josh Palmer,WR,WR,,BUF,2025,11,REG,,,,,,,,,,,,,,,,,,,,,,,,,,2,5,17,0,,,,,,,,,,,,,,
00-0036997,J.Williams,Javonte Williams,RB,RB,,DAL,2025,11,REG,,,,,,,,,,,,,,,,,,22,93,0,,,,,,,,,,,,,,,,,,,,,,,
00-0037228,J.Warren,Jaylen Warren,RB,RB,,PIT,2025,11,REG,,,,,,,,,,,,,,,,,,10,62,0,,,,,,,,,,,,,,,,,,,,,,,
00-0037238,D.London,Drake London,WR,WR,,ATL,2025,11,REG,,,,,,,,,,,,,,,,,,,,,,,,,,7,9,119,0,,,,,,,,,,,,,,
00-0037240,J.Williams,Jameson Williams,WR,WR,,DET,2025,11,REG,,,,,,,,,,,,,,,,,,,,,,,,,,4,7,88,1,,,,,,,,,,,,,,
00-0037247,G.Pickens,George Pickens,WR,WR,,DAL,2025,11,REG,,,,,,,,,,,,,,,,,,,,,,,,,,9,11,144,1,,,,,,,,,,,,,,
00-0037248,J.Cook,James Cook,RB,RB,,BUF,2025,11,REG,,,,,,,,,,,,,,,,,,16,48,0,,,,,,,,,,,,,,,,,,,,,,,
00-0037256,R.White,Rachaad White,RB,RB,,TB,2025,11,REG,,,,,,,,,,,,,,,,,,10,51,0,,,,,,,,,,,,,,,,,,,,,,,
00-0037545,R.Shaheed,Rashid Shaheed,WR,WR,,SEA,2025,11,REG,,,,,,,,,,,,,,,,,,,,,,,,,,2,5,27,0,,,,,,,,,,,,,,
00-0037744,T.McBride,Trey McBride,TE,TE,,ARI,2025,11,REG,,,,,,,,,,,,,,,,,,,,,,,,,,10,11,115,1,,,,,,,,,,,,,,
00-0037805,J.Ruckert,Jeremy Ruckert,TE,TE,,NYJ,2025,11,REG,,,,,,,,,,,,,,,,,,,,,,,,,,4,5,23,0,,,,,,,,,,,,,,
00-0037816,R.Doubs,Romeo Doubs,WR,WR,,GB,2025,11,REG,,,,,,,,,,,,,,,,,,,,,,,,,,4,8,53,0,,,,,,,,,,,,,,
00-0037834,B.Purdy,Brock Purdy,QB,QB,,SF,2025,11,REG,,19,26,200,3,0,,,,,,,,,,,,,,,,,,,,,,,,,,,,,,,,,,,,,
00-0037840,K.Williams,Kyren Williams,RB,RB,,LAR,2025,11,REG,,,,,,,,,,,,,,,,,,12,91,1,,,,,,,,,,,,,,,,,,,,,,,
00-0038041,J.Ferguson,Jake Ferguson,TE,TE,,DAL,2025,11,REG,,,,,,,,,,,,,,,,,,,,,,,,,,4,5,16,1,,,,,,,,,,,,,,
00-0038117,W.Robinson,Wan'Dale Robinson,WR,WR,,NYG,2025,11,REG,,,,,,,,,,,,,,,,,,,,,,,,,,4,9,36,0,,,,,,,,,,,,,,
00-0038120,B.Hall,Breece Hall,RB,RB,,NYJ,2025,11,REG,,,,,,,,,,,,,,,,,,14,58,0,,,,,,,,,,,,,,,,,,,,,,,
00-0038124,C.Watson,Christian Watson,WR,WR,,GB,2025,11,REG,,,,,,,,,,,,,,,,,,,,,,,,,,4,5,46,2,,,,,,,,,,,,,,
00-0038129,C.Otton,Cade Otton,TE,TE,,TB,2025,11,REG,,,,,,,,,,,,,,,,,,,,,,,,,,2,5,28,0,,,,,,,,,,,,,,
00-0038134,K.Walker,Kenneth Walker III,RB,RB,,SEA,2025,11,REG,,,,,,,,,,,,,,,,,,16,67,1,,,,,,,,,,,,,,,,,,,,,,,
00-0038542,B.Robinson,Bijan Robinson,RB,RB,,ATL,2025,11,REG,,,,,,,,,,,,,,,,,,23,104,2,,,,,,,,,,,,,,,,,,,,,,,
00-0038543,J.Smith-Njigba,Jaxon Smith-Njigba,WR,WR,,SEA,2025,11,REG,,,,,,,,,,,,,,,,,,,,,,,,,,9,12,105,0,,,,,,,,,,,,,,
00-0038558,D.Washington,Darnell Washington,TE,TE,,PIT,2025,11,REG,,,,,,,,,,,,,,,,,,,,,,,,,,4,5,67,0,,,,,,,,,,,,,,
00-0038559,Mi.Wilson,Michael Wilson,WR,WR,,ARI,2025,11,REG,,,,,,,,,,,,,,,,,,,,,,,,,,15,18,185,0,,,,,,,,,,,,,,
00-0038563,T.Tucker,Tre Tucker,WR,WR,,LV,2025,11,REG,,,,,,,,,,,,,,,,,,,,,,,,,,4,8,47,1,,,,,,,,,,,,,,
00-0038597,C.Brown,Chase Brown,RB,RB,,CIN,2025,11,REG,,,,,,,,,,,,,,,,,,18,99,0,,,,,,,,,,,,,,,,,,,,,,,
00-0038611,C.Rodriguez,Chris Rodriguez Jr.,RB,RB,,WAS,2025,11,REG,,,,,,,,,,,,,,,,,,15,79,0,,,,,,,,,,,,,,,,,,,,,,,
00-0038618,X.Hutchinson,Xavier Hutchinson,WR,WR,,HOU,2025,11,REG,,,,,,,,,,,,,,,,,,,,,,,,,,3,5,42,0,,,,,,,,,,,,,,
00-0038679,T.Shavers,Tyrell Shavers,WR,WR,,BUF,2025,11,REG,,,,,,,,,,,,,,,,,,,,,,,,,,4,5,90,1,,,,,,,,,,,,,,
00-0038797,E.Wilson,Emanuel Wilson,RB,RB,,GB,2025,11,REG,,,,,,,,,,,,,,,,,,11,40,1,,,,,,,,,,,,,,,,,,,,,,,
00-0038951,S.Tucker,Sean Tucker,RB,RB,,TB,2025,11,REG,,,,,,,,,,,,,,,,,,19,106,2,,,,,,,,,,,,,,,,,,,,,,,
00-0038994,J.Addison,Jordan Addison,WR,WR,,MIN,2025,11,REG,,,,,,,,,,,,,,,,,,,,,,,,,,2,7,20,1,,,,,,,,,,,,,,
00-0039040,D.Achane,De'Von Achane,RB,RB,,MIA,2025,11,REG,,,,,,,,,,,,,,,,,,21,120,0,,,,,,,,,,,,,,,,,,,,,,,
00-0039064,Z.Flowers,Zay Flowers,WR,WR,,BAL,2025,11,REG,,,,,,,,,,,,,,,,,,,,,,,,,,3,5,78,0,,,,,,,,,,,,,,
00-0039067,R.Rice,Rashee Rice,WR,WR,,KC,2025,11,REG,,,,,,,,,,,,,,,,,,,,,,,,,,6,9,38,0,,,,,,,,,,,,,,
00-0039075,P.Nacua,Puka Nacua,WR,WR,,LAR,2025,11,REG,,,,,,,,,,,,,,,,,,,,,,,,,,7,8,75,0,,,,,,,,,,,,,,
00-0039139,J.Gibbs,Jahmyr Gibbs,RB,RB,,DET,2025,11,REG,,,,,,,,,,,,,,,,,,12,39,0,,,,,,,,,,,,,,,,,,,,,,,
00-0039150,B.Young,Bryce Young,QB,QB,,CAR,2025,11,REG,,31,45,448,3,0,,,,,,,,,,,,,,,,,,,,,,,,,,,,,,,,,,,,,
00-0039165,Z.Charbonnet,Zach Charbonnet,RB,RB,,SEA,2025,11,REG,,,,,,,,,,,,,,,,,,11,37,0,,,,,,,,,,,,,,,,,,,,,,,
00-0039338,B.Bowers,Brock Bowers,TE,TE,,LV,2025,11,REG,,,,,,,,,,,,,,,,,,,,,,,,,,7,12,72,0,,,,,,,,,,,,,,
00-0039342,X.Legette,Xavier Legette,WR,WR,,CAR,2025,11,REG,,,,,,,,,,,,,,,,,,,,,,,,,,4,8,83,1,,,,,,,,,,,,,,
00-0039384,T.Tracy,Tyrone Tracy Jr.,RB,RB,,NYG,2025,11,REG,,,,,,,,,,,,,,,,,,19,88,0,,,,,,,,,,,,,,,,,,,,,,,
00-0039732,B.Nix,Bo Nix,QB,QB,,DEN,2025,11,REG,,24,37,295,0,0,,,,,,,,,,,,,,,,,,,,,,,,,,,,,,,,,,,,,
00-0039793,A.Barner,AJ Barner,TE,TE,,SEA,2025,11,REG,,,,,,,,,,,,,,,,,,,,,,,,,,10,11,70,0,,,,,,,,,,,,,,
00-0039851,D.Maye,Drake Maye,QB,QB,,NE,2025,11,REG,,25,34,281,1,0,,,,,,,,,,,,,,,,,,,,,,,,,,,,,,,,,,,,,
00-0039868,T.Franklin,Troy Franklin,WR,WR,,DEN,2025,11,REG,,,,,,,,,,,,,,,,,,,,,,,,,,4,8,84,0,,,,,,,,,,,,,,
00-0039890,A.Mitchell,Adonai Mitchell,WR,WR,,NYJ,2025,11,REG,,,,,,,,,,,,,,,,,,,,,,,,,,1,6,10,0,,,,,,,,,,,,,,
00-0039894,X.Worthy,Xavier Worthy,WR,WR,,KC,2025,11,REG,,,,,,,,,,,,,,,,,,,,,,,,,,3,5,25,0,,,,,,,,,,,,,,
00-0039917,M.Penix,Michael Penix Jr.,QB,QB,,ATL,2025,11,REG,,13,16,175,0,0,,,,,,,,,,,,,,,,,,,,,,,,,,,,,,,,,,,,,
00-0039918,C.Williams,Caleb Williams,QB,QB,,CHI,2025,11,REG,,16,32,193,0,0,,,,,,,,,,,,,,,,,,,,,,,,,,,,,,,,,,,,,
00-0039919,R.Odunze,Rome Odunze,WR,WR,,CHI,2025,11,REG,,,,,,,,,,,,,,,,,,,,,,,,,,2,6,41,0,,,,,,,,,,,,,,
00-0039923,J.McCarthy,J.J. McCarthy,QB,QB,,MIN,2025,11,REG,,16,32,150,1,2,,,,,,,,,,,,,,,,,,,,,,,,,,,,,,,,,,,,,
00-0040124,T.McMillan,Tetairoa McMillan,WR,WR,,CAR,2025,11,REG,,,,,,,,,,,,,,,,,,,,,,,,,,8,12,130,2,,,,,,,,,,,,,,
00-0040129,E.Egbuka,Emeka Egbuka,WR,WR,,TB,2025,11,REG,,,,,,,,,,,,,,,,,,,,,,,,,,5,9,40,0,,,,,,,,,,,,,,
00-0040130,J.Higgins,Jayden Higgins,WR,WR,,HOU,2025,11,REG,,,,,,,,,,,,,,,,,,,,,,,,,,4,7,55,0,,,,,,,,,,,,,,
00-0040134,P.Bryant,Pat Bryant,WR,WR,,DEN,2025,11,REG,,,,,,,,,,,,,,,,,,,,,,,,,,5,6,82,0,,,,,,,,,,,,,,
00-0040170,E.Ayomanor,Elic Ayomanor,WR,WR,,TEN,2025,11,REG,,,,,,,,,,,,,,,,,,,,,,,,,,2,6,11,0,,,,,,,,,,,,,,
00-0040189,O.Gadsden,Oronde Gadsden II,TE,TE,,LAC,2025,11,REG,,,,,,,,,,,,,,,,,,,,,,,,,,2,5,41,0,,,,,,,,,,,,,,
00-0040236,K.Monangai,Kyle Monangai,RB,RB,,CHI,2025,11,REG,,,,,,,,,,,,,,,,,,12,23,1,,,,,,,,,,,,,,,,,,,,,,,
00-0040583,W.Marks,Woody Marks,RB,RB,,HOU,2025,11,REG,,,,,,,,,,,,,,,,,,18,44,0,,,,,,,,,,,,,,,,,,,,,,,
00-0040584,G.Helm,Gunnar Helm,TE,TE,,TEN,2025,11,REG,,,,,,,,,,,,,,,,,,,,,,,,,,4,5,29,0,,,,,,,,,,,,,,
00-0040663,H.Fannin,Harold Fannin Jr.,TE,TE,,CLE,2025,11,REG,,,,,,,,,,,,,,,,,,,,,,,,,,2,5,26,0,,,,,,,,,,,,,,
00-0040668,S.Sanders,Shedeur Sanders,QB,QB,,CLE,2025,11,REG,,4,16,47,0,1,,,,,,,,,,,,,,,,,,,,,,,,,,,,,,,,,,,,,
00-0040676,C.Ward,Cam Ward,QB,QB,,TEN,2025,11,REG,,24,37,194,1,0,,,,,,,,,,,,,,,,,,,,,,,,,,,,,,,,,,,,,
00-0040719,B.Tuten,Bhayshul Tuten,RB,RB,,JAX,2025,11,REG,,,,,,,,,,,,,,,,,,15,74,1,,,,,,,,,,,,,,,,,,,,,,,
00-0040730,R.Harvey,RJ Harvey,RB,RB,,DEN,2025,11,REG,,,,,,,,,,,,,,,,,,11,30,0,,,,,,,,,,,,,,,,,,,,,,,
00-0040734,T.Henderson,TreVeyon Henderson,RB,RB,,NE,2025,11,REG,,,,,,,,,,,,,,,,,,19,62,2,,,,,,,,,,,,,,,,,,,,,,,
00-0040735,L.Burden,Luther Burden III,WR,WR,,CHI,2025,11,REG,,,,,,,,,,,,,,,,,,,,,,,,,,3,5,27,0,,,,,,,,,,,,,,
00-0040784,Q.Judkins,Quinshon Judkins,RB,RB,,CLE,2025,11,REG,,,,,,,,,,,,,,,,,,17,59,0,,,,,,,,,,,,,,,,,,,,,,,
00-0026158,J.Flacco,Joe Flacco,QB,QB,,CIN,2025,12,REG,,19,37,183,1,1,,,,,,,,,,,,,,,,,,,,,,,,,,,,,,,,,,,,,
00-0026498,M.Stafford,Matthew Stafford,QB,QB,,LAR,2025,12,REG,,25,35,273,3,0,,,,,,,,,,,,,,,,,,,,,,,,,,,,,,,,,,,,,
00-0028118,T.Taylor,Tyrod Taylor,QB,QB,,NYJ,2025,12,REG,,17,28,222,1,1,,,,,,,,,,,,,,,,,,,,,,,,,,,,,,,,,,,,,
00-0029604,K.Cousins,Kirk Cousins,QB,QB,,ATL,2025,12,REG,,16,23,199,2,1,,,,,,,,,,,,,,,,,,,,,,,,,,,,,,,,,,,,,
00-0030506,T.Kelce,Travis Kelce,TE,TE,,KC,2025,12,REG,,,,,,,,,,,,,,,,,,,,,,,,,,4,6,43,0,,,,,,,,,,,,,,
00-0030565,G.Smith,Geno Smith,QB,QB,,LV,2025,12,REG,,30,44,285,1,0,,,,,,,,,,,,,,,,,,,,,,,,,,,,,,,,,,,,,
00-0031237,T.Bridgewater,Teddy Bridgewater,QB,QB,,TB,2025,12,REG,,8,15,62,0,0,,,,,,,,,,,,,,,,,,,,,,,,,,,,,,,,,,,,,
00-0031381,D.Adams,Davante Adams,WR,WR,,LAR,2025,12,REG,,,,,,,,,,,,,,,,,,,,,,,,,,5,8,62,2,,,,,,,,,,,,,,
00-0031503,J.Winston,Jameis Winston,QB,QB,,NYG,2025,12,REG,,18,36,366,2,1,,,,,,,,,,,,,,,,,,,,,,,,,,,,,,,,,,,,,
00-0032211,T.Lockett,Tyler Lockett,WR,WR,,LV,2025,12,REG,,,,,,,,,,,,,,,,,,,,,,,,,,4,5,62,0,,,,,,,,,,,,,,
00-0032385,S.Shepard,Sterling Shepard,WR,WR,,TB,2025,12,REG,,,,,,,,,,,,,,,,,,,,,,,,,,3,5,12,0,,,,,,,,,,,,,,
00-0032764,D.Henry,Derrick Henry,RB,RB,,BAL,2025,12,REG,,,,,,,,,,,,,,,,,,21,64,2,,,,,,,,,,,,,,,,,,,,,,,
00-0033077,D.Prescott,Dak Prescott,QB,QB,,DAL,2025,12,REG,,23,36,354,2,1,,,,,,,,,,,,,,,,,,,,,,,,,,,,,,,,,,,,,
00-0033090,H.Henry,Hunter Henry,TE,TE,,NE,2025,12,REG,,,,,,,,,,,,,,,,,,,,,,,,,,7,10,115,1,,,,,,,,,,,,,,
00-0033106,J.Goff,Jared Goff,QB,QB,,DET,2025,12,REG,,28,42,279,2,1,,,,,,,,,,,,,,,,,,,,,,,,,,,,,,,,,,,,,
00-0033119,J.Brissett,Jacoby Brissett,QB,QB,,ARI,2025,12,REG,,33,49,317,1,0,,,,,,,,,,,,,,,,,,,,,,,,,,,,,,,,,,,,,
00-0033280,C.McCaffrey,Christian McCaffrey,RB,RB,,SF,2025,12,REG,,,,,,,,,,,,,,,,,,24,89,1,,,,,,,,,,,,,,,,,,,,,,,
00-0033288,G.Kittle,George Kittle,TE,TE,,SF,2025,12,REG,,,,,,,,,,,,,,,,,,,,,,,,,,6,10,78,0,,,,,,,,,,,,,,
00-0033555,M.Hollins,Mack Hollins,WR,WR,,NE,2025,12,REG,,,,,,,,,,,,,,,,,,,,,,,,,,2,6,30,0,,,,,,,,,,,,,,
00-0033873,P.Mahomes,Patrick Mahomes,QB,QB,,KC,2025,12,REG,,29,46,352,0,1,,,,,,,,,,,,,,,,,,,,,,,,,,,,,,,,,,,,,
00-0033923,K.Hunt,Kareem Hunt,RB,RB,,KC,2025,12,REG,,,,,,,,,,,,,,,,,,30,104,1,,,,,,,,,,,,,,,,,,,,,,,
00-0034771,M.Rudolph,Mason Rudolph,QB,QB,,PIT,2025,12,REG,,24,31,171,1,1,,,,,,,,,,,,,,,,,,,,,,,,,,,,,,,,,,,,,
00-0034775,C.Kirk,Christian Kirk,WR,WR,,HOU,2025,12,REG,,,,,,,,,,,,,,,,,,,,,,,,,,5,6,54,1,,,,,,,,,,,,,,
00-0034796,L.Jackson,Lamar Jackson,QB,QB,,BAL,2025,12,REG,,13,23,153,0,0,,,,,,,,,,,,,,,,,,,,,,,,,,,,,,,,,,,,,
00-0034827,D.Moore,DJ Moore,WR,WR,,CHI,2025,12,REG,,,,,,,,,,,,,,,,,,,,,,,,,,5,7,64,2,,,,,,,,,,,,,,
00-0034829,M.Gesicki,Mike Gesicki,TE,TE,,CIN,2025,12,REG,,,,,,,,,,,,,,,,,,,,,,,,,,4,6,35,0,,,,,,,,,,,,,,
00-0034844,S.Barkley,Saquon Barkley,RB,RB,,PHI,2025,12,REG,,,,,,,,,,,,,,,,,,10,22,0,,,,,,,,,,,,,,,,,,,,,,,
00-0034855,B.Mayfield,Baker Mayfield,QB,QB,,TB,2025,12,REG,,9,19,41,1,2,,,,,,,,,,,,,,,,,,,,,,,,,,,,,,,,,,,,,
00-0034857,J.Allen,Josh Allen,QB,QB,,BUF,2025,12,REG,,24,34,253,0,2,,,,,,,,,,,,,,,,,,,,,,,,,,,,,,,,,,,,,
00-0034869,S.Darnold,Sam Darnold,QB,QB,,SEA,2025,12,REG,,16,26,244,2,0,,,,,,,,,,,,,,,,,,,,,,,,,,,,,,,,,,,,,
00-0034960,J.Meyers,Jakobi Meyers,WR,WR,,JAX,2025,12,REG,,,,,,,,,,,,,,,,,,,,,,,,,,4,6,50,1,,,,,,,,,,,,,,
00-0035250,D.Singletary,Devin Singletary,RB,RB,,NYG,2025,12,REG,,,,,,,,,,,,,,,,,,14,47,0,,,,,,,,,,,,,,,,,,,,,,,
00-0035261,T.Pollard,Tony Pollard,RB,RB,,TEN,2025,12,REG,,,,,,,,,,,,,,,,,,11,20,0,,,,,,,,,,,,,,,,,,,,,,,
00-0035500,G.Dortch,Greg Dortch,WR,WR,,ARI,2025,12,REG,,,,,,,,,,,,,,,,,,,,,,,,,,6,9,53,1,,,,,,,,,,,,,,
00-0035640,D.Metcalf,DK Metcalf,WR,WR,,PIT,2025,12,REG,,,,,,,,,,,,,,,,,,,,,,,,,,5,8,22,0,,,,,,,,,,,,,,
00-0035676,A.Brown,A.J. Brown,WR,WR,,PHI,2025,12,REG,,,,,,,,,,,,,,,,,,,,,,,,,,8,10,110,1,,,,,,,,,,,,,,
00-0035710,D.Jones,Daniel Jones,QB,QB,,IND,2025,12,REG,,19,31,181,2,0,,,,,,,,,,,,,,,,,,,,,,,,,,,,,,,,,,,,,
00-0036040,J.Johnson,Juwan Johnson,TE,TE,,NO,2025,12,REG,,,,,,,,,,,,,,,,,,,,,,,,,,6,7,46,0,,,,,,,,,,,,,,
00-0036165,I.Hodgins,Isaiah Hodgins,WR,WR,,NYG,2025,12,REG,,,,,,,,,,,,,,,,,,,,,,,,,,2,6,42,1,,,,,,,,,,,,,,
00-0036223,J.Taylor,Jonathan Taylor,RB,RB,,IND,2025,12,REG,,,,,,,,,,,,,,,,,,16,58,0,,,,,,,,,,,,,,,,,,,,,,,
00-0036252,M.Pittman,Michael Pittman,WR,WR,,IND,2025,12,REG,,,,,,,,,,,,,,,,,,,,,,,,,,5,8,27,1,,,,,,,,,,,,,,
00-0036259,J.Jennings,Jauan Jennings,WR,WR,,SF,2025,12,REG,,,,,,,,,,,,,,,,,,,,,,,,,,5,7,41,1,,,,,,,,,,,,,,
00-0036264,J.Love,Jordan Love,QB,QB,,GB,2025,12,REG,,14,21,139,0,0,,,,,,,,,,,,,,,,,,,,,,,,,,,,,,,,,,,,,
00-0036322,J.Jefferson,Justin Jefferson,WR,WR,,MIN,2025,12,REG,,,,,,,,,,,,,,,,,,,,,,,,,,4,6,48,0,,,,,,,,,,,,,,
00-0036358,C.Lamb,CeeDee Lamb,WR,WR,,DAL,2025,12,REG,,,,,,,,,,,,,,,,,,,,,,,,,,4,11,75,0,,,,,,,,,,,,,,
00-0036389,J.Hurts,Jalen Hurts,QB,QB,,PHI,2025,12,REG,,27,39,289,1,0,,,,,,,,,,,,,,,,,,,,,,,,,,,,,,,,,,,,,
00-0036410,T.Higgins,Tee Higgins,WR,WR,,CIN,2025,12,REG,,,,,,,,,,,,,,,,,,,,,,,,,,5,6,31,0,,,,,,,,,,,,,,
00-0036898,D.Mills,Davis Mills,QB,QB,,HOU,2025,12,REG,,16,30,153,2,0,,,,,,,,,,,,,,,,,,,,,,,,,,,,,,,,,,,,,
00-0036912,D.Smith,DeVonta Smith,WR,WR,,PHI,2025,12,REG,,,,,,,,,,,,,,,,,,,,,,,,,,6,11,89,0,,,,,,,,,,,,,,
00-0036919,K.Gainwell,Kenneth Gainwell,RB,RB,,PIT,2025,12,REG,,,,,,,,,,,,,,,,,,10,92,0,,,,,,,,,,,,,,,,,,,,,,,
00-0036963,A.St. Brown,Amon-Ra St. Brown,WR,WR,,DET,2025,12,REG,,,,,,,,,,,,,,,,,,,,,,,,,,9,13,149,1,,,,,,,,,,,,,,
00-0036970,K.Pitts,Kyle Pitts,TE,TE,,ATL,2025,12,REG,,,,,,,,,,,,,,,,,,,,,,,,,,2,5,25,0,,,,,,,,,,,,,,
00-0036971,T.Lawrence,Trevor Lawrence,QB,QB,,JAX,2025,12,REG,,18,30,256,3,3,,,,,,,,,,,,,,,,,,,,,,,,,,,,,,,,,,,,,
00-0036973,T.Etienne,Travis Etienne,RB,RB,,JAX,2025,12,REG,,,,,,,,,,,,,,,,,,15,86,0,,,,,,,,,,,,,,,,,,,,,,,
00-0036997,J.Williams,Javonte Williams,RB,RB,,DAL,2025,12,REG,,,,,,,,,,,,,,,,,,20,87,0,,,,,,,,,,,,,,,,,,,,,,,
00-0037157,Z.Knight,Bam Knight,RB,RB,,ARI,2025,12,REG,,,,,,,,,,,,,,,,,,10,12,1,,,,,,,,,,,,,,,,,,,,,,,
00-0037228,J.Warren,Jaylen Warren,RB,RB,,PIT,2025,12,REG,,,,,,,,,,,,,,,,,,18,68,1,,,,,,,,,,,,,,,,,,,,,,,
00-0037239,C.Olave,Chris Olave,WR,WR,,NO,2025,12,REG,,,,,,,,,,,,,,,,,,,,,,,,,,9,13,70,0,,,,,,,,,,,,,,
00-0037247,G.Pickens,George Pickens,WR,WR,,DAL,2025,12,REG,,,,,,,,,,,,,,,,,,,,,,,,,,9,9,146,1,,,,,,,,,,,,,,
00-0037248,J.Cook,James Cook,RB,RB,,BUF,2025,12,REG,,,,,,,,,,,,,,,,,,17,116,1,,,,,,,,,,,,,,,,,,,,,,,
00-0037261,K.Shakir,Khalil Shakir,WR,WR,,BUF,2025,12,REG,,,,,,,,,,,,,,,,,,,,,,,,,,8,10,77,0,,,,,,,,,,,,,,
00-0037263,T.Allgeier,Tyler Allgeier,RB,RB,,ATL,2025,12,REG,,,,,,,,,,,,,,,,,,12,44,0,,,,,,,,,,,,,,,,,,,,,,,
00-0037614,J.Metchie,John Metchie III,WR,WR,,NYJ,2025,12,REG,,,,,,,,,,,,,,,,,,,,,,,,,,6,7,65,1,,,,,,,,,,,,,,
00-0037744,T.McBride,Trey McBride,TE,TE,,ARI,2025,12,REG,,,,,,,,,,,,,,,,,,,,,,,,,,9,10,79,0,,,,,,,,,,,,,,
00-0037834,B.Purdy,Brock Purdy,QB,QB,,SF,2025,12,REG,,23,32,193,1,3,,,,,,,,,,,,,,,,,,,,,,,,,,,,,,,,,,,,,
00-0037837,C.Austin,Calvin Austin III,WR,WR,,PIT,2025,12,REG,,,,,,,,,,,,,,,,,,,,,,,,,,4,5,36,0,,,,,,,,,,,,,,
00-0037840,K.Williams,Kyren Williams,RB,RB,,LAR,2025,12,REG,,,,,,,,,,,,,,,,,,12,46,0,,,,,,,,,,,,,,,,,,,,,,,
00-0038041,J.Ferguson,Jake Ferguson,TE,TE,,DAL,2025,12,REG,,,,,,,,,,,,,,,,,,,,,,,,,,5,6,60,0,,,,,,,,,,,,,,
00-0038117,W.Robinson,Wan'Dale Robinson,WR,WR,,NYG,2025,12,REG,,,,,,,,,,,,,,,,,,,,,,,,,,9,14,156,1,,,,,,,,,,,,,,
00-0038120,B.Hall,Breece Hall,RB,RB,,NYJ,2025,12,REG,,,,,,,,,,,,,,,,,,16,44,0,,,,,,,,,,,,,,,,,,,,,,,
00-0038124,C.Watson,Christian Watson,WR,WR,,GB,2025,12,REG,,,,,,,,,,,,,,,,,,,,,,,,,,5,7,49,0,,,,,,,,,,,,,,
00-0038129,C.Otton,Cade Otton,TE,TE,,TB,2025,12,REG,,,,,,,,,,,,,,,,,,,,,,,,,,4,7,21,0,,,,,,,,,,,,,,
00-0038134,K.Walker,Kenneth Walker III,RB,RB,,SEA,2025,12,REG,,,,,,,,,,,,,,,,,,11,71,0,,,,,,,,,,,,,,,,,,,,,,,
00-0038542,B.Robinson,Bijan Robinson,RB,RB,,ATL,2025,12,REG,,,,,,,,,,,,,,,,,,14,70,0,,,,,,,,,,,,,,,,,,,,,,,
00-0038543,J.Smith-Njigba,Jaxon Smith-Njigba,WR,WR,,SEA,2025,12,REG,,,,,,,,,,,,,,,,,,,,,,,,,,8,10,167,2,,,,,,,,,,,,,,
00-0038559,M.Wilson,Michael Wilson,WR,WR,,ARI,2025,12,REG,,,,,,,,,,,,,,,,,,,,,,,,,,10,15,118,0,,,,,,,,,,,,,,
00-0038563,T.Tucker,Tre Tucker,WR,WR,,LV,2025,12,REG,,,,,,,,,,,,,,,,,,,,,,,,,,3,10,28,0,,,,,,,,,,,,,,
00-0038597,C.Brown,Chase Brown,RB,RB,,CIN,2025,12,REG,,,,,,,,,,,,,,,,,,19,107,0,,,,,,,,,,,,,,,,,,,,,,,
00-0038606,P.Washington,Parker Washington,WR,WR,,JAX,2025,12,REG,,,,,,,,,,,,,,,,,,,,,,,,,,5,7,71,1,,,,,,,,,,,,,,
00-0038619,A.Iosivas,Andrei Iosivas,WR,WR,,CIN,2025,12,REG,,,,,,,,,,,,,,,,,,,,,,,,,,4,7,61,0,,,,,,,,,,,,,,
00-0038797,E.Wilson,Emanuel Wilson,RB,RB,,GB,2025,12,REG,,,,,,,,,,,,,,,,,,28,107,2,,,,,,,,,,,,,,,,,,,,,,,
00-0038839,M.Tinsley,Mitchell Tinsley,WR,WR,,CIN,2025,12,REG,,,,,,,,,,,,,,,,,,,,,,,,,,2,6,29,1,,,,,,,,,,,,,,
00-0038935,B.Strange,Brenton Strange,TE,TE,,JAX,2025,12,REG,,,,,,,,,,,,,,,,,,,,,,,,,,5,5,93,0,,,,,,,,,,,,,,
00-0038951,S.Tucker,Sean Tucker,RB,RB,,TB,2025,12,REG,,,,,,,,,,,,,,,,,,12,42,0,,,,,,,,,,,,,,,,,,,,,,,
00-0038997,J.Downs,Josh Downs,WR,WR,,IND,2025,12,REG,,,,,,,,,,,,,,,,,,,,,,,,,,2,6,10,0,,,,,,,,,,,,,,
00-0039064,Z.Flowers,Zay Flowers,WR,WR,,BAL,2025,12,REG,,,,,,,,,,,,,,,,,,,,,,,,,,5,6,58,0,,,,,,,,,,,,,,
00-0039067,R.Rice,Rashee Rice,WR,WR,,KC,2025,12,REG,,,,,,,,,,,,,,,,,,,,,,,,,,8,12,141,0,,,,,,,,,,,,,,
00-0039075,P.Nacua,Puka Nacua,WR,WR,,LAR,2025,12,REG,,,,,,,,,,,,,,,,,,,,,,,,,,7,11,97,0,,,,,,,,,,,,,,
00-0039139,J.Gibbs,Jahmyr Gibbs,RB,RB,,DET,2025,12,REG,,,,,,,,,,,,,,,,,,15,219,2,,,,,,,,,,,,,,,,,,,,,,,
00-0039150,B.Young,Bryce Young,QB,QB,,CAR,2025,12,REG,,18,29,169,1,2,,,,,,,,,,,,,,,,,,,,,,,,,,,,,,,,,,,,,
00-0039338,B.Bowers,Brock Bowers,TE,TE,,LV,2025,12,REG,,,,,,,,,,,,,,,,,,,,,,,,,,6,9,55,0,,,,,,,,,,,,,,
00-0039342,X.Legette,Xavier Legette,WR,WR,,CAR,2025,12,REG,,,,,,,,,,,,,,,,,,,,,,,,,,3,5,22,0,,,,,,,,,,,,,,
00-0039384,T.Tracy,Tyrone Tracy Jr.,RB,RB,,NYG,2025,12,REG,,,,,,,,,,,,,,,,,,20,62,0,,,,,,,,,,,,,,,,,,,,,,,
00-0039424,D.Vele,Devaughn Vele,WR,WR,,NO,2025,12,REG,,,,,,,,,,,,,,,,,,,,,,,,,,3,7,37,0,,,,,,,,,,,,,,
00-0039847,T.Johnson,Theo Johnson,TE,TE,,NYG,2025,12,REG,,,,,,,,,,,,,,,,,,,,,,,,,,3,5,77,0,,,,,,,,,,,,,,
00-0039851,D.Maye,Drake Maye,QB,QB,,NE,2025,12,REG,,22,35,294,1,1,,,,,,,,,,,,,,,,,,,,,,,,,,,,,,,,,,,,,
00-0039890,A.Mitchell,Adonai Mitchell,WR,WR,,NYJ,2025,12,REG,,,,,,,,,,,,,,,,,,,,,,,,,,2,7,42,0,,,,,,,,,,,,,,
00-0039894,X.Worthy,Xavier Worthy,WR,WR,,KC,2025,12,REG,,,,,,,,,,,,,,,,,,,,,,,,,,4,8,59,0,,,,,,,,,,,,,,
00-0039918,C.Williams,Caleb Williams,QB,QB,,CHI,2025,12,REG,,19,35,239,3,0,,,,,,,,,,,,,,,,,,,,,,,,,,,,,,,,,,,,,
00-0039919,R.Odunze,Rome Odunze,WR,WR,,CHI,2025,12,REG,,,,,,,,,,,,,,,,,,,,,,,,,,3,9,53,0,,,,,,,,,,,,,,
00-0039923,J.McCarthy,J.J. McCarthy,QB,QB,,MIN,2025,12,REG,,12,19,87,0,2,,,,,,,,,,,,,,,,,,,,,,,,,,,,,,,,,,,,,
00-0040122,A.Jeanty,Ashton Jeanty,RB,RB,,LV,2025,12,REG,,,,,,,,,,,,,,,,,,17,50,0,,,,,,,,,,,,,,,,,,,,,,,
00-0040124,T.McMillan,Tetairoa McMillan,WR,WR,,CAR,2025,12,REG,,,,,,,,,,,,,,,,,,,,,,,,,,2,7,35,1,,,,,,,,,,,,,,
00-0040126,C.Loveland,Colston Loveland,TE,TE,,CHI,2025,12,REG,,,,,,,,,,,,,,,,,,,,,,,,,,4,5,49,1,,,,,,,,,,,,,,
00-0040128,T.Warren,Tyler Warren,TE,TE,,IND,2025,12,REG,,,,,,,,,,,,,,,,,,,,,,,,,,5,7,45,0,,,,,,,,,,,,,,
00-0040129,E.Egbuka,Emeka Egbuka,WR,WR,,TB,2025,12,REG,,,,,,,,,,,,,,,,,,,,,,,,,,3,8,32,0,,,,,,,,,,,,,,
00-0040130,J.Higgins,Jayden Higgins,WR,WR,,HOU,2025,12,REG,,,,,,,,,,,,,,,,,,,,,,,,,,4,9,38,1,,,,,,,,,,,,,,
00-0040236,K.Monangai,Kyle Monangai,RB,RB,,CHI,2025,12,REG,,,,,,,,,,,,,,,,,,12,48,1,,,,,,,,,,,,,,,,,,,,,,,
00-0040522,X.Restrepo,Xavier Restrepo,WR,WR,,TEN,2025,12,REG,,,,,,,,,,,,,,,,,,,,,,,,,,2,6,26,0,,,,,,,,,,,,,,
00-0040583,W.Marks,Woody Marks,RB,RB,,HOU,2025,12,REG,,,,,,,,,,,,,,,,,,16,74,0,,,,,,,,,,,,,,,,,,,,,,,
00-0040584,G.Helm,Gunnar Helm,TE,TE,,TEN,2025,12,REG,,,,,,,,,,,,,,,,,,,,,,,,,,6,7,51,0,,,,,,,,,,,,,,
00-0040663,H.Fannin,Harold Fannin Jr.,TE,TE,,CLE,2025,12,REG,,,,,,,,,,,,,,,,,,,,,,,,,,4,6,40,0,,,,,,,,,,,,,,
00-0040668,S.Sanders,Shedeur Sanders,QB,QB,,CLE,2025,12,REG,,11,20,209,1,1,,,,,,,,,,,,,,,,,,,,,,,,,,,,,,,,,,,,,
00-0040676,C.Ward,Cam Ward,QB,QB,,TEN,2025,12,REG,,28,42,256,1,0,,,,,,,,,,,,,,,,,,,,,,,,,,,,,,,,,,,,,
00-0040705,C.Dike,Chimere Dike,WR,WR,,TEN,2025,12,REG,,,,,,,,,,,,,,,,,,,,,,,,,,5,7,44,1,,,,,,,,,,,,,,
00-0040734,T.Henderson,TreVeyon Henderson,RB,RB,,NE,2025,12,REG,,,,,,,,,,,,,,,,,,18,66,0,,,,,,,,,,,,,,,,,,,,,,,
00-0040735,L.Burden,Luther Burden III,WR,WR,,CHI,2025,12,REG,,,,,,,,,,,,,,,,,,,,,,,,,,3,5,46,0,,,,,,,,,,,,,,
00-0040736,M.Taylor,Mason Taylor,TE,TE,,NYJ,2025,12,REG,,,,,,,,,,,,,,,,,,,,,,,,,,3,5,21,0,,,,,,,,,,,,,,
00-0040743,T.Shough,Tyler Shough,QB,QB,,NO,2025,12,REG,,30,43,243,0,1,,,,,,,,,,,,,,,,,,,,,,,,,,,,,,,,,,,,,
00-0040784,Q.Judkins,Quinshon Judkins,RB,RB,,CLE,2025,12,REG,,,,,,,,,,,,,,,,,,16,47,2,,,,,,,,,,,,,,,,,,,,,,,
00-0023459,A.Rodgers,Aaron Rodgers,QB,QB,,PIT,2025,13,REG,,10,21,117,0,0,,,,,,,,,,,,,,,,,,,,,,,,,,,,,,,,,,,,,
00-0026498,M.Stafford,Matthew Stafford,QB,QB,,LAR,2025,13,REG,,18,28,243,2,2,,,,,,,,,,,,,,,,,,,,,,,,,,,,,,,,,,,,,
00-0028118,T.Taylor,Tyrod Taylor,QB,QB,,NYJ,2025,13,REG,,19,33,172,1,0,,,,,,,,,,,,,,,,,,,,,,,,,,,,,,,,,,,,,
00-0029604,K.Cousins,Kirk Cousins,QB,QB,,ATL,2025,13,REG,,21,33,234,1,0,,,,,,,,,,,,,,,,,,,,,,,,,,,,,,,,,,,,,
00-0030061,Z.Ertz,Zach Ertz,TE,TE,,WAS,2025,13,REG,,,,,,,,,,,,,,,,,,,,,,,,,,10,13,106,0,,,,,,,,,,,,,,
00-0030279,K.Allen,Keenan Allen,WR,WR,,LAC,2025,13,REG,,,,,,,,,,,,,,,,,,,,,,,,,,4,5,30,0,,,,,,,,,,,,,,
00-0030506,T.Kelce,Travis Kelce,TE,TE,,KC,2025,13,REG,,,,,,,,,,,,,,,,,,,,,,,,,,5,6,45,1,,,,,,,,,,,,,,
00-0030565,G.Smith,Geno Smith,QB,QB,,LV,2025,13,REG,,18,23,165,2,1,,,,,,,,,,,,,,,,,,,,,,,,,,,,,,,,,,,,,
00-0031381,D.Adams,Davante Adams,WR,WR,,LAR,2025,13,REG,,,,,,,,,,,,,,,,,,,,,,,,,,4,5,58,2,,,,,,,,,,,,,,
00-0032268,M.Mariota,Marcus Mariota,QB,QB,,WAS,2025,13,REG,,28,50,294,2,1,,,,,,,,,,,,,,,,,,,,,,,,,,,,,,,,,,,,,
00-0032764,D.Henry,Derrick Henry,RB,RB,,BAL,2025,13,REG,,,,,,,,,,,,,,,,,,10,60,1,,,,,,,,,,,,,,,,,,,,,,,
00-0033077,D.Prescott,Dak Prescott,QB,QB,,DAL,2025,13,REG,,27,39,320,2,1,,,,,,,,,,,,,,,,,,,,,,,,,,,,,,,,,,,,,
00-0033090,H.Henry,Hunter Henry,TE,TE,,NE,2025,13,REG,,,,,,,,,,,,,,,,,,,,,,,,,,4,6,73,0,,,,,,,,,,,,,,
00-0033106,J.Goff,Jared Goff,QB,QB,,DET,2025,13,REG,,20,26,256,2,0,,,,,,,,,,,,,,,,,,,,,,,,,,,,,,,,,,,,,
00-0033119,J.Brissett,Jacoby Brissett,QB,QB,,ARI,2025,13,REG,,29,40,301,2,1,,,,,,,,,,,,,,,,,,,,,,,,,,,,,,,,,,,,,
00-0033280,C.McCaffrey,Christian McCaffrey,RB,RB,,SF,2025,13,REG,,,,,,,,,,,,,,,,,,20,53,1,,,,,,,,,,,,,,,,,,,,,,,
00-0033288,G.Kittle,George Kittle,TE,TE,,SF,2025,13,REG,,,,,,,,,,,,,,,,,,,,,,,,,,4,5,67,0,,,,,,,,,,,,,,
00-0033526,S.Perine,Samaje Perine,RB,RB,,CIN,2025,13,REG,,,,,,,,,,,,,,,,,,14,39,0,,,,,,,,,,,,,,,,,,,,,,,
00-0033873,P.Mahomes,Patrick Mahomes,QB,QB,,KC,2025,13,REG,,23,34,261,4,0,,,,,,,,,,,,,,,,,,,,,,,,,,,,,,,,,,,,,
00-0033881,E.Engram,Evan Engram,TE,TE,,DEN,2025,13,REG,,,,,,,,,,,,,,,,,,,,,,,,,,6,9,79,0,,,,,,,,,,,,,,
00-0033921,C.Godwin,Chris Godwin Jr.,WR,WR,,TB,2025,13,REG,,,,,,,,,,,,,,,,,,,,,,,,,,3,5,78,0,,,,,,,,,,,,,,
00-0033923,K.Hunt,Kareem Hunt,RB,RB,,KC,2025,13,REG,,,,,,,,,,,,,,,,,,14,58,0,,,,,,,,,,,,,,,,,,,,,,,
00-0034348,C.Sutton,Courtland Sutton,WR,WR,,DEN,2025,13,REG,,,,,,,,,,,,,,,,,,,,,,,,,,5,6,62,1,,,,,,,,,,,,,,
00-0034383,D.Schultz,Dalton Schultz,TE,TE,,HOU,2025,13,REG,,,,,,,,,,,,,,,,,,,,,,,,,,7,8,55,0,,,,,,,,,,,,,,
00-0034753,M.Andrews,Mark Andrews,TE,TE,,BAL,2025,13,REG,,,,,,,,,,,,,,,,,,,,,,,,,,4,6,47,0,,,,,,,,,,,,,,
00-0034796,L.Jackson,Lamar Jackson,QB,QB,,BAL,2025,13,REG,,17,32,246,0,1,,,,,,,,,,,,,,,,,,,,,,,,,,,,,,,,,,,,,
00-0034827,D.Moore,DJ Moore,WR,WR,,CHI,2025,13,REG,,,,,,,,,,,,,,,,,,,,,,,,,,2,5,17,0,,,,,,,,,,,,,,
00-0034844,S.Barkley,Saquon Barkley,RB,RB,,PHI,2025,13,REG,,,,,,,,,,,,,,,,,,13,56,0,,,,,,,,,,,,,,,,,,,,,,,
00-0034855,B.Mayfield,Baker Mayfield,QB,QB,,TB,2025,13,REG,,18,28,194,1,0,,,,,,,,,,,,,,,,,,,,,,,,,,,,,,,,,,,,,
00-0034857,J.Allen,Josh Allen,QB,QB,,BUF,2025,13,REG,,15,23,123,1,1,,,,,,,,,,,,,,,,,,,,,,,,,,,,,,,,,,,,,
00-0034869,S.Darnold,Sam Darnold,QB,QB,,SEA,2025,13,REG,,14,26,128,0,0,,,,,,,,,,,,,,,,,,,,,,,,,,,,,,,,,,,,,
00-0034960,J.Meyers,Jakobi Meyers,WR,WR,,JAX,2025,13,REG,,,,,,,,,,,,,,,,,,,,,,,,,,6,6,90,1,,,,,,,,,,,,,,
00-0035229,T.Hockenson,T.J. Hockenson,TE,TE,,MIN,2025,13,REG,,,,,,,,,,,,,,,,,,,,,,,,,,6,6,59,0,,,,,,,,,,,,,,
00-0035250,D.Singletary,Devin Singletary,RB,RB,,NYG,2025,13,REG,,,,,,,,,,,,,,,,,,12,68,1,,,,,,,,,,,,,,,,,,,,,,,
00-0035261,T.Pollard,Tony Pollard,RB,RB,,TEN,2025,13,REG,,,,,,,,,,,,,,,,,,10,60,0,,,,,,,,,,,,,,,,,,,,,,,
00-0035640,D.Metcalf,DK Metcalf,WR,WR,,PIT,2025,13,REG,,,,,,,,,,,,,,,,,,,,,,,,,,3,5,32,0,,,,,,,,,,,,,,
00-0035659,T.McLaurin,Terry McLaurin,WR,WR,,WAS,2025,13,REG,,,,,,,,,,,,,,,,,,,,,,,,,,7,14,96,1,,,,,,,,,,,,,,
00-0035676,A.Brown,A.J. Brown,WR,WR,,PHI,2025,13,REG,,,,,,,,,,,,,,,,,,,,,,,,,,10,12,132,2,,,,,,,,,,,,,,
00-0035700,J.Jacobs,Josh Jacobs,RB,RB,,GB,2025,13,REG,,,,,,,,,,,,,,,,,,17,83,0,,,,,,,,,,,,,,,,,,,,,,,
00-0035710,D.Jones,Daniel Jones,QB,QB,,IND,2025,13,REG,,14,27,201,2,0,,,,,,,,,,,,,,,,,,,,,,,,,,,,,,,,,,,,,
00-0035719,D.Samuel,Deebo Samuel Sr.,WR,WR,,WAS,2025,13,REG,,,,,,,,,,,,,,,,,,,,,,,,,,5,7,64,0,,,,,,,,,,,,,,
00-0036040,J.Johnson,Juwan Johnson,TE,TE,,NO,2025,13,REG,,,,,,,,,,,,,,,,,,,,,,,,,,5,9,39,0,,,,,,,,,,,,,,
00-0036139,R.Dowdle,Rico Dowdle,RB,RB,,CAR,2025,13,REG,,,,,,,,,,,,,,,,,,18,58,0,,,,,,,,,,,,,,,,,,,,,,,
00-0036212,T.Tagovailoa,Tua Tagovailoa,QB,QB,,MIA,2025,13,REG,,12,23,157,0,1,,,,,,,,,,,,,,,,,,,,,,,,,,,,,,,,,,,,,
00-0036223,J.Taylor,Jonathan Taylor,RB,RB,,IND,2025,13,REG,,,,,,,,,,,,,,,,,,21,85,0,,,,,,,,,,,,,,,,,,,,,,,
00-0036244,C.Parkinson,Colby Parkinson,TE,TE,,LAR,2025,13,REG,,,,,,,,,,,,,,,,,,,,,,,,,,4,5,27,0,,,,,,,,,,,,,,
00-0036259,J.Jennings,Jauan Jennings,WR,WR,,SF,2025,13,REG,,,,,,,,,,,,,,,,,,,,,,,,,,4,6,39,1,,,,,,,,,,,,,,
00-0036264,J.Love,Jordan Love,QB,QB,,GB,2025,13,REG,,18,30,234,4,0,,,,,,,,,,,,,,,,,,,,,,,,,,,,,,,,,,,,,
00-0036275,D.Swift,D'Andre Swift,RB,RB,,CHI,2025,13,REG,,,,,,,,,,,,,,,,,,18,125,1,,,,,,,,,,,,,,,,,,,,,,,
00-0036309,D.Mooney,Darnell Mooney,WR,WR,,ATL,2025,13,REG,,,,,,,,,,,,,,,,,,,,,,,,,,2,5,25,0,,,,,,,,,,,,,,
00-0036322,J.Jefferson,Justin Jefferson,WR,WR,,MIN,2025,13,REG,,,,,,,,,,,,,,,,,,,,,,,,,,2,6,4,0,,,,,,,,,,,,,,
00-0036355,J.Herbert,Justin Herbert,QB,QB,,LAC,2025,13,REG,,15,20,151,2,1,,,,,,,,,,,,,,,,,,,,,,,,,,,,,,,,,,,,,
00-0036358,C.Lamb,CeeDee Lamb,WR,WR,,DAL,2025,13,REG,,,,,,,,,,,,,,,,,,,,,,,,,,7,9,112,1,,,,,,,,,,,,,,
00-0036389,J.Hurts,Jalen Hurts,QB,QB,,PHI,2025,13,REG,,19,34,230,2,1,,,,,,,,,,,,,,,,,,,,,,,,,,,,,,,,,,,,,
00-0036442,J.Burrow,Joe Burrow,QB,QB,,CIN,2025,13,REG,,24,46,261,2,0,,,,,,,,,,,,,,,,,,,,,,,,,,,,,,,,,,,,,
00-0036554,N.Collins,Nico Collins,WR,WR,,HOU,2025,13,REG,,,,,,,,,,,,,,,,,,,,,,,,,,5,10,98,0,,,,,,,,,,,,,,
00-0036555,C.Hubbard,Chuba Hubbard,RB,RB,,CAR,2025,13,REG,,,,,,,,,,,,,,,,,,17,83,0,,,,,,,,,,,,,,,,,,,,,,,
00-0036613,J.Waddle,Jaylen Waddle,WR,WR,,MIA,2025,13,REG,,,,,,,,,,,,,,,,,,,,,,,,,,3,6,40,0,,,,,,,,,,,,,,
00-0036755,J.Patterson,Jaret Patterson,RB,RB,,LAC,2025,13,REG,,,,,,,,,,,,,,,,,,11,54,1,,,,,,,,,,,,,,,,,,,,,,,
00-0036875,R.Stevenson,Rhamondre Stevenson,RB,RB,,NE,2025,13,REG,,,,,,,,,,,,,,,,,,12,40,0,,,,,,,,,,,,,,,,,,,,,,,
00-0036900,J.Chase,Ja'Marr Chase,WR,WR,,CIN,2025,13,REG,,,,,,,,,,,,,,,,,,,,,,,,,,7,14,110,0,,,,,,,,,,,,,,
00-0036912,D.Smith,DeVonta Smith,WR,WR,,PHI,2025,13,REG,,,,,,,,,,,,,,,,,,,,,,,,,,5,8,48,0,,,,,,,,,,,,,,
00-0036970,K.Pitts,Kyle Pitts,TE,TE,,ATL,2025,13,REG,,,,,,,,,,,,,,,,,,,,,,,,,,7,8,82,0,,,,,,,,,,,,,,
00-0036971,T.Lawrence,Trevor Lawrence,QB,QB,,JAX,2025,13,REG,,16,27,229,2,0,,,,,,,,,,,,,,,,,,,,,,,,,,,,,,,,,,,,,
00-0036973,T.Etienne,Travis Etienne,RB,RB,,JAX,2025,13,REG,,,,,,,,,,,,,,,,,,12,28,0,,,,,,,,,,,,,,,,,,,,,,,
00-0036997,J.Williams,Javonte Williams,RB,RB,,DAL,2025,13,REG,,,,,,,,,,,,,,,,,,17,59,0,,,,,,,,,,,,,,,,,,,,,,,
00-0037157,Z.Knight,Bam Knight,RB,RB,,ARI,2025,13,REG,,,,,,,,,,,,,,,,,,11,62,0,,,,,,,,,,,,,,,,,,,,,,,
00-0037228,J.Warren,Jaylen Warren,RB,RB,,PIT,2025,13,REG,,,,,,,,,,,,,,,,,,10,35,1,,,,,,,,,,,,,,,,,,,,,,,
00-0037239,C.Olave,Chris Olave,WR,WR,,NO,2025,13,REG,,,,,,,,,,,,,,,,,,,,,,,,,,4,7,47,1,,,,,,,,,,,,,,
00-0037240,J.Williams,Jameson Williams,WR,WR,,DET,2025,13,REG,,,,,,,,,,,,,,,,,,,,,,,,,,7,10,144,1,,,,,,,,,,,,,,
00-0037247,G.Pickens,George Pickens,WR,WR,,DAL,2025,13,REG,,,,,,,,,,,,,,,,,,,,,,,,,,6,13,88,0,,,,,,,,,,,,,,
00-0037248,J.Cook,James Cook,RB,RB,,BUF,2025,13,REG,,,,,,,,,,,,,,,,,,32,144,0,,,,,,,,,,,,,,,,,,,,,,,
00-0037614,J.Metchie,John Metchie III,WR,WR,,NYJ,2025,13,REG,,,,,,,,,,,,,,,,,,,,,,,,,,4,8,19,0,,,,,,,,,,,,,,
00-0037664,A.Pierce,Alec Pierce,WR,WR,,IND,2025,13,REG,,,,,,,,,,,,,,,,,,,,,,,,,,4,5,78,1,,,,,,,,,,,,,,
00-0037744,T.McBride,Trey McBride,TE,TE,,ARI,2025,13,REG,,,,,,,,,,,,,,,,,,,,,,,,,,8,9,82,1,,,,,,,,,,,,,,
00-0037809,C.Okonkwo,Chig Okonkwo,TE,TE,,TEN,2025,13,REG,,,,,,,,,,,,,,,,,,,,,,,,,,4,5,29,0,,,,,,,,,,,,,,
00-0037834,B.Purdy,Brock Purdy,QB,QB,,SF,2025,13,REG,,16,29,168,1,0,,,,,,,,,,,,,,,,,,,,,,,,,,,,,,,,,,,,,
00-0037838,I.Likely,Isaiah Likely,TE,TE,,BAL,2025,13,REG,,,,,,,,,,,,,,,,,,,,,,,,,,5,6,95,0,,,,,,,,,,,,,,
00-0037840,K.Williams,Kyren Williams,RB,RB,,LAR,2025,13,REG,,,,,,,,,,,,,,,,,,13,72,1,,,,,,,,,,,,,,,,,,,,,,,
00-0038041,J.Ferguson,Jake Ferguson,TE,TE,,DAL,2025,13,REG,,,,,,,,,,,,,,,,,,,,,,,,,,5,6,36,0,,,,,,,,,,,,,,
00-0038117,W.Robinson,Wan'Dale Robinson,WR,WR,,NYG,2025,13,REG,,,,,,,,,,,,,,,,,,,,,,,,,,7,8,34,0,,,,,,,,,,,,,,
00-0038120,B.Hall,Breece Hall,RB,RB,,NYJ,2025,13,REG,,,,,,,,,,,,,,,,,,19,68,1,,,,,,,,,,,,,,,,,,,,,,,
00-0038124,C.Watson,Christian Watson,WR,WR,,GB,2025,13,REG,,,,,,,,,,,,,,,,,,,,,,,,,,4,10,80,1,,,,,,,,,,,,,,
00-0038134,K.Walker,Kenneth Walker III,RB,RB,,SEA,2025,13,REG,,,,,,,,,,,,,,,,,,13,56,0,,,,,,,,,,,,,,,,,,,,,,,
00-0038393,D.Wicks,Dontayvion Wicks,WR,WR,,GB,2025,13,REG,,,,,,,,,,,,,,,,,,,,,,,,,,6,7,94,2,,,,,,,,,,,,,,
00-0038542,B.Robinson,Bijan Robinson,RB,RB,,ATL,2025,13,REG,,,,,,,,,,,,,,,,,,23,142,1,,,,,,,,,,,,,,,,,,,,,,,
00-0038559,M.Wilson,Michael Wilson,WR,WR,,ARI,2025,13,REG,,,,,,,,,,,,,,,,,,,,,,,,,,3,7,36,0,,,,,,,,,,,,,,
00-0038597,C.Brown,Chase Brown,RB,RB,,CIN,2025,13,REG,,,,,,,,,,,,,,,,,,15,78,0,,,,,,,,,,,,,,,,,,,,,,,
00-0038608,K.Boutte,Kayshon Boutte,WR,WR,,NE,2025,13,REG,,,,,,,,,,,,,,,,,,,,,,,,,,4,5,35,1,,,,,,,,,,,,,,
00-0038611,C.Rodriguez,Chris Rodriguez Jr.,RB,RB,,WAS,2025,13,REG,,,,,,,,,,,,,,,,,,11,41,1,,,,,,,,,,,,,,,,,,,,,,,
00-0038618,X.Hutchinson,Xavier Hutchinson,WR,WR,,HOU,2025,13,REG,,,,,,,,,,,,,,,,,,,,,,,,,,2,5,39,0,,,,,,,,,,,,,,
00-0038839,M.Tinsley,Mitchell Tinsley,WR,WR,,CIN,2025,13,REG,,,,,,,,,,,,,,,,,,,,,,,,,,2,9,22,0,,,,,,,,,,,,,,
00-0038994,J.Addison,Jordan Addison,WR,WR,,MIN,2025,13,REG,,,,,,,,,,,,,,,,,,,,,,,,,,5,10,36,0,,,,,,,,,,,,,,
00-0038997,J.Downs,Josh Downs,WR,WR,,IND,2025,13,REG,,,,,,,,,,,,,,,,,,,,,,,,,,2,6,44,0,,,,,,,,,,,,,,
00-0039040,D.Achane,De'Von Achane,RB,RB,,MIA,2025,13,REG,,,,,,,,,,,,,,,,,,22,134,1,,,,,,,,,,,,,,,,,,,,,,,
00-0039064,Z.Flowers,Zay Flowers,WR,WR,,BAL,2025,13,REG,,,,,,,,,,,,,,,,,,,,,,,,,,2,7,6,0,,,,,,,,,,,,,,
00-0039067,R.Rice,Rashee Rice,WR,WR,,KC,2025,13,REG,,,,,,,,,,,,,,,,,,,,,,,,,,8,12,92,2,,,,,,,,,,,,,,
00-0039075,P.Nacua,Puka Nacua,WR,WR,,LAR,2025,13,REG,,,,,,,,,,,,,,,,,,,,,,,,,,6,9,72,0,,,,,,,,,,,,,,
00-0039139,J.Gibbs,Jahmyr Gibbs,RB,RB,,DET,2025,13,REG,,,,,,,,,,,,,,,,,,20,68,0,,,,,,,,,,,,,,,,,,,,,,,
00-0039150,B.Young,Bryce Young,QB,QB,,CAR,2025,13,REG,,15,20,206,3,0,,,,,,,,,,,,,,,,,,,,,,,,,,,,,,,,,,,,,
00-0039163,C.Stroud,C.J. Stroud,QB,QB,,HOU,2025,13,REG,,22,35,276,0,1,,,,,,,,,,,,,,,,,,,,,,,,,,,,,,,,,,,,,
00-0039165,Z.Charbonnet,Zach Charbonnet,RB,RB,,SEA,2025,13,REG,,,,,,,,,,,,,,,,,,14,52,1,,,,,,,,,,,,,,,,,,,,,,,
00-0039361,B.Irving,Bucky Irving,RB,RB,,TB,2025,13,REG,,,,,,,,,,,,,,,,,,17,61,1,,,,,,,,,,,,,,,,,,,,,,,
00-0039384,T.Tracy,Tyrone Tracy Jr.,RB,RB,,NYG,2025,13,REG,,,,,,,,,,,,,,,,,,10,36,0,,,,,,,,,,,,,,,,,,,,,,,
00-0039391,K.Vidal,Kimani Vidal,RB,RB,,LAC,2025,13,REG,,,,,,,,,,,,,,,,,,25,126,1,,,,,,,,,,,,,,,,,,,,,,,
00-0039424,D.Vele,Devaughn Vele,WR,WR,,NO,2025,13,REG,,,,,,,,,,,,,,,,,,,,,,,,,,8,8,93,1,,,,,,,,,,,,,,
00-0039491,J.Coker,Jalen Coker,WR,WR,,CAR,2025,13,REG,,,,,,,,,,,,,,,,,,,,,,,,,,4,6,74,1,,,,,,,,,,,,,,
00-0039732,B.Nix,Bo Nix,QB,QB,,DEN,2025,13,REG,,29,45,321,1,1,,,,,,,,,,,,,,,,,,,,,,,,,,,,,,,,,,,,,
00-0039793,A.Barner,AJ Barner,TE,TE,,SEA,2025,13,REG,,,,,,,,,,,,,,,,,,,,,,,,,,4,5,35,0,,,,,,,,,,,,,,
00-0039847,T.Johnson,Theo Johnson,TE,TE,,NYG,2025,13,REG,,,,,,,,,,,,,,,,,,,,,,,,,,3,8,29,0,,,,,,,,,,,,,,
00-0039849,M.Harrison,Marvin Harrison Jr.,WR,WR,,ARI,2025,13,REG,,,,,,,,,,,,,,,,,,,,,,,,,,6,7,69,0,,,,,,,,,,,,,,
00-0039851,D.Maye,Drake Maye,QB,QB,,NE,2025,13,REG,,24,31,282,2,0,,,,,,,,,,,,,,,,,,,,,,,,,,,,,,,,,,,,,
00-0039880,M.Washington,Malik Washington,WR,WR,,MIA,2025,13,REG,,,,,,,,,,,,,,,,,,,,,,,,,,4,5,30,0,,,,,,,,,,,,,,
00-0039890,A.Mitchell,Adonai Mitchell,WR,WR,,NYJ,2025,13,REG,,,,,,,,,,,,,,,,,,,,,,,,,,8,12,102,1,,,,,,,,,,,,,,
00-0039894,X.Worthy,Xavier Worthy,WR,WR,,KC,2025,13,REG,,,,,,,,,,,,,,,,,,,,,,,,,,4,6,61,0,,,,,,,,,,,,,,
00-0039915,L.McConkey,Ladd McConkey,WR,WR,,LAC,2025,13,REG,,,,,,,,,,,,,,,,,,,,,,,,,,4,6,39,1,,,,,,,,,,,,,,
00-0039918,C.Williams,Caleb Williams,QB,QB,,CHI,2025,13,REG,,17,36,154,1,1,,,,,,,,,,,,,,,,,,,,,,,,,,,,,,,,,,,,,
00-0039919,R.Odunze,Rome Odunze,WR,WR,,CHI,2025,13,REG,,,,,,,,,,,,,,,,,,,,,,,,,,2,6,8,0,,,,,,,,,,,,,,
00-0040122,A.Jeanty,Ashton Jeanty,RB,RB,,LV,2025,13,REG,,,,,,,,,,,,,,,,,,15,31,0,,,,,,,,,,,,,,,,,,,,,,,
00-0040126,C.Loveland,Colston Loveland,TE,TE,,CHI,2025,13,REG,,,,,,,,,,,,,,,,,,,,,,,,,,3,6,28,0,,,,,,,,,,,,,,
00-0040129,E.Egbuka,Emeka Egbuka,WR,WR,,TB,2025,13,REG,,,,,,,,,,,,,,,,,,,,,,,,,,4,8,42,0,,,,,,,,,,,,,,
00-0040130,J.Higgins,Jayden Higgins,WR,WR,,HOU,2025,13,REG,,,,,,,,,,,,,,,,,,,,,,,,,,5,5,65,0,,,,,,,,,,,,,,
00-0040134,P.Bryant,Pat Bryant,WR,WR,,DEN,2025,13,REG,,,,,,,,,,,,,,,,,,,,,,,,,,3,7,42,0,,,,,,,,,,,,,,
00-0040170,E.Ayomanor,Elic Ayomanor,WR,WR,,TEN,2025,13,REG,,,,,,,,,,,,,,,,,,,,,,,,,,1,5,5,0,,,,,,,,,,,,,,
00-0040202,D.Neal,Devin Neal,RB,RB,,NO,2025,13,REG,,,,,,,,,,,,,,,,,,14,47,0,,,,,,,,,,,,,,,,,,,,,,,
00-0040236,K.Monangai,Kyle Monangai,RB,RB,,CHI,2025,13,REG,,,,,,,,,,,,,,,,,,22,130,1,,,,,,,,,,,,,,,,,,,,,,,
00-0040494,M.Brosmer,Max Brosmer,QB,QB,,MIN,2025,13,REG,,19,30,126,0,4,,,,,,,,,,,,,,,,,,,,,,,,,,,,,,,,,,,,,
00-0040583,W.Marks,Woody Marks,RB,RB,,HOU,2025,13,REG,,,,,,,,,,,,,,,,,,19,64,0,,,,,,,,,,,,,,,,,,,,,,,
00-0040584,G.Helm,Gunnar Helm,TE,TE,,TEN,2025,13,REG,,,,,,,,,,,,,,,,,,,,,,,,,,6,7,23,0,,,,,,,,,,,,,,
00-0040663,H.Fannin,Harold Fannin Jr.,TE,TE,,CLE,2025,13,REG,,,,,,,,,,,,,,,,,,,,,,,,,,3,5,43,1,,,,,,,,,,,,,,
00-0040668,S.Sanders,Shedeur Sanders,QB,QB,,CLE,2025,13,REG,,16,25,149,1,0,,,,,,,,,,,,,,,,,,,,,,,,,,,,,,,,,,,,,
00-0040676,C.Ward,Cam Ward,QB,QB,,TEN,2025,13,REG,,24,38,141,0,0,,,,,,,,,,,,,,,,,,,,,,,,,,,,,,,,,,,,,
00-0040691,J.Dart,Jaxson Dart,QB,QB,,NYG,2025,13,REG,,17,24,139,1,0,,,,,,,,,,,,,,,,,,,,,,,,,,,,,,,,,,,,,
00-0040730,R.Harvey,RJ Harvey,RB,RB,,DEN,2025,13,REG,,,,,,,,,,,,,,,,,,13,35,2,,,,,,,,,,,,,,,,,,,,,,,
00-0040734,T.Henderson,TreVeyon Henderson,RB,RB,,NE,2025,13,REG,,,,,,,,,,,,,,,,,,11,67,0,,,,,,,,,,,,,,,,,,,,,,,
00-0040735,L.Burden,Luther Burden III,WR,WR,,CHI,2025,13,REG,,,,,,,,,,,,,,,,,,,,,,,,,,4,6,33,0,,,,,,,,,,,,,,
00-0040743,T.Shough,Tyler Shough,QB,QB,,NO,2025,13,REG,,26,38,239,2,1,,,,,,,,,,,,,,,,,,,,,,,,,,,,,,,,,,,,,
00-0040784,Q.Judkins,Quinshon Judkins,RB,RB,,CLE,2025,13,REG,,,,,,,,,,,,,,,,,,23,91,0,,,,,,,,,,,,,,,,,,,,,,,
00-0023459,A.Rodgers,Aaron Rodgers,QB,QB,,PIT,2025,14,REG,,23,34,284,1,0,,,,,,,,,,,,,,,,,,,,,,,,,,,,,,,,,,,,,
00-0026498,M.Stafford,Matthew Stafford,QB,QB,,LAR,2025,14,REG,,22,31,281,3,0,,,,,,,,,,,,,,,,,,,,,,,,,,,,,,,,,,,,,
00-0029604,K.Cousins,Kirk Cousins,QB,QB,,ATL,2025,14,REG,,15,30,162,0,2,,,,,,,,,,,,,,,,,,,,,,,,,,,,,,,,,,,,,
00-0030506,T.Kelce,Travis Kelce,TE,TE,,KC,2025,14,REG,,,,,,,,,,,,,,,,,,,,,,,,,,1,5,8,0,,,,,,,,,,,,,,
00-0030565,G.Smith,Geno Smith,QB,QB,,LV,2025,14,REG,,13,21,116,1,0,,,,,,,,,,,,,,,,,,,,,,,,,,,,,,,,,,,,,
00-0031381,D.Adams,Davante Adams,WR,WR,,LAR,2025,14,REG,,,,,,,,,,,,,,,,,,,,,,,,,,4,6,29,0,,,,,,,,,,,,,,
00-0032764,D.Henry,Derrick Henry,RB,RB,,BAL,2025,14,REG,,,,,,,,,,,,,,,,,,25,94,0,,,,,,,,,,,,,,,,,,,,,,,
00-0033077,D.Prescott,Dak Prescott,QB,QB,,DAL,2025,14,REG,,31,47,376,1,2,,,,,,,,,,,,,,,,,,,,,,,,,,,,,,,,,,,,,
00-0033106,J.Goff,Jared Goff,QB,QB,,DET,2025,14,REG,,25,34,309,1,0,,,,,,,,,,,,,,,,,,,,,,,,,,,,,,,,,,,,,
00-0033119,J.Brissett,Jacoby Brissett,QB,QB,,ARI,2025,14,REG,,25,44,271,2,1,,,,,,,,,,,,,,,,,,,,,,,,,,,,,,,,,,,,,
00-0033293,A.Jones,Aaron Jones,RB,RB,,MIN,2025,14,REG,,,,,,,,,,,,,,,,,,14,76,0,,,,,,,,,,,,,,,,,,,,,,,
00-0033375,T.Patrick,Tim Patrick,WR,WR,,JAX,2025,14,REG,,,,,,,,,,,,,,,,,,,,,,,,,,5,6,78,1,,,,,,,,,,,,,,
00-0033873,P.Mahomes,Patrick Mahomes,QB,QB,,KC,2025,14,REG,,14,33,160,0,3,,,,,,,,,,,,,,,,,,,,,,,,,,,,,,,,,,,,,
00-0033921,C.Godwin,Chris Godwin Jr.,WR,WR,,TB,2025,14,REG,,,,,,,,,,,,,,,,,,,,,,,,,,5,8,55,0,,,,,,,,,,,,,,
00-0033923,K.Hunt,Kareem Hunt,RB,RB,,KC,2025,14,REG,,,,,,,,,,,,,,,,,,12,30,1,,,,,,,,,,,,,,,,,,,,,,,
00-0034348,C.Sutton,Courtland Sutton,WR,WR,,DEN,2025,14,REG,,,,,,,,,,,,,,,,,,,,,,,,,,6,10,62,0,,,,,,,,,,,,,,
00-0034351,D.Goedert,Dallas Goedert,TE,TE,,PHI,2025,14,REG,,,,,,,,,,,,,,,,,,,,,,,,,,8,10,78,0,,,,,,,,,,,,,,
00-0034753,M.Andrews,Mark Andrews,TE,TE,,BAL,2025,14,REG,,,,,,,,,,,,,,,,,,,,,,,,,,1,5,9,0,,,,,,,,,,,,,,
00-0034796,L.Jackson,Lamar Jackson,QB,QB,,BAL,2025,14,REG,,19,35,219,1,1,,,,,,,,,,,,,,,,,,,,,,,,,,,,,,,,,,,,,
00-0034829,M.Gesicki,Mike Gesicki,TE,TE,,CIN,2025,14,REG,,,,,,,,,,,,,,,,,,,,,,,,,,6,6,86,1,,,,,,,,,,,,,,
00-0034844,S.Barkley,Saquon Barkley,RB,RB,,PHI,2025,14,REG,,,,,,,,,,,,,,,,,,20,122,1,,,,,,,,,,,,,,,,,,,,,,,
00-0034855,B.Mayfield,Baker Mayfield,QB,QB,,TB,2025,14,REG,,14,30,122,1,1,,,,,,,,,,,,,,,,,,,,,,,,,,,,,,,,,,,,,
00-0034857,J.Allen,Josh Allen,QB,QB,,BUF,2025,14,REG,,22,28,251,3,0,,,,,,,,,,,,,,,,,,,,,,,,,,,,,,,,,,,,,
00-0034869,S.Darnold,Sam Darnold,QB,QB,,SEA,2025,14,REG,,20,30,249,3,1,,,,,,,,,,,,,,,,,,,,,,,,,,,,,,,,,,,,,
00-0034960,J.Meyers,Jakobi Meyers,WR,WR,,JAX,2025,14,REG,,,,,,,,,,,,,,,,,,,,,,,,,,4,10,39,1,,,,,,,,,,,,,,
00-0035261,T.Pollard,Tony Pollard,RB,RB,,TEN,2025,14,REG,,,,,,,,,,,,,,,,,,25,161,2,,,,,,,,,,,,,,,,,,,,,,,
00-0035640,D.Metcalf,DK Metcalf,WR,WR,,PIT,2025,14,REG,,,,,,,,,,,,,,,,,,,,,,,,,,7,12,148,0,,,,,,,,,,,,,,
00-0035659,T.McLaurin,Terry McLaurin,WR,WR,,WAS,2025,14,REG,,,,,,,,,,,,,,,,,,,,,,,,,,3,6,41,0,,,,,,,,,,,,,,
00-0035676,A.Brown,A.J. Brown,WR,WR,,PHI,2025,14,REG,,,,,,,,,,,,,,,,,,,,,,,,,,6,13,100,0,,,,,,,,,,,,,,
00-0035689,D.Knox,Dawson Knox,TE,TE,,BUF,2025,14,REG,,,,,,,,,,,,,,,,,,,,,,,,,,6,7,93,0,,,,,,,,,,,,,,
00-0035700,J.Jacobs,Josh Jacobs,RB,RB,,GB,2025,14,REG,,,,,,,,,,,,,,,,,,20,86,1,,,,,,,,,,,,,,,,,,,,,,,
00-0035719,D.Samuel,Deebo Samuel Sr.,WR,WR,,WAS,2025,14,REG,,,,,,,,,,,,,,,,,,,,,,,,,,4,6,27,0,,,,,,,,,,,,,,
00-0036212,T.Tagovailoa,Tua Tagovailoa,QB,QB,,MIA,2025,14,REG,,13,21,127,1,0,,,,,,,,,,,,,,,,,,,,,,,,,,,,,,,,,,,,,
00-0036223,J.Taylor,Jonathan Taylor,RB,RB,,IND,2025,14,REG,,,,,,,,,,,,,,,,,,21,74,1,,,,,,,,,,,,,,,,,,,,,,,
00-0036244,C.Parkinson,Colby Parkinson,TE,TE,,LAR,2025,14,REG,,,,,,,,,,,,,,,,,,,,,,,,,,3,5,32,1,,,,,,,,,,,,,,
00-0036252,M.Pittman,Michael Pittman,WR,WR,,IND,2025,14,REG,,,,,,,,,,,,,,,,,,,,,,,,,,9,12,79,0,,,,,,,,,,,,,,
00-0036264,J.Love,Jordan Love,QB,QB,,GB,2025,14,REG,,17,25,234,3,1,,,,,,,,,,,,,,,,,,,,,,,,,,,,,,,,,,,,,
00-0036275,D.Swift,D'Andre Swift,RB,RB,,CHI,2025,14,REG,,,,,,,,,,,,,,,,,,13,63,0,,,,,,,,,,,,,,,,,,,,,,,
00-0036355,J.Herbert,Justin Herbert,QB,QB,,LAC,2025,14,REG,,12,26,139,1,1,,,,,,,,,,,,,,,,,,,,,,,,,,,,,,,,,,,,,
00-0036358,C.Lamb,CeeDee Lamb,WR,WR,,DAL,2025,14,REG,,,,,,,,,,,,,,,,,,,,,,,,,,6,8,121,0,,,,,,,,,,,,,,
00-0036389,J.Hurts,Jalen Hurts,QB,QB,,PHI,2025,14,REG,,21,40,240,0,4,,,,,,,,,,,,,,,,,,,,,,,,,,,,,,,,,,,,,
00-0036407,J.Jeudy,Jerry Jeudy,WR,WR,,CLE,2025,14,REG,,,,,,,,,,,,,,,,,,,,,,,,,,3,5,76,1,,,,,,,,,,,,,,
00-0036410,T.Higgins,Tee Higgins,WR,WR,,CIN,2025,14,REG,,,,,,,,,,,,,,,,,,,,,,,,,,6,11,92,2,,,,,,,,,,,,,,
00-0036442,J.Burrow,Joe Burrow,QB,QB,,CIN,2025,14,REG,,25,36,284,4,2,,,,,,,,,,,,,,,,,,,,,,,,,,,,,,,,,,,,,
00-0036554,N.Collins,Nico Collins,WR,WR,,HOU,2025,14,REG,,,,,,,,,,,,,,,,,,,,,,,,,,4,8,121,0,,,,,,,,,,,,,,
00-0036613,J.Waddle,Jaylen Waddle,WR,WR,,MIA,2025,14,REG,,,,,,,,,,,,,,,,,,,,,,,,,,5,7,50,1,,,,,,,,,,,,,,
00-0036900,J.Chase,Ja'Marr Chase,WR,WR,,CIN,2025,14,REG,,,,,,,,,,,,,,,,,,,,,,,,,,5,8,44,0,,,,,,,,,,,,,,
00-0036912,D.Smith,DeVonta Smith,WR,WR,,PHI,2025,14,REG,,,,,,,,,,,,,,,,,,,,,,,,,,4,8,37,0,,,,,,,,,,,,,,
00-0036963,A.St. Brown,Amon-Ra St. Brown,WR,WR,,DET,2025,14,REG,,,,,,,,,,,,,,,,,,,,,,,,,,6,9,92,0,,,,,,,,,,,,,,
00-0036970,K.Pitts,Kyle Pitts,TE,TE,,ATL,2025,14,REG,,,,,,,,,,,,,,,,,,,,,,,,,,6,10,90,0,,,,,,,,,,,,,,
00-0036971,T.Lawrence,Trevor Lawrence,QB,QB,,JAX,2025,14,REG,,17,30,244,2,0,,,,,,,,,,,,,,,,,,,,,,,,,,,,,,,,,,,,,
00-0036973,T.Etienne,Travis Etienne,RB,RB,,JAX,2025,14,REG,,,,,,,,,,,,,,,,,,20,74,2,,,,,,,,,,,,,,,,,,,,,,,
00-0036997,J.Williams,Javonte Williams,RB,RB,,DAL,2025,14,REG,,,,,,,,,,,,,,,,,,17,67,1,,,,,,,,,,,,,,,,,,,,,,,
00-0037239,C.Olave,Chris Olave,WR,WR,,NO,2025,14,REG,,,,,,,,,,,,,,,,,,,,,,,,,,3,5,30,0,,,,,,,,,,,,,,
00-0037240,J.Williams,Jameson Williams,WR,WR,,DET,2025,14,REG,,,,,,,,,,,,,,,,,,,,,,,,,,7,9,96,0,,,,,,,,,,,,,,
00-0037247,G.Pickens,George Pickens,WR,WR,,DAL,2025,14,REG,,,,,,,,,,,,,,,,,,,,,,,,,,5,9,37,0,,,,,,,,,,,,,,
00-0037248,J.Cook,James Cook,RB,RB,,BUF,2025,14,REG,,,,,,,,,,,,,,,,,,18,80,0,,,,,,,,,,,,,,,,,,,,,,,
00-0037256,R.White,Rachaad White,RB,RB,,TB,2025,14,REG,,,,,,,,,,,,,,,,,,11,53,0,,,,,,,,,,,,,,,,,,,,,,,
00-0037263,T.Allgeier,Tyler Allgeier,RB,RB,,ATL,2025,14,REG,,,,,,,,,,,,,,,,,,11,34,0,,,,,,,,,,,,,,,,,,,,,,,
00-0037525,J.Mason,Jordan Mason,RB,RB,,MIN,2025,14,REG,,,,,,,,,,,,,,,,,,11,52,1,,,,,,,,,,,,,,,,,,,,,,,
00-0037545,R.Shaheed,Rashid Shaheed,WR,WR,,SEA,2025,14,REG,,,,,,,,,,,,,,,,,,,,,,,,,,4,5,67,0,,,,,,,,,,,,,,
00-0037614,J.Metchie,John Metchie III,WR,WR,,NYJ,2025,14,REG,,,,,,,,,,,,,,,,,,,,,,,,,,4,8,34,0,,,,,,,,,,,,,,
00-0037664,A.Pierce,Alec Pierce,WR,WR,,IND,2025,14,REG,,,,,,,,,,,,,,,,,,,,,,,,,,5,8,80,0,,,,,,,,,,,,,,
00-0037744,T.McBride,Trey McBride,TE,TE,,ARI,2025,14,REG,,,,,,,,,,,,,,,,,,,,,,,,,,5,9,58,0,,,,,,,,,,,,,,
00-0037838,I.Likely,Isaiah Likely,TE,TE,,BAL,2025,14,REG,,,,,,,,,,,,,,,,,,,,,,,,,,4,6,25,1,,,,,,,,,,,,,,
00-0037840,K.Williams,Kyren Williams,RB,RB,,LAR,2025,14,REG,,,,,,,,,,,,,,,,,,13,84,1,,,,,,,,,,,,,,,,,,,,,,,
00-0038041,J.Ferguson,Jake Ferguson,TE,TE,,DAL,2025,14,REG,,,,,,,,,,,,,,,,,,,,,,,,,,5,7,58,0,,,,,,,,,,,,,,
00-0038120,B.Hall,Breece Hall,RB,RB,,NYJ,2025,14,REG,,,,,,,,,,,,,,,,,,14,43,0,,,,,,,,,,,,,,,,,,,,,,,
00-0038134,K.Walker,Kenneth Walker III,RB,RB,,SEA,2025,14,REG,,,,,,,,,,,,,,,,,,10,29,0,,,,,,,,,,,,,,,,,,,,,,,
00-0038542,B.Robinson,Bijan Robinson,RB,RB,,ATL,2025,14,REG,,,,,,,,,,,,,,,,,,20,86,0,,,,,,,,,,,,,,,,,,,,,,,
00-0038543,J.Smith-Njigba,Jaxon Smith-Njigba,WR,WR,,SEA,2025,14,REG,,,,,,,,,,,,,,,,,,,,,,,,,,7,10,92,2,,,,,,,,,,,,,,
00-0038559,M.Wilson,Michael Wilson,WR,WR,,ARI,2025,14,REG,,,,,,,,,,,,,,,,,,,,,,,,,,11,16,142,2,,,,,,,,,,,,,,
00-0038563,T.Tucker,Tre Tucker,WR,WR,,LV,2025,14,REG,,,,,,,,,,,,,,,,,,,,,,,,,,2,5,24,0,,,,,,,,,,,,,,
00-0038597,C.Brown,Chase Brown,RB,RB,,CIN,2025,14,REG,,,,,,,,,,,,,,,,,,12,23,1,,,,,,,,,,,,,,,,,,,,,,,
00-0038611,C.Rodriguez,Chris Rodriguez Jr.,RB,RB,,WAS,2025,14,REG,,,,,,,,,,,,,,,,,,10,52,0,,,,,,,,,,,,,,,,,,,,,,,
00-0038933,D.Kincaid,Dalton Kincaid,TE,TE,,BUF,2025,14,REG,,,,,,,,,,,,,,,,,,,,,,,,,,4,5,41,1,,,,,,,,,,,,,,
00-0038935,B.Strange,Brenton Strange,TE,TE,,JAX,2025,14,REG,,,,,,,,,,,,,,,,,,,,,,,,,,3,6,27,0,,,,,,,,,,,,,,
00-0038953,D.Drummond,Dylan Drummond,WR,WR,,ATL,2025,14,REG,,,,,,,,,,,,,,,,,,,,,,,,,,3,5,21,0,,,,,,,,,,,,,,
00-0038994,J.Addison,Jordan Addison,WR,WR,,MIN,2025,14,REG,,,,,,,,,,,,,,,,,,,,,,,,,,4,7,62,0,,,,,,,,,,,,,,
00-0038997,J.Downs,Josh Downs,WR,WR,,IND,2025,14,REG,,,,,,,,,,,,,,,,,,,,,,,,,,4,5,23,0,,,,,,,,,,,,,,
00-0039064,Z.Flowers,Zay Flowers,WR,WR,,BAL,2025,14,REG,,,,,,,,,,,,,,,,,,,,,,,,,,8,11,124,0,,,,,,,,,,,,,,
00-0039067,R.Rice,Rashee Rice,WR,WR,,KC,2025,14,REG,,,,,,,,,,,,,,,,,,,,,,,,,,4,8,34,0,,,,,,,,,,,,,,
00-0039075,P.Nacua,Puka Nacua,WR,WR,,LAR,2025,14,REG,,,,,,,,,,,,,,,,,,,,,,,,,,7,11,167,2,,,,,,,,,,,,,,
00-0039139,J.Gibbs,Jahmyr Gibbs,RB,RB,,DET,2025,14,REG,,,,,,,,,,,,,,,,,,12,43,3,,,,,,,,,,,,,,,,,,,,,,,
00-0039163,C.Stroud,C.J. Stroud,QB,QB,,HOU,2025,14,REG,,15,31,203,1,0,,,,,,,,,,,,,,,,,,,,,,,,,,,,,,,,,,,,,
00-0039338,B.Bowers,Brock Bowers,TE,TE,,LV,2025,14,REG,,,,,,,,,,,,,,,,,,,,,,,,,,4,5,46,1,,,,,,,,,,,,,,
00-0039361,B.Irving,Bucky Irving,RB,RB,,TB,2025,14,REG,,,,,,,,,,,,,,,,,,15,55,0,,,,,,,,,,,,,,,,,,,,,,,
00-0039391,K.Vidal,Kimani Vidal,RB,RB,,LAC,2025,14,REG,,,,,,,,,,,,,,,,,,14,44,0,,,,,,,,,,,,,,,,,,,,,,,
00-0039410,R.Flournoy,Ryan Flournoy,WR,WR,,DAL,2025,14,REG,,,,,,,,,,,,,,,,,,,,,,,,,,9,13,115,1,,,,,,,,,,,,,,
00-0039424,D.Vele,Devaughn Vele,WR,WR,,NO,2025,14,REG,,,,,,,,,,,,,,,,,,,,,,,,,,3,5,40,0,,,,,,,,,,,,,,
00-0039732,B.Nix,Bo Nix,QB,QB,,DEN,2025,14,REG,,31,38,212,0,0,,,,,,,,,,,,,,,,,,,,,,,,,,,,,,,,,,,,,
00-0039738,B.Corum,Blake Corum,RB,RB,,LAR,2025,14,REG,,,,,,,,,,,,,,,,,,12,128,2,,,,,,,,,,,,,,,,,,,,,,,
00-0039874,J.Wright,Jaylen Wright,RB,RB,,MIA,2025,14,REG,,,,,,,,,,,,,,,,,,24,107,1,,,,,,,,,,,,,,,,,,,,,,,
00-0039890,A.Mitchell,Adonai Mitchell,WR,WR,,NYJ,2025,14,REG,,,,,,,,,,,,,,,,,,,,,,,,,,1,6,24,0,,,,,,,,,,,,,,
00-0039893,B.Thomas,Brian Thomas Jr.,WR,WR,,JAX,2025,14,REG,,,,,,,,,,,,,,,,,,,,,,,,,,3,6,87,0,,,,,,,,,,,,,,
00-0039910,J.Daniels,Jayden Daniels,QB,QB,,WAS,2025,14,REG,,9,20,78,0,1,,,,,,,,,,,,,,,,,,,,,,,,,,,,,,,,,,,,,
00-0039915,L.McConkey,Ladd McConkey,WR,WR,,LAC,2025,14,REG,,,,,,,,,,,,,,,,,,,,,,,,,,1,5,12,0,,,,,,,,,,,,,,
00-0039918,C.Williams,Caleb Williams,QB,QB,,CHI,2025,14,REG,,19,35,186,2,1,,,,,,,,,,,,,,,,,,,,,,,,,,,,,,,,,,,,,
00-0039923,J.McCarthy,J.J. McCarthy,QB,QB,,MIN,2025,14,REG,,16,23,163,3,0,,,,,,,,,,,,,,,,,,,,,,,,,,,,,,,,,,,,,
00-0040122,A.Jeanty,Ashton Jeanty,RB,RB,,LV,2025,14,REG,,,,,,,,,,,,,,,,,,10,30,0,,,,,,,,,,,,,,,,,,,,,,,
00-0040126,C.Loveland,Colston Loveland,TE,TE,,CHI,2025,14,REG,,,,,,,,,,,,,,,,,,,,,,,,,,4,5,29,1,,,,,,,,,,,,,,
00-0040128,T.Warren,Tyler Warren,TE,TE,,IND,2025,14,REG,,,,,,,,,,,,,,,,,,,,,,,,,,2,6,15,0,,,,,,,,,,,,,,
00-0040129,E.Egbuka,Emeka Egbuka,WR,WR,,TB,2025,14,REG,,,,,,,,,,,,,,,,,,,,,,,,,,2,9,15,0,,,,,,,,,,,,,,
00-0040130,J.Higgins,Jayden Higgins,WR,WR,,HOU,2025,14,REG,,,,,,,,,,,,,,,,,,,,,,,,,,3,5,34,0,,,,,,,,,,,,,,
00-0040202,D.Neal,Devin Neal,RB,RB,,NO,2025,14,REG,,,,,,,,,,,,,,,,,,19,70,1,,,,,,,,,,,,,,,,,,,,,,,
00-0040206,R.Leonard,Riley Leonard,QB,QB,,IND,2025,14,REG,,18,29,145,0,1,,,,,,,,,,,,,,,,,,,,,,,,,,,,,,,,,,,,,
00-0040236,K.Monangai,Kyle Monangai,RB,RB,,CHI,2025,14,REG,,,,,,,,,,,,,,,,,,14,57,0,,,,,,,,,,,,,,,,,,,,,,,
00-0040398,B.Cook,Brady Cook,QB,QB,,NYJ,2025,14,REG,,14,30,163,0,2,,,,,,,,,,,,,,,,,,,,,,,,,,,,,,,,,,,,,
00-0040583,W.Marks,Woody Marks,RB,RB,,HOU,2025,14,REG,,,,,,,,,,,,,,,,,,26,68,0,,,,,,,,,,,,,,,,,,,,,,,
00-0040663,H.Fannin,Harold Fannin Jr.,TE,TE,,CLE,2025,14,REG,,,,,,,,,,,,,,,,,,,,,,,,,,8,11,114,1,,,,,,,,,,,,,,
00-0040666,O.Hampton,Omarion Hampton,RB,RB,,LAC,2025,14,REG,,,,,,,,,,,,,,,,,,13,56,0,,,,,,,,,,,,,,,,,,,,,,,
00-0040668,S.Sanders,Shedeur Sanders,QB,QB,,CLE,2025,14,REG,,23,42,364,3,1,,,,,,,,,,,,,,,,,,,,,,,,,,,,,,,,,,,,,
00-0040676,C.Ward,Cam Ward,QB,QB,,TEN,2025,14,REG,,14,28,117,2,1,,,,,,,,,,,,,,,,,,,,,,,,,,,,,,,,,,,,,
00-0040705,C.Dike,Chimere Dike,WR,WR,,TEN,2025,14,REG,,,,,,,,,,,,,,,,,,,,,,,,,,5,8,24,1,,,,,,,,,,,,,,
00-0040729,J.Bech,Jack Bech,WR,WR,,LV,2025,14,REG,,,,,,,,,,,,,,,,,,,,,,,,,,6,6,50,0,,,,,,,,,,,,,,
00-0040730,R.Harvey,RJ Harvey,RB,RB,,DEN,2025,14,REG,,,,,,,,,,,,,,,,,,17,75,1,,,,,,,,,,,,,,,,,,,,,,,
00-0040735,L.Burden,Luther Burden III,WR,WR,,CHI,2025,14,REG,,,,,,,,,,,,,,,,,,,,,,,,,,4,6,67,0,,,,,,,,,,,,,,
00-0040736,M.Taylor,Mason Taylor,TE,TE,,NYJ,2025,14,REG,,,,,,,,,,,,,,,,,,,,,,,,,,5,8,51,0,,,,,,,,,,,,,,
00-0040743,T.Shough,Tyler Shough,QB,QB,,NO,2025,14,REG,,13,20,144,0,1,,,,,,,,,,,,,,,,,,,,,,,,,,,,,,,,,,,,,
00-0040784,Q.Judkins,Quinshon Judkins,RB,RB,,CLE,2025,14,REG,,,,,,,,,,,,,,,,,,14,26,0,,,,,,,,,,,,,,,,,,,,,,,
00-0022942,P.Rivers,Philip Rivers,QB,QB,,IND,2025,15,REG,,18,27,120,1,1,,,,,,,,,,,,,,,,,,,,,,,,,,,,,,,,,,,,,
00-0023459,A.Rodgers,Aaron Rodgers,QB,QB,,PIT,2025,15,REG,,23,27,224,2,0,,,,,,,,,,,,,,,,,,,,,,,,,,,,,,,,,,,,,
00-0026498,M.Stafford,Matthew Stafford,QB,QB,,LAR,2025,15,REG,,24,38,368,2,1,,,,,,,,,,,,,,,,,,,,,,,,,,,,,,,,,,,,,
00-0029604,K.Cousins,Kirk Cousins,QB,QB,,ATL,2025,15,REG,,30,44,373,3,0,,,,,,,,,,,,,,,,,,,,,,,,,,,,,,,,,,,,,
00-0030279,K.Allen,Keenan Allen,WR,WR,,LAC,2025,15,REG,,,,,,,,,,,,,,,,,,,,,,,,,,5,7,36,0,,,,,,,,,,,,,,
00-0030506,T.Kelce,Travis Kelce,TE,TE,,KC,2025,15,REG,,,,,,,,,,,,,,,,,,,,,,,,,,7,9,70,0,,,,,,,,,,,,,,
00-0031381,D.Adams,Davante Adams,WR,WR,,LAR,2025,15,REG,,,,,,,,,,,,,,,,,,,,,,,,,,4,9,71,0,,,,,,,,,,,,,,
00-0031408,M.Evans,Mike Evans,WR,WR,,TB,2025,15,REG,,,,,,,,,,,,,,,,,,,,,,,,,,6,12,132,0,,,,,,,,,,,,,,
00-0031610,D.Waller,Darren Waller,TE,TE,,MIA,2025,15,REG,,,,,,,,,,,,,,,,,,,,,,,,,,7,8,66,2,,,,,,,,,,,,,,
00-0032268,M.Mariota,Marcus Mariota,QB,QB,,WAS,2025,15,REG,,10,19,211,1,0,,,,,,,,,,,,,,,,,,,,,,,,,,,,,,,,,,,,,
00-0032764,D.Henry,Derrick Henry,RB,RB,,BAL,2025,15,REG,,,,,,,,,,,,,,,,,,11,100,0,,,,,,,,,,,,,,,,,,,,,,,
00-0033077,D.Prescott,Dak Prescott,QB,QB,,DAL,2025,15,REG,,23,38,294,0,0,,,,,,,,,,,,,,,,,,,,,,,,,,,,,,,,,,,,,
00-0033106,J.Goff,Jared Goff,QB,QB,,DET,2025,15,REG,,25,41,338,3,0,,,,,,,,,,,,,,,,,,,,,,,,,,,,,,,,,,,,,
00-0033119,J.Brissett,Jacoby Brissett,QB,QB,,ARI,2025,15,REG,,27,40,249,3,1,,,,,,,,,,,,,,,,,,,,,,,,,,,,,,,,,,,,,
00-0033280,C.McCaffrey,Christian McCaffrey,RB,RB,,SF,2025,15,REG,,,,,,,,,,,,,,,,,,22,73,1,,,,,,,,,,,,,,,,,,,,,,,
00-0033288,G.Kittle,George Kittle,TE,TE,,SF,2025,15,REG,,,,,,,,,,,,,,,,,,,,,,,,,,8,9,88,1,,,,,,,,,,,,,,
00-0033293,A.Jones,Aaron Jones,RB,RB,,MIN,2025,15,REG,,,,,,,,,,,,,,,,,,12,34,0,,,,,,,,,,,,,,,,,,,,,,,
00-0033526,S.Perine,Samaje Perine,RB,RB,,CIN,2025,15,REG,,,,,,,,,,,,,,,,,,14,42,0,,,,,,,,,,,,,,,,,,,,,,,
00-0033555,M.Hollins,Mack Hollins,WR,WR,,NE,2025,15,REG,,,,,,,,,,,,,,,,,,,,,,,,,,4,8,41,0,,,,,,,,,,,,,,
00-0033873,P.Mahomes,Patrick Mahomes,QB,QB,,KC,2025,15,REG,,16,28,189,0,1,,,,,,,,,,,,,,,,,,,,,,,,,,,,,,,,,,,,,
00-0033908,C.Kupp,Cooper Kupp,WR,WR,,SEA,2025,15,REG,,,,,,,,,,,,,,,,,,,,,,,,,,5,7,46,0,,,,,,,,,,,,,,
00-0033921,C.Godwin,Chris Godwin Jr.,WR,WR,,TB,2025,15,REG,,,,,,,,,,,,,,,,,,,,,,,,,,4,5,20,1,,,,,,,,,,,,,,
00-0034348,C.Sutton,Courtland Sutton,WR,WR,,DEN,2025,15,REG,,,,,,,,,,,,,,,,,,,,,,,,,,7,10,113,1,,,,,,,,,,,,,,
00-0034351,D.Goedert,Dallas Goedert,TE,TE,,PHI,2025,15,REG,,,,,,,,,,,,,,,,,,,,,,,,,,6,7,70,2,,,,,,,,,,,,,,
00-0034383,D.Schultz,Dalton Schultz,TE,TE,,HOU,2025,15,REG,,,,,,,,,,,,,,,,,,,,,,,,,,8,9,76,1,,,,,,,,,,,,,,
00-0034613,T.Hudson,Tanner Hudson,TE,TE,,CIN,2025,15,REG,,,,,,,,,,,,,,,,,,,,,,,,,,3,5,16,0,,,,,,,,,,,,,,
00-0034827,D.Moore,DJ Moore,WR,WR,,CHI,2025,15,REG,,,,,,,,,,,,,,,,,,,,,,,,,,4,5,65,2,,,,,,,,,,,,,,
00-0034844,S.Barkley,Saquon Barkley,RB,RB,,PHI,2025,15,REG,,,,,,,,,,,,,,,,,,22,78,1,,,,,,,,,,,,,,,,,,,,,,,
00-0034855,B.Mayfield,Baker Mayfield,QB,QB,,TB,2025,15,REG,,19,34,277,2,1,,,,,,,,,,,,,,,,,,,,,,,,,,,,,,,,,,,,,
00-0034857,J.Allen,Josh Allen,QB,QB,,BUF,2025,15,REG,,19,28,193,3,0,,,,,,,,,,,,,,,,,,,,,,,,,,,,,,,,,,,,,
00-0034869,S.Darnold,Sam Darnold,QB,QB,,SEA,2025,15,REG,,22,36,271,0,0,,,,,,,,,,,,,,,,,,,,,,,,,,,,,,,,,,,,,
00-0034960,J.Meyers,Jakobi Meyers,WR,WR,,JAX,2025,15,REG,,,,,,,,,,,,,,,,,,,,,,,,,,5,7,71,0,,,,,,,,,,,,,,
00-0035229,T.Hockenson,T.J. Hockenson,TE,TE,,MIN,2025,15,REG,,,,,,,,,,,,,,,,,,,,,,,,,,4,5,66,0,,,,,,,,,,,,,,
00-0035261,T.Pollard,Tony Pollard,RB,RB,,TEN,2025,15,REG,,,,,,,,,,,,,,,,,,14,104,1,,,,,,,,,,,,,,,,,,,,,,,
00-0035359,D.Sills,David Sills,WR,WR,,ATL,2025,15,REG,,,,,,,,,,,,,,,,,,,,,,,,,,6,10,78,0,,,,,,,,,,,,,,
00-0035535,D.Slayton,Darius Slayton,WR,WR,,NYG,2025,15,REG,,,,,,,,,,,,,,,,,,,,,,,,,,4,10,53,0,,,,,,,,,,,,,,
00-0035700,J.Jacobs,Josh Jacobs,RB,RB,,GB,2025,15,REG,,,,,,,,,,,,,,,,,,12,73,1,,,,,,,,,,,,,,,,,,,,,,,
00-0035719,D.Samuel,Deebo Samuel Sr.,WR,WR,,WAS,2025,15,REG,,,,,,,,,,,,,,,,,,,,,,,,,,3,5,43,0,,,,,,,,,,,,,,
00-0036139,R.Dowdle,Rico Dowdle,RB,RB,,CAR,2025,15,REG,,,,,,,,,,,,,,,,,,16,49,1,,,,,,,,,,,,,,,,,,,,,,,
00-0036212,T.Tagovailoa,Tua Tagovailoa,QB,QB,,MIA,2025,15,REG,,22,28,253,2,1,,,,,,,,,,,,,,,,,,,,,,,,,,,,,,,,,,,,,
00-0036223,J.Taylor,Jonathan Taylor,RB,RB,,IND,2025,15,REG,,,,,,,,,,,,,,,,,,25,87,0,,,,,,,,,,,,,,,,,,,,,,,
00-0036244,C.Parkinson,Colby Parkinson,TE,TE,,LAR,2025,15,REG,,,,,,,,,,,,,,,,,,,,,,,,,,5,7,75,2,,,,,,,,,,,,,,
00-0036252,M.Pittman,Michael Pittman,WR,WR,,IND,2025,15,REG,,,,,,,,,,,,,,,,,,,,,,,,,,3,5,26,0,,,,,,,,,,,,,,
00-0036259,J.Jennings,Jauan Jennings,WR,WR,,SF,2025,15,REG,,,,,,,,,,,,,,,,,,,,,,,,,,3,5,37,2,,,,,,,,,,,,,,
00-0036264,J.Love,Jordan Love,QB,QB,,GB,2025,15,REG,,24,40,276,1,2,,,,,,,,,,,,,,,,,,,,,,,,,,,,,,,,,,,,,
00-0036275,D.Swift,D'Andre Swift,RB,RB,,CHI,2025,15,REG,,,,,,,,,,,,,,,,,,18,98,2,,,,,,,,,,,,,,,,,,,,,,,
00-0036309,D.Mooney,Darnell Mooney,WR,WR,,ATL,2025,15,REG,,,,,,,,,,,,,,,,,,,,,,,,,,3,6,35,0,,,,,,,,,,,,,,
00-0036322,J.Jefferson,Justin Jefferson,WR,WR,,MIN,2025,15,REG,,,,,,,,,,,,,,,,,,,,,,,,,,2,8,22,0,,,,,,,,,,,,,,
00-0036355,J.Herbert,Justin Herbert,QB,QB,,LAC,2025,15,REG,,19,29,210,1,1,,,,,,,,,,,,,,,,,,,,,,,,,,,,,,,,,,,,,
00-0036358,C.Lamb,CeeDee Lamb,WR,WR,,DAL,2025,15,REG,,,,,,,,,,,,,,,,,,,,,,,,,,6,10,111,0,,,,,,,,,,,,,,
00-0036389,J.Hurts,Jalen Hurts,QB,QB,,PHI,2025,15,REG,,12,15,175,3,0,,,,,,,,,,,,,,,,,,,,,,,,,,,,,,,,,,,,,
00-0036415,V.Jefferson,Van Jefferson,WR,WR,,TEN,2025,15,REG,,,,,,,,,,,,,,,,,,,,,,,,,,1,5,43,0,,,,,,,,,,,,,,
00-0036442,J.Burrow,Joe Burrow,QB,QB,,CIN,2025,15,REG,,25,39,225,0,2,,,,,,,,,,,,,,,,,,,,,,,,,,,,,,,,,,,,,
00-0036894,P.Freiermuth,Pat Freiermuth,TE,TE,,PIT,2025,15,REG,,,,,,,,,,,,,,,,,,,,,,,,,,3,5,45,0,,,,,,,,,,,,,,
00-0036900,J.Chase,Ja'Marr Chase,WR,WR,,CIN,2025,15,REG,,,,,,,,,,,,,,,,,,,,,,,,,,10,16,132,0,,,,,,,,,,,,,,
00-0036919,K.Gainwell,Kenneth Gainwell,RB,RB,,PIT,2025,15,REG,,,,,,,,,,,,,,,,,,13,80,0,,,,,,,,,,,,,,,,,,,,,,,
00-0036924,M.Carter,Michael Carter,RB,RB,,ARI,2025,15,REG,,,,,,,,,,,,,,,,,,14,56,0,,,,,,,,,,,,,,,,,,,,,,,
00-0036963,A.St. Brown,Amon-Ra St. Brown,WR,WR,,DET,2025,15,REG,,,,,,,,,,,,,,,,,,,,,,,,,,13,18,164,2,,,,,,,,,,,,,,
00-0036970,K.Pitts,Kyle Pitts,TE,TE,,ATL,2025,15,REG,,,,,,,,,,,,,,,,,,,,,,,,,,11,12,166,3,,,,,,,,,,,,,,
00-0036971,T.Lawrence,Trevor Lawrence,QB,QB,,JAX,2025,15,REG,,20,32,330,5,0,,,,,,,,,,,,,,,,,,,,,,,,,,,,,,,,,,,,,
00-0036973,T.Etienne,Travis Etienne,RB,RB,,JAX,2025,15,REG,,,,,,,,,,,,,,,,,,12,32,0,,,,,,,,,,,,,,,,,,,,,,,
00-0036997,J.Williams,Javonte Williams,RB,RB,,DAL,2025,15,REG,,,,,,,,,,,,,,,,,,15,91,1,,,,,,,,,,,,,,,,,,,,,,,
00-0037197,I.Pacheco,Isiah Pacheco,RB,RB,,KC,2025,15,REG,,,,,,,,,,,,,,,,,,11,21,0,,,,,,,,,,,,,,,,,,,,,,,
00-0037228,J.Warren,Jaylen Warren,RB,RB,,PIT,2025,15,REG,,,,,,,,,,,,,,,,,,12,33,0,,,,,,,,,,,,,,,,,,,,,,,
00-0037231,K.Austin,Kevin Austin Jr.,WR,WR,,NO,2025,15,REG,,,,,,,,,,,,,,,,,,,,,,,,,,3,5,33,0,,,,,,,,,,,,,,
00-0037239,C.Olave,Chris Olave,WR,WR,,NO,2025,15,REG,,,,,,,,,,,,,,,,,,,,,,,,,,6,9,85,1,,,,,,,,,,,,,,
00-0037240,J.Williams,Jameson Williams,WR,WR,,DET,2025,15,REG,,,,,,,,,,,,,,,,,,,,,,,,,,7,10,126,1,,,,,,,,,,,,,,
00-0037247,G.Pickens,George Pickens,WR,WR,,DAL,2025,15,REG,,,,,,,,,,,,,,,,,,,,,,,,,,3,6,33,0,,,,,,,,,,,,,,
00-0037248,J.Cook,James Cook,RB,RB,,BUF,2025,15,REG,,,,,,,,,,,,,,,,,,22,107,2,,,,,,,,,,,,,,,,,,,,,,,
00-0037261,K.Shakir,Khalil Shakir,WR,WR,,BUF,2025,15,REG,,,,,,,,,,,,,,,,,,,,,,,,,,5,5,65,0,,,,,,,,,,,,,,
00-0037291,J.Nailor,Jalen Nailor,WR,WR,,MIN,2025,15,REG,,,,,,,,,,,,,,,,,,,,,,,,,,3,5,47,2,,,,,,,,,,,,,,
00-0037525,J.Mason,Jordan Mason,RB,RB,,MIN,2025,15,REG,,,,,,,,,,,,,,,,,,10,29,0,,,,,,,,,,,,,,,,,,,,,,,
00-0037545,R.Shaheed,Rashid Shaheed,WR,WR,,SEA,2025,15,REG,,,,,,,,,,,,,,,,,,,,,,,,,,5,7,74,0,,,,,,,,,,,,,,
00-0037614,J.Metchie,John Metchie III,WR,WR,,NYJ,2025,15,REG,,,,,,,,,,,,,,,,,,,,,,,,,,4,5,25,0,,,,,,,,,,,,,,
00-0037744,T.McBride,Trey McBride,TE,TE,,ARI,2025,15,REG,,,,,,,,,,,,,,,,,,,,,,,,,,12,13,134,2,,,,,,,,,,,,,,
00-0037809,C.Okonkwo,Chig Okonkwo,TE,TE,,TEN,2025,15,REG,,,,,,,,,,,,,,,,,,,,,,,,,,4,6,33,0,,,,,,,,,,,,,,
00-0037834,B.Purdy,Brock Purdy,QB,QB,,SF,2025,15,REG,,23,30,295,3,0,,,,,,,,,,,,,,,,,,,,,,,,,,,,,,,,,,,,,
00-0037840,K.Williams,Kyren Williams,RB,RB,,LAR,2025,15,REG,,,,,,,,,,,,,,,,,,15,78,2,,,,,,,,,,,,,,,,,,,,,,,
00-0038102,K.Pickett,Kenny Pickett,QB,QB,,LV,2025,15,REG,,15,25,64,0,1,,,,,,,,,,,,,,,,,,,,,,,,,,,,,,,,,,,,,
00-0038117,W.Robinson,Wan'Dale Robinson,WR,WR,,NYG,2025,15,REG,,,,,,,,,,,,,,,,,,,,,,,,,,5,10,54,1,,,,,,,,,,,,,,
00-0038120,B.Hall,Breece Hall,RB,RB,,NYJ,2025,15,REG,,,,,,,,,,,,,,,,,,12,23,0,,,,,,,,,,,,,,,,,,,,,,,
00-0038124,C.Watson,Christian Watson,WR,WR,,GB,2025,15,REG,,,,,,,,,,,,,,,,,,,,,,,,,,3,5,29,0,,,,,,,,,,,,,,
00-0038542,B.Robinson,Bijan Robinson,RB,RB,,ATL,2025,15,REG,,,,,,,,,,,,,,,,,,19,93,1,,,,,,,,,,,,,,,,,,,,,,,
00-0038543,J.Smith-Njigba,Jaxon Smith-Njigba,WR,WR,,SEA,2025,15,REG,,,,,,,,,,,,,,,,,,,,,,,,,,7,9,113,0,,,,,,,,,,,,,,
00-0038555,T.Bigsby,Tank Bigsby,RB,RB,,PHI,2025,15,REG,,,,,,,,,,,,,,,,,,17,57,0,,,,,,,,,,,,,,,,,,,,,,,
00-0038559,M.Wilson,Michael Wilson,WR,WR,,ARI,2025,15,REG,,,,,,,,,,,,,,,,,,,,,,,,,,5,11,54,1,,,,,,,,,,,,,,
00-0038597,C.Brown,Chase Brown,RB,RB,,CIN,2025,15,REG,,,,,,,,,,,,,,,,,,13,53,0,,,,,,,,,,,,,,,,,,,,,,,
00-0038976,M.Mims,Marvin Mims Jr.,WR,WR,,DEN,2025,15,REG,,,,,,,,,,,,,,,,,,,,,,,,,,4,6,29,0,,,,,,,,,,,,,,
00-0038997,J.Downs,Josh Downs,WR,WR,,IND,2025,15,REG,,,,,,,,,,,,,,,,,,,,,,,,,,3,5,13,1,,,,,,,,,,,,,,
00-0039040,D.Achane,De'Von Achane,RB,RB,,MIA,2025,15,REG,,,,,,,,,,,,,,,,,,12,60,0,,,,,,,,,,,,,,,,,,,,,,,
00-0039064,Z.Flowers,Zay Flowers,WR,WR,,BAL,2025,15,REG,,,,,,,,,,,,,,,,,,,,,,,,,,3,5,68,1,,,,,,,,,,,,,,
00-0039067,R.Rice,Rashee Rice,WR,WR,,KC,2025,15,REG,,,,,,,,,,,,,,,,,,,,,,,,,,7,11,51,0,,,,,,,,,,,,,,
00-0039075,P.Nacua,Puka Nacua,WR,WR,,LAR,2025,15,REG,,,,,,,,,,,,,,,,,,,,,,,,,,9,11,181,0,,,,,,,,,,,,,,
00-0039139,J.Gibbs,Jahmyr Gibbs,RB,RB,,DET,2025,15,REG,,,,,,,,,,,,,,,,,,13,38,0,,,,,,,,,,,,,,,,,,,,,,,
00-0039144,L.Musgrave,Luke Musgrave,TE,TE,,GB,2025,15,REG,,,,,,,,,,,,,,,,,,,,,,,,,,4,6,52,0,,,,,,,,,,,,,,
00-0039146,J.Reed,Jayden Reed,WR,WR,,GB,2025,15,REG,,,,,,,,,,,,,,,,,,,,,,,,,,5,6,55,0,,,,,,,,,,,,,,
00-0039150,B.Young,Bryce Young,QB,QB,,CAR,2025,15,REG,,15,24,163,1,0,,,,,,,,,,,,,,,,,,,,,,,,,,,,,,,,,,,,,
00-0039163,C.Stroud,C.J. Stroud,QB,QB,,HOU,2025,15,REG,,22,29,260,3,0,,,,,,,,,,,,,,,,,,,,,,,,,,,,,,,,,,,,,
00-0039338,B.Bowers,Brock Bowers,TE,TE,,LV,2025,15,REG,,,,,,,,,,,,,,,,,,,,,,,,,,6,8,28,0,,,,,,,,,,,,,,
00-0039361,B.Irving,Bucky Irving,RB,RB,,TB,2025,15,REG,,,,,,,,,,,,,,,,,,16,60,0,,,,,,,,,,,,,,,,,,,,,,,
00-0039384,T.Tracy,Tyrone Tracy Jr.,RB,RB,,NYG,2025,15,REG,,,,,,,,,,,,,,,,,,15,70,1,,,,,,,,,,,,,,,,,,,,,,,
00-0039391,K.Vidal,Kimani Vidal,RB,RB,,LAC,2025,15,REG,,,,,,,,,,,,,,,,,,12,33,0,,,,,,,,,,,,,,,,,,,,,,,
00-0039405,J.Jordan,Jawhar Jordan,RB,RB,,HOU,2025,15,REG,,,,,,,,,,,,,,,,,,15,101,0,,,,,,,,,,,,,,,,,,,,,,,
00-0039410,R.Flournoy,Ryan Flournoy,WR,WR,,DAL,2025,15,REG,,,,,,,,,,,,,,,,,,,,,,,,,,4,5,40,0,,,,,,,,,,,,,,
00-0039424,D.Vele,Devaughn Vele,WR,WR,,NO,2025,15,REG,,,,,,,,,,,,,,,,,,,,,,,,,,5,6,69,0,,,,,,,,,,,,,,
00-0039451,I.Williams,Isaiah Williams,WR,WR,,NYJ,2025,15,REG,,,,,,,,,,,,,,,,,,,,,,,,,,6,7,53,0,,,,,,,,,,,,,,
00-0039732,B.Nix,Bo Nix,QB,QB,,DEN,2025,15,REG,,23,34,302,4,0,,,,,,,,,,,,,,,,,,,,,,,,,,,,,,,,,,,,,
00-0039738,B.Corum,Blake Corum,RB,RB,,LAR,2025,15,REG,,,,,,,,,,,,,,,,,,11,71,1,,,,,,,,,,,,,,,,,,,,,,,
00-0039793,A.Barner,AJ Barner,TE,TE,,SEA,2025,15,REG,,,,,,,,,,,,,,,,,,,,,,,,,,3,6,27,0,,,,,,,,,,,,,,
00-0039851,D.Maye,Drake Maye,QB,QB,,NE,2025,15,REG,,14,23,155,0,1,,,,,,,,,,,,,,,,,,,,,,,,,,,,,,,,,,,,,
00-0039868,T.Franklin,Troy Franklin,WR,WR,,DEN,2025,15,REG,,,,,,,,,,,,,,,,,,,,,,,,,,6,6,85,1,,,,,,,,,,,,,,
00-0039890,A.Mitchell,Adonai Mitchell,WR,WR,,NYJ,2025,15,REG,,,,,,,,,,,,,,,,,,,,,,,,,,6,9,58,1,,,,,,,,,,,,,,
00-0039893,B.Thomas,Brian Thomas Jr.,WR,WR,,JAX,2025,15,REG,,,,,,,,,,,,,,,,,,,,,,,,,,4,7,66,1,,,,,,,,,,,,,,
00-0039916,R.Pearsall,Ricky Pearsall,WR,WR,,SF,2025,15,REG,,,,,,,,,,,,,,,,,,,,,,,,,,6,7,96,0,,,,,,,,,,,,,,
00-0039918,C.Williams,Caleb Williams,QB,QB,,CHI,2025,15,REG,,17,28,242,2,0,,,,,,,,,,,,,,,,,,,,,,,,,,,,,,,,,,,,,
00-0039923,J.McCarthy,J.J. McCarthy,QB,QB,,MIN,2025,15,REG,,15,24,250,2,1,,,,,,,,,,,,,,,,,,,,,,,,,,,,,,,,,,,,,
00-0040126,C.Loveland,Colston Loveland,TE,TE,,CHI,2025,15,REG,,,,,,,,,,,,,,,,,,,,,,,,,,4,5,63,0,,,,,,,,,,,,,,
00-0040128,T.Warren,Tyler Warren,TE,TE,,IND,2025,15,REG,,,,,,,,,,,,,,,,,,,,,,,,,,3,6,19,0,,,,,,,,,,,,,,
00-0040129,E.Egbuka,Emeka Egbuka,WR,WR,,TB,2025,15,REG,,,,,,,,,,,,,,,,,,,,,,,,,,4,7,64,0,,,,,,,,,,,,,,
00-0040189,O.Gadsden,Oronde Gadsden II,TE,TE,,LAC,2025,15,REG,,,,,,,,,,,,,,,,,,,,,,,,,,4,5,61,0,,,,,,,,,,,,,,
00-0040236,K.Monangai,Kyle Monangai,RB,RB,,CHI,2025,15,REG,,,,,,,,,,,,,,,,,,11,33,0,,,,,,,,,,,,,,,,,,,,,,,
00-0040242,J.Croskey-Merritt,Jacory Croskey-Merritt,RB,RB,,WAS,2025,15,REG,,,,,,,,,,,,,,,,,,18,96,1,,,,,,,,,,,,,,,,,,,,,,,
00-0040398,B.Cook,Brady Cook,QB,QB,,NYJ,2025,15,REG,,22,33,176,1,3,,,,,,,,,,,,,,,,,,,,,,,,,,,,,,,,,,,,,
00-0040663,H.Fannin,Harold Fannin Jr.,TE,TE,,CLE,2025,15,REG,,,,,,,,,,,,,,,,,,,,,,,,,,7,14,48,0,,,,,,,,,,,,,,
00-0040666,O.Hampton,Omarion Hampton,RB,RB,,LAC,2025,15,REG,,,,,,,,,,,,,,,,,,15,61,0,,,,,,,,,,,,,,,,,,,,,,,
00-0040668,S.Sanders,Shedeur Sanders,QB,QB,,CLE,2025,15,REG,,18,35,177,0,3,,,,,,,,,,,,,,,,,,,,,,,,,,,,,,,,,,,,,
00-0040676,C.Ward,Cam Ward,QB,QB,,TEN,2025,15,REG,,18,29,170,2,0,,,,,,,,,,,,,,,,,,,,,,,,,,,,,,,,,,,,,
00-0040691,J.Dart,Jaxson Dart,QB,QB,,NYG,2025,15,REG,,20,36,246,2,1,,,,,,,,,,,,,,,,,,,,,,,,,,,,,,,,,,,,,
00-0040705,C.Dike,Chimere Dike,WR,WR,,TEN,2025,15,REG,,,,,,,,,,,,,,,,,,,,,,,,,,4,5,17,0,,,,,,,,,,,,,,
00-0040727,T.Harris,Tre Harris,WR,WR,,LAC,2025,15,REG,,,,,,,,,,,,,,,,,,,,,,,,,,3,5,49,0,,,,,,,,,,,,,,
00-0040730,R.Harvey,RJ Harvey,RB,RB,,DEN,2025,15,REG,,,,,,,,,,,,,,,,,,19,65,1,,,,,,,,,,,,,,,,,,,,,,,
00-0040734,T.Henderson,TreVeyon Henderson,RB,RB,,NE,2025,15,REG,,,,,,,,,,,,,,,,,,14,148,2,,,,,,,,,,,,,,,,,,,,,,,
00-0040735,L.Burden,Luther Burden III,WR,WR,,CHI,2025,15,REG,,,,,,,,,,,,,,,,,,,,,,,,,,6,7,84,0,,,,,,,,,,,,,,
00-0040743,T.Shough,Tyler Shough,QB,QB,,NO,2025,15,REG,,24,32,272,1,0,,,,,,,,,,,,,,,,,,,,,,,,,,,,,,,,,,,,,
00-0040784,Q.Judkins,Quinshon Judkins,RB,RB,,CLE,2025,15,REG,,,,,,,,,,,,,,,,,,12,21,0,,,,,,,,,,,,,,,,,,,,,,,
00-0022942,P.Rivers,Philip Rivers,QB,QB,,IND,2025,16,REG,,23,35,277,2,1,,,,,,,,,,,,,,,,,,,,,,,,,,,,,,,,,,,,,
00-0023459,A.Rodgers,Aaron Rodgers,QB,QB,,PIT,2025,16,REG,,27,41,266,1,0,,,,,,,,,,,,,,,,,,,,,,,,,,,,,,,,,,,,,
00-0026498,M.Stafford,Matthew Stafford,QB,QB,,LAR,2025,16,REG,,29,49,457,3,0,,,,,,,,,,,,,,,,,,,,,,,,,,,,,,,,,,,,,
00-0029604,K.Cousins,Kirk Cousins,QB,QB,,ATL,2025,16,REG,,21,35,197,2,1,,,,,,,,,,,,,,,,,,,,,,,,,,,,,,,,,,,,,
00-0030279,K.Allen,Keenan Allen,WR,WR,,LAC,2025,16,REG,,,,,,,,,,,,,,,,,,,,,,,,,,5,5,44,0,,,,,,,,,,,,,,
00-0030564,D.Hopkins,DeAndre Hopkins,WR,WR,,BAL,2025,16,REG,,,,,,,,,,,,,,,,,,,,,,,,,,4,5,41,0,,,,,,,,,,,,,,
00-0030565,G.Smith,Geno Smith,QB,QB,,LV,2025,16,REG,,16,23,201,2,1,,,,,,,,,,,,,,,,,,,,,,,,,,,,,,,,,,,,,
00-0031408,M.Evans,Mike Evans,WR,WR,,TB,2025,16,REG,,,,,,,,,,,,,,,,,,,,,,,,,,5,9,31,1,,,,,,,,,,,,,,
00-0031588,S.Diggs,Stefon Diggs,WR,WR,,NE,2025,16,REG,,,,,,,,,,,,,,,,,,,,,,,,,,9,10,138,0,,,,,,,,,,,,,,
00-0031610,D.Waller,Darren Waller,TE,TE,,MIA,2025,16,REG,,,,,,,,,,,,,,,,,,,,,,,,,,3,5,40,0,,,,,,,,,,,,,,
00-0032464,K.Raymond,Kalif Raymond,WR,WR,,DET,2025,16,REG,,,,,,,,,,,,,,,,,,,,,,,,,,4,5,62,1,,,,,,,,,,,,,,
00-0032764,D.Henry,Derrick Henry,RB,RB,,BAL,2025,16,REG,,,,,,,,,,,,,,,,,,18,128,2,,,,,,,,,,,,,,,,,,,,,,,
00-0033077,D.Prescott,Dak Prescott,QB,QB,,DAL,2025,16,REG,,21,30,244,2,0,,,,,,,,,,,,,,,,,,,,,,,,,,,,,,,,,,,,,
00-0033090,H.Henry,Hunter Henry,TE,TE,,NE,2025,16,REG,,,,,,,,,,,,,,,,,,,,,,,,,,6,7,35,1,,,,,,,,,,,,,,
00-0033106,J.Goff,Jared Goff,QB,QB,,DET,2025,16,REG,,34,54,364,3,0,,,,,,,,,,,,,,,,,,,,,,,,,,,,,,,,,,,,,
00-0033119,J.Brissett,Jacoby Brissett,QB,QB,,ARI,2025,16,REG,,16,31,203,1,1,,,,,,,,,,,,,,,,,,,,,,,,,,,,,,,,,,,,,
00-0033280,C.McCaffrey,Christian McCaffrey,RB,RB,,SF,2025,16,REG,,,,,,,,,,,,,,,,,,21,117,0,,,,,,,,,,,,,,,,,,,,,,,
00-0033288,G.Kittle,George Kittle,TE,TE,,SF,2025,16,REG,,,,,,,,,,,,,,,,,,,,,,,,,,7,8,115,1,,,,,,,,,,,,,,
00-0033293,A.Jones,Aaron Jones,RB,RB,,MIN,2025,16,REG,,,,,,,,,,,,,,,,,,21,85,0,,,,,,,,,,,,,,,,,,,,,,,
00-0033307,K.Bourne,Kendrick Bourne,WR,WR,,SF,2025,16,REG,,,,,,,,,,,,,,,,,,,,,,,,,,3,5,27,0,,,,,,,,,,,,,,
00-0033555,M.Hollins,Mack Hollins,WR,WR,,NE,2025,16,REG,,,,,,,,,,,,,,,,,,,,,,,,,,7,9,69,0,,,,,,,,,,,,,,
00-0033921,C.Godwin,Chris Godwin Jr.,WR,WR,,TB,2025,16,REG,,,,,,,,,,,,,,,,,,,,,,,,,,5,6,30,0,,,,,,,,,,,,,,
00-0034348,C.Sutton,Courtland Sutton,WR,WR,,DEN,2025,16,REG,,,,,,,,,,,,,,,,,,,,,,,,,,6,12,86,1,,,,,,,,,,,,,,
00-0034383,D.Schultz,Dalton Schultz,TE,TE,,HOU,2025,16,REG,,,,,,,,,,,,,,,,,,,,,,,,,,5,5,35,1,,,,,,,,,,,,,,
00-0034775,C.Kirk,Christian Kirk,WR,WR,,HOU,2025,16,REG,,,,,,,,,,,,,,,,,,,,,,,,,,3,5,37,0,,,,,,,,,,,,,,
00-0034827,D.Moore,DJ Moore,WR,WR,,CHI,2025,16,REG,,,,,,,,,,,,,,,,,,,,,,,,,,5,7,97,1,,,,,,,,,,,,,,
00-0034844,S.Barkley,Saquon Barkley,RB,RB,,PHI,2025,16,REG,,,,,,,,,,,,,,,,,,21,132,1,,,,,,,,,,,,,,,,,,,,,,,
00-0034855,B.Mayfield,Baker Mayfield,QB,QB,,TB,2025,16,REG,,18,26,145,1,1,,,,,,,,,,,,,,,,,,,,,,,,,,,,,,,,,,,,,
00-0034857,J.Allen,Josh Allen,QB,QB,,BUF,2025,16,REG,,12,19,130,0,0,,,,,,,,,,,,,,,,,,,,,,,,,,,,,,,,,,,,,
00-0034869,S.Darnold,Sam Darnold,QB,QB,,SEA,2025,16,REG,,22,34,270,2,2,,,,,,,,,,,,,,,,,,,,,,,,,,,,,,,,,,,,,
00-0034960,J.Meyers,Jakobi Meyers,WR,WR,,JAX,2025,16,REG,,,,,,,,,,,,,,,,,,,,,,,,,,4,8,45,0,,,,,,,,,,,,,,
00-0035208,O.Zaccheaus,Olamide Zaccheaus,WR,WR,,CHI,2025,16,REG,,,,,,,,,,,,,,,,,,,,,,,,,,2,5,33,0,,,,,,,,,,,,,,
00-0035250,D.Singletary,Devin Singletary,RB,RB,,NYG,2025,16,REG,,,,,,,,,,,,,,,,,,11,47,0,,,,,,,,,,,,,,,,,,,,,,,
00-0035261,T.Pollard,Tony Pollard,RB,RB,,TEN,2025,16,REG,,,,,,,,,,,,,,,,,,21,102,0,,,,,,,,,,,,,,,,,,,,,,,
00-0035640,D.Metcalf,DK Metcalf,WR,WR,,PIT,2025,16,REG,,,,,,,,,,,,,,,,,,,,,,,,,,4,9,42,0,,,,,,,,,,,,,,
00-0035676,A.Brown,A.J. Brown,WR,WR,,PHI,2025,16,REG,,,,,,,,,,,,,,,,,,,,,,,,,,9,12,95,0,,,,,,,,,,,,,,
00-0035700,J.Jacobs,Josh Jacobs,RB,RB,,GB,2025,16,REG,,,,,,,,,,,,,,,,,,12,36,0,,,,,,,,,,,,,,,,,,,,,,,
00-0036040,J.Johnson,Juwan Johnson,TE,TE,,NO,2025,16,REG,,,,,,,,,,,,,,,,,,,,,,,,,,8,9,89,0,,,,,,,,,,,,,,
00-0036223,J.Taylor,Jonathan Taylor,RB,RB,,IND,2025,16,REG,,,,,,,,,,,,,,,,,,16,46,1,,,,,,,,,,,,,,,,,,,,,,,
00-0036252,M.Pittman,Michael Pittman,WR,WR,,IND,2025,16,REG,,,,,,,,,,,,,,,,,,,,,,,,,,4,5,32,0,,,,,,,,,,,,,,
00-0036259,J.Jennings,Jauan Jennings,WR,WR,,SF,2025,16,REG,,,,,,,,,,,,,,,,,,,,,,,,,,5,6,71,1,,,,,,,,,,,,,,
00-0036275,D.Swift,D'Andre Swift,RB,RB,,CHI,2025,16,REG,,,,,,,,,,,,,,,,,,13,58,0,,,,,,,,,,,,,,,,,,,,,,,
00-0036322,J.Jefferson,Justin Jefferson,WR,WR,,MIN,2025,16,REG,,,,,,,,,,,,,,,,,,,,,,,,,,6,8,85,0,,,,,,,,,,,,,,
00-0036355,J.Herbert,Justin Herbert,QB,QB,,LAC,2025,16,REG,,23,29,300,2,0,,,,,,,,,,,,,,,,,,,,,,,,,,,,,,,,,,,,,
00-0036358,C.Lamb,CeeDee Lamb,WR,WR,,DAL,2025,16,REG,,,,,,,,,,,,,,,,,,,,,,,,,,6,7,51,0,,,,,,,,,,,,,,
00-0036389,J.Hurts,Jalen Hurts,QB,QB,,PHI,2025,16,REG,,22,30,185,2,0,,,,,,,,,,,,,,,,,,,,,,,,,,,,,,,,,,,,,
00-0036442,J.Burrow,Joe Burrow,QB,QB,,CIN,2025,16,REG,,25,32,309,4,0,,,,,,,,,,,,,,,,,,,,,,,,,,,,,,,,,,,,,
00-0036534,S.Zylstra,Shane Zylstra,TE,TE,,DET,2025,16,REG,,,,,,,,,,,,,,,,,,,,,,,,,,3,5,20,0,,,,,,,,,,,,,,
00-0036554,N.Collins,Nico Collins,WR,WR,,HOU,2025,16,REG,,,,,,,,,,,,,,,,,,,,,,,,,,4,9,59,0,,,,,,,,,,,,,,
00-0036613,J.Waddle,Jaylen Waddle,WR,WR,,MIA,2025,16,REG,,,,,,,,,,,,,,,,,,,,,,,,,,5,9,72,0,,,,,,,,,,,,,,
00-0036900,J.Chase,Ja'Marr Chase,WR,WR,,CIN,2025,16,REG,,,,,,,,,,,,,,,,,,,,,,,,,,9,11,109,0,,,,,,,,,,,,,,
00-0036912,D.Smith,DeVonta Smith,WR,WR,,PHI,2025,16,REG,,,,,,,,,,,,,,,,,,,,,,,,,,6,8,42,1,,,,,,,,,,,,,,
00-0036924,M.Carter,Michael Carter,RB,RB,,ARI,2025,16,REG,,,,,,,,,,,,,,,,,,11,65,0,,,,,,,,,,,,,,,,,,,,,,,
00-0036963,A.St. Brown,Amon-Ra St. Brown,WR,WR,,DET,2025,16,REG,,,,,,,,,,,,,,,,,,,,,,,,,,4,9,54,0,,,,,,,,,,,,,,
00-0036970,K.Pitts,Kyle Pitts,TE,TE,,ATL,2025,16,REG,,,,,,,,,,,,,,,,,,,,,,,,,,7,9,57,1,,,,,,,,,,,,,,
00-0036971,T.Lawrence,Trevor Lawrence,QB,QB,,JAX,2025,16,REG,,23,36,279,3,0,,,,,,,,,,,,,,,,,,,,,,,,,,,,,,,,,,,,,
00-0036973,T.Etienne,Travis Etienne,RB,RB,,JAX,2025,16,REG,,,,,,,,,,,,,,,,,,16,50,0,,,,,,,,,,,,,,,,,,,,,,,
00-0037228,J.Warren,Jaylen Warren,RB,RB,,PIT,2025,16,REG,,,,,,,,,,,,,,,,,,14,143,2,,,,,,,,,,,,,,,,,,,,,,,
00-0037238,D.London,Drake London,WR,WR,,ATL,2025,16,REG,,,,,,,,,,,,,,,,,,,,,,,,,,3,8,27,0,,,,,,,,,,,,,,
00-0037239,C.Olave,Chris Olave,WR,WR,,NO,2025,16,REG,,,,,,,,,,,,,,,,,,,,,,,,,,10,16,148,2,,,,,,,,,,,,,,
00-0037240,J.Williams,Jameson Williams,WR,WR,,DET,2025,16,REG,,,,,,,,,,,,,,,,,,,,,,,,,,5,9,70,0,,,,,,,,,,,,,,
00-0037247,G.Pickens,George Pickens,WR,WR,,DAL,2025,16,REG,,,,,,,,,,,,,,,,,,,,,,,,,,7,9,130,1,,,,,,,,,,,,,,
00-0037248,J.Cook,James Cook,RB,RB,,BUF,2025,16,REG,,,,,,,,,,,,,,,,,,16,117,2,,,,,,,,,,,,,,,,,,,,,,,
00-0037261,K.Shakir,Khalil Shakir,WR,WR,,BUF,2025,16,REG,,,,,,,,,,,,,,,,,,,,,,,,,,4,5,34,0,,,,,,,,,,,,,,
00-0037263,T.Allgeier,Tyler Allgeier,RB,RB,,ATL,2025,16,REG,,,,,,,,,,,,,,,,,,16,79,0,,,,,,,,,,,,,,,,,,,,,,,
00-0037324,C.Oladokun,Chris Oladokun,QB,QB,,KC,2025,16,REG,,11,16,111,0,0,,,,,,,,,,,,,,,,,,,,,,,,,,,,,,,,,,,,,
00-0037475,S.Smartt,Stone Smartt,TE,TE,,NYJ,2025,16,REG,,,,,,,,,,,,,,,,,,,,,,,,,,5,5,34,0,,,,,,,,,,,,,,
00-0037614,J.Metchie,John Metchie III,WR,WR,,NYJ,2025,16,REG,,,,,,,,,,,,,,,,,,,,,,,,,,1,5,4,0,,,,,,,,,,,,,,
00-0037742,T.Burks,Treylon Burks,WR,WR,,WAS,2025,16,REG,,,,,,,,,,,,,,,,,,,,,,,,,,2,5,30,0,,,,,,,,,,,,,,
00-0037744,T.McBride,Trey McBride,TE,TE,,ARI,2025,16,REG,,,,,,,,,,,,,,,,,,,,,,,,,,4,8,27,0,,,,,,,,,,,,,,
00-0037809,C.Okonkwo,Chig Okonkwo,TE,TE,,TEN,2025,16,REG,,,,,,,,,,,,,,,,,,,,,,,,,,6,8,44,1,,,,,,,,,,,,,,
00-0037816,R.Doubs,Romeo Doubs,WR,WR,,GB,2025,16,REG,,,,,,,,,,,,,,,,,,,,,,,,,,5,6,84,1,,,,,,,,,,,,,,
00-0037834,B.Purdy,Brock Purdy,QB,QB,,SF,2025,16,REG,,25,34,295,5,1,,,,,,,,,,,,,,,,,,,,,,,,,,,,,,,,,,,,,
00-0037840,K.Williams,Kyren Williams,RB,RB,,LAR,2025,16,REG,,,,,,,,,,,,,,,,,,23,70,0,,,,,,,,,,,,,,,,,,,,,,,
00-0038117,W.Robinson,Wan'Dale Robinson,WR,WR,,NYG,2025,16,REG,,,,,,,,,,,,,,,,,,,,,,,,,,3,6,19,0,,,,,,,,,,,,,,
00-0038120,B.Hall,Breece Hall,RB,RB,,NYJ,2025,16,REG,,,,,,,,,,,,,,,,,,16,54,0,,,,,,,,,,,,,,,,,,,,,,,
00-0038124,C.Watson,Christian Watson,WR,WR,,GB,2025,16,REG,,,,,,,,,,,,,,,,,,,,,,,,,,2,6,17,0,,,,,,,,,,,,,,
00-0038134,K.Walker,Kenneth Walker III,RB,RB,,SEA,2025,16,REG,,,,,,,,,,,,,,,,,,11,100,1,,,,,,,,,,,,,,,,,,,,,,,
00-0038542,B.Robinson,Bijan Robinson,RB,RB,,ATL,2025,16,REG,,,,,,,,,,,,,,,,,,16,76,0,,,,,,,,,,,,,,,,,,,,,,,
00-0038543,J.Smith-Njigba,Jaxon Smith-Njigba,WR,WR,,SEA,2025,16,REG,,,,,,,,,,,,,,,,,,,,,,,,,,8,13,96,1,,,,,,,,,,,,,,
00-0038544,Q.Johnston,Quentin Johnston,WR,WR,,LAC,2025,16,REG,,,,,,,,,,,,,,,,,,,,,,,,,,4,5,104,1,,,,,,,,,,,,,,
00-0038563,T.Tucker,Tre Tucker,WR,WR,,LV,2025,16,REG,,,,,,,,,,,,,,,,,,,,,,,,,,4,5,43,0,,,,,,,,,,,,,,
00-0038597,C.Brown,Chase Brown,RB,RB,,CIN,2025,16,REG,,,,,,,,,,,,,,,,,,12,66,1,,,,,,,,,,,,,,,,,,,,,,,
00-0038606,P.Washington,Parker Washington,WR,WR,,JAX,2025,16,REG,,,,,,,,,,,,,,,,,,,,,,,,,,6,10,145,1,,,,,,,,,,,,,,
00-0038611,C.Rodriguez,Chris Rodriguez Jr.,RB,RB,,WAS,2025,16,REG,,,,,,,,,,,,,,,,,,15,63,1,,,,,,,,,,,,,,,,,,,,,,,
00-0038797,E.Wilson,Emanuel Wilson,RB,RB,,GB,2025,16,REG,,,,,,,,,,,,,,,,,,14,82,0,,,,,,,,,,,,,,,,,,,,,,,
00-0038935,B.Strange,Brenton Strange,TE,TE,,JAX,2025,16,REG,,,,,,,,,,,,,,,,,,,,,,,,,,5,7,39,1,,,,,,,,,,,,,,
00-0038997,J.Downs,Josh Downs,WR,WR,,IND,2025,16,REG,,,,,,,,,,,,,,,,,,,,,,,,,,5,9,65,0,,,,,,,,,,,,,,
00-0039032,T.Spears,Tyjae Spears,RB,RB,,TEN,2025,16,REG,,,,,,,,,,,,,,,,,,13,52,1,,,,,,,,,,,,,,,,,,,,,,,
00-0039040,D.Achane,De'Von Achane,RB,RB,,MIA,2025,16,REG,,,,,,,,,,,,,,,,,,15,81,1,,,,,,,,,,,,,,,,,,,,,,,
00-0039041,E.Higgins,Elijah Higgins,TE,TE,,ARI,2025,16,REG,,,,,,,,,,,,,,,,,,,,,,,,,,7,8,91,0,,,,,,,,,,,,,,
00-0039064,Z.Flowers,Zay Flowers,WR,WR,,BAL,2025,16,REG,,,,,,,,,,,,,,,,,,,,,,,,,,7,7,84,0,,,,,,,,,,,,,,
00-0039074,D.Allen,Davis Allen,TE,TE,,LAR,2025,16,REG,,,,,,,,,,,,,,,,,,,,,,,,,,2,5,34,0,,,,,,,,,,,,,,
00-0039075,P.Nacua,Puka Nacua,WR,WR,,LAR,2025,16,REG,,,,,,,,,,,,,,,,,,,,,,,,,,12,16,225,2,,,,,,,,,,,,,,
00-0039150,B.Young,Bryce Young,QB,QB,,CAR,2025,16,REG,,21,32,191,2,0,,,,,,,,,,,,,,,,,,,,,,,,,,,,,,,,,,,,,
00-0039163,C.Stroud,C.J. Stroud,QB,QB,,HOU,2025,16,REG,,23,35,187,1,0,,,,,,,,,,,,,,,,,,,,,,,,,,,,,,,,,,,,,
00-0039338,B.Bowers,Brock Bowers,TE,TE,,LV,2025,16,REG,,,,,,,,,,,,,,,,,,,,,,,,,,5,5,33,1,,,,,,,,,,,,,,
00-0039361,B.Irving,Bucky Irving,RB,RB,,TB,2025,16,REG,,,,,,,,,,,,,,,,,,19,71,0,,,,,,,,,,,,,,,,,,,,,,,
00-0039384,T.Tracy,Tyrone Tracy Jr.,RB,RB,,NYG,2025,16,REG,,,,,,,,,,,,,,,,,,16,71,0,,,,,,,,,,,,,,,,,,,,,,,
00-0039405,J.Jordan,Jawhar Jordan,RB,RB,,HOU,2025,16,REG,,,,,,,,,,,,,,,,,,15,53,0,,,,,,,,,,,,,,,,,,,,,,,
00-0039491,J.Coker,Jalen Coker,WR,WR,,CAR,2025,16,REG,,,,,,,,,,,,,,,,,,,,,,,,,,3,5,47,0,,,,,,,,,,,,,,
00-0039623,M.Tipton,Mason Tipton,WR,WR,,NO,2025,16,REG,,,,,,,,,,,,,,,,,,,,,,,,,,4,5,29,0,,,,,,,,,,,,,,
00-0039732,B.Nix,Bo Nix,QB,QB,,DEN,2025,16,REG,,28,47,352,1,1,,,,,,,,,,,,,,,,,,,,,,,,,,,,,,,,,,,,,
00-0039738,B.Corum,Blake Corum,RB,RB,,LAR,2025,16,REG,,,,,,,,,,,,,,,,,,14,48,1,,,,,,,,,,,,,,,,,,,,,,,
00-0039793,A.Barner,AJ Barner,TE,TE,,SEA,2025,16,REG,,,,,,,,,,,,,,,,,,,,,,,,,,4,6,49,1,,,,,,,,,,,,,,
00-0039851,D.Maye,Drake Maye,QB,QB,,NE,2025,16,REG,,31,44,380,2,1,,,,,,,,,,,,,,,,,,,,,,,,,,,,,,,,,,,,,
00-0039868,T.Franklin,Troy Franklin,WR,WR,,DEN,2025,16,REG,,,,,,,,,,,,,,,,,,,,,,,,,,4,5,66,0,,,,,,,,,,,,,,
00-0039890,A.Mitchell,Adonai Mitchell,WR,WR,,NYJ,2025,16,REG,,,,,,,,,,,,,,,,,,,,,,,,,,3,6,43,0,,,,,,,,,,,,,,
00-0039915,L.McConkey,Ladd McConkey,WR,WR,,LAC,2025,16,REG,,,,,,,,,,,,,,,,,,,,,,,,,,4,6,43,1,,,,,,,,,,,,,,
00-0039918,C.Williams,Caleb Williams,QB,QB,,CHI,2025,16,REG,,19,34,250,2,0,,,,,,,,,,,,,,,,,,,,,,,,,,,,,,,,,,,,,
00-0040122,A.Jeanty,Ashton Jeanty,RB,RB,,LV,2025,16,REG,,,,,,,,,,,,,,,,,,24,128,1,,,,,,,,,,,,,,,,,,,,,,,
00-0040124,T.McMillan,Tetairoa McMillan,WR,WR,,CAR,2025,16,REG,,,,,,,,,,,,,,,,,,,,,,,,,,6,10,73,1,,,,,,,,,,,,,,
00-0040126,C.Loveland,Colston Loveland,TE,TE,,CHI,2025,16,REG,,,,,,,,,,,,,,,,,,,,,,,,,,3,5,30,0,,,,,,,,,,,,,,
00-0040128,T.Warren,Tyler Warren,TE,TE,,IND,2025,16,REG,,,,,,,,,,,,,,,,,,,,,,,,,,3,9,30,0,,,,,,,,,,,,,,
00-0040134,P.Bryant,Pat Bryant,WR,WR,,DEN,2025,16,REG,,,,,,,,,,,,,,,,,,,,,,,,,,5,8,42,0,,,,,,,,,,,,,,
00-0040234,Q.Ewers,Quinn Ewers,QB,QB,,MIA,2025,16,REG,,20,30,260,0,2,,,,,,,,,,,,,,,,,,,,,,,,,,,,,,,,,,,,,
00-0040398,B.Cook,Brady Cook,QB,QB,,NYJ,2025,16,REG,,22,35,188,0,1,,,,,,,,,,,,,,,,,,,,,,,,,,,,,,,,,,,,,
00-0040466,R.Sanders,Raheim Sanders,RB,RB,,CLE,2025,16,REG,,,,,,,,,,,,,,,,,,11,42,0,,,,,,,,,,,,,,,,,,,,,,,
00-0040590,K.Mumpfield,Konata Mumpfield,WR,WR,,LAR,2025,16,REG,,,,,,,,,,,,,,,,,,,,,,,,,,3,8,40,0,,,,,,,,,,,,,,
00-0040663,H.Fannin,Harold Fannin Jr.,TE,TE,,CLE,2025,16,REG,,,,,,,,,,,,,,,,,,,,,,,,,,4,6,34,1,,,,,,,,,,,,,,
00-0040666,O.Hampton,Omarion Hampton,RB,RB,,LAC,2025,16,REG,,,,,,,,,,,,,,,,,,16,85,1,,,,,,,,,,,,,,,,,,,,,,,
00-0040668,S.Sanders,Shedeur Sanders,QB,QB,,CLE,2025,16,REG,,20,29,157,1,2,,,,,,,,,,,,,,,,,,,,,,,,,,,,,,,,,,,,,
00-0040669,I.TeSlaa,Isaac TeSlaa,WR,WR,,DET,2025,16,REG,,,,,,,,,,,,,,,,,,,,,,,,,,4,7,52,1,,,,,,,,,,,,,,
00-0040676,C.Ward,Cam Ward,QB,QB,,TEN,2025,16,REG,,21,28,228,2,0,,,,,,,,,,,,,,,,,,,,,,,,,,,,,,,,,,,,,
00-0040705,C.Dike,Chimere Dike,WR,WR,,TEN,2025,16,REG,,,,,,,,,,,,,,,,,,,,,,,,,,3,5,40,1,,,,,,,,,,,,,,
00-0040727,T.Harris,Tre Harris,WR,WR,,LAC,2025,16,REG,,,,,,,,,,,,,,,,,,,,,,,,,,4,5,54,0,,,,,,,,,,,,,,
00-0040743,T.Shough,Tyler Shough,QB,QB,,NO,2025,16,REG,,32,49,308,1,0,,,,,,,,,,,,,,,,,,,,,,,,,,,,,,,,,,,,,
00-0022942,P.Rivers,Philip Rivers,QB,QB,,IND,2025,17,REG,,17,30,147,1,1,,,,,,,,,,,,,,,,,,,,,,,,,,,,,,,,,,,,,
00-0023459,A.Rodgers,Aaron Rodgers,QB,QB,,PIT,2025,17,REG,,21,39,168,0,0,,,,,,,,,,,,,,,,,,,,,,,,,,,,,,,,,,,,,
00-0026300,J.Johnson,Josh Johnson,QB,QB,,WAS,2025,17,REG,,15,23,198,0,0,,,,,,,,,,,,,,,,,,,,,,,,,,,,,,,,,,,,,
00-0026498,M.Stafford,Matthew Stafford,QB,QB,,LAR,2025,17,REG,,22,38,269,2,3,,,,,,,,,,,,,,,,,,,,,,,,,,,,,,,,,,,,,
00-0029604,K.Cousins,Kirk Cousins,QB,QB,,ATL,2025,17,REG,,13,20,126,1,0,,,,,,,,,,,,,,,,,,,,,,,,,,,,,,,,,,,,,
00-0030035,A.Thielen,Adam Thielen,WR,WR,,PIT,2025,17,REG,,,,,,,,,,,,,,,,,,,,,,,,,,2,5,14,0,,,,,,,,,,,,,,
00-0030506,T.Kelce,Travis Kelce,TE,TE,,KC,2025,17,REG,,,,,,,,,,,,,,,,,,,,,,,,,,5,6,36,0,,,,,,,,,,,,,,
00-0030565,G.Smith,Geno Smith,QB,QB,,LV,2025,17,REG,,20,28,176,1,2,,,,,,,,,,,,,,,,,,,,,,,,,,,,,,,,,,,,,
00-0031236,B.Cooks,Brandin Cooks,WR,WR,,BUF,2025,17,REG,,,,,,,,,,,,,,,,,,,,,,,,,,4,6,101,0,,,,,,,,,,,,,,
00-0031408,M.Evans,Mike Evans,WR,WR,,TB,2025,17,REG,,,,,,,,,,,,,,,,,,,,,,,,,,3,7,31,1,,,,,,,,,,,,,,
00-0031588,S.Diggs,Stefon Diggs,WR,WR,,NE,2025,17,REG,,,,,,,,,,,,,,,,,,,,,,,,,,6,6,101,1,,,,,,,,,,,,,,
00-0032764,D.Henry,Derrick Henry,RB,RB,,BAL,2025,17,REG,,,,,,,,,,,,,,,,,,36,216,4,,,,,,,,,,,,,,,,,,,,,,,
00-0033077,D.Prescott,Dak Prescott,QB,QB,,DAL,2025,17,REG,,19,37,307,2,0,,,,,,,,,,,,,,,,,,,,,,,,,,,,,,,,,,,,,
00-0033106,J.Goff,Jared Goff,QB,QB,,DET,2025,17,REG,,18,29,197,1,2,,,,,,,,,,,,,,,,,,,,,,,,,,,,,,,,,,,,,
00-0033119,J.Brissett,Jacoby Brissett,QB,QB,,ARI,2025,17,REG,,21,37,212,2,0,,,,,,,,,,,,,,,,,,,,,,,,,,,,,,,,,,,,,
00-0033280,C.McCaffrey,Christian McCaffrey,RB,RB,,SF,2025,17,REG,,,,,,,,,,,,,,,,,,23,140,1,,,,,,,,,,,,,,,,,,,,,,,
00-0033293,A.Jones,Aaron Jones,RB,RB,,MIN,2025,17,REG,,,,,,,,,,,,,,,,,,18,53,1,,,,,,,,,,,,,,,,,,,,,,,
00-0033858,J.Smith,Jonnu Smith,TE,TE,,PIT,2025,17,REG,,,,,,,,,,,,,,,,,,,,,,,,,,5,5,18,0,,,,,,,,,,,,,,
00-0033921,C.Godwin,Chris Godwin Jr.,WR,WR,,TB,2025,17,REG,,,,,,,,,,,,,,,,,,,,,,,,,,7,8,108,1,,,,,,,,,,,,,,
00-0034272,M.Valdes-Scantling,Marquez Valdes-Scantling,WR,WR,,PIT,2025,17,REG,,,,,,,,,,,,,,,,,,,,,,,,,,3,9,21,0,,,,,,,,,,,,,,
00-0034348,C.Sutton,Courtland Sutton,WR,WR,,DEN,2025,17,REG,,,,,,,,,,,,,,,,,,,,,,,,,,4,10,40,0,,,,,,,,,,,,,,
00-0034351,D.Goedert,Dallas Goedert,TE,TE,,PHI,2025,17,REG,,,,,,,,,,,,,,,,,,,,,,,,,,3,6,8,1,,,,,,,,,,,,,,
00-0034775,C.Kirk,Christian Kirk,WR,WR,,HOU,2025,17,REG,,,,,,,,,,,,,,,,,,,,,,,,,,2,5,1,0,,,,,,,,,,,,,,
00-0034844,S.Barkley,Saquon Barkley,RB,RB,,PHI,2025,17,REG,,,,,,,,,,,,,,,,,,19,68,0,,,,,,,,,,,,,,,,,,,,,,,
00-0034855,B.Mayfield,Baker Mayfield,QB,QB,,TB,2025,17,REG,,33,44,346,2,2,,,,,,,,,,,,,,,,,,,,,,,,,,,,,,,,,,,,,
00-0034857,J.Allen,Josh Allen,QB,QB,,BUF,2025,17,REG,,23,35,262,0,0,,,,,,,,,,,,,,,,,,,,,,,,,,,,,,,,,,,,,
00-0034869,S.Darnold,Sam Darnold,QB,QB,,SEA,2025,17,REG,,18,27,147,1,1,,,,,,,,,,,,,,,,,,,,,,,,,,,,,,,,,,,,,
00-0034960,J.Meyers,Jakobi Meyers,WR,WR,,JAX,2025,17,REG,,,,,,,,,,,,,,,,,,,,,,,,,,6,9,39,0,,,,,,,,,,,,,,
00-0035261,T.Pollard,Tony Pollard,RB,RB,,TEN,2025,17,REG,,,,,,,,,,,,,,,,,,18,85,0,,,,,,,,,,,,,,,,,,,,,,,
00-0035298,S.Miller,Scott Miller,WR,WR,,PIT,2025,17,REG,,,,,,,,,,,,,,,,,,,,,,,,,,3,7,25,0,,,,,,,,,,,,,,
00-0035406,L.Humphrey,Lil'Jordan Humphrey,WR,WR,,DEN,2025,17,REG,,,,,,,,,,,,,,,,,,,,,,,,,,2,5,23,0,,,,,,,,,,,,,,
00-0035659,T.McLaurin,Terry McLaurin,WR,WR,,WAS,2025,17,REG,,,,,,,,,,,,,,,,,,,,,,,,,,5,7,63,0,,,,,,,,,,,,,,
00-0035676,A.Brown,A.J. Brown,WR,WR,,PHI,2025,17,REG,,,,,,,,,,,,,,,,,,,,,,,,,,5,7,68,0,,,,,,,,,,,,,,
00-0035685,D.Montgomery,David Montgomery,RB,RB,,DET,2025,17,REG,,,,,,,,,,,,,,,,,,10,25,0,,,,,,,,,,,,,,,,,,,,,,,
00-0035689,D.Knox,Dawson Knox,TE,TE,,BUF,2025,17,REG,,,,,,,,,,,,,,,,,,,,,,,,,,5,5,30,0,,,,,,,,,,,,,,
00-0035993,T.Huntley,Tyler Huntley,QB,QB,,BAL,2025,17,REG,,16,20,107,1,0,,,,,,,,,,,,,,,,,,,,,,,,,,,,,,,,,,,,,
00-0036133,J.Proche,James Proche,WR,WR,,TEN,2025,17,REG,,,,,,,,,,,,,,,,,,,,,,,,,,1,5,5,0,,,,,,,,,,,,,,
00-0036139,R.Dowdle,Rico Dowdle,RB,RB,,CAR,2025,17,REG,,,,,,,,,,,,,,,,,,12,59,0,,,,,,,,,,,,,,,,,,,,,,,
00-0036223,J.Taylor,Jonathan Taylor,RB,RB,,IND,2025,17,REG,,,,,,,,,,,,,,,,,,21,70,1,,,,,,,,,,,,,,,,,,,,,,,
00-0036244,C.Parkinson,Colby Parkinson,TE,TE,,LAR,2025,17,REG,,,,,,,,,,,,,,,,,,,,,,,,,,6,7,53,0,,,,,,,,,,,,,,
00-0036322,J.Jefferson,Justin Jefferson,WR,WR,,MIN,2025,17,REG,,,,,,,,,,,,,,,,,,,,,,,,,,4,5,30,0,,,,,,,,,,,,,,
00-0036355,J.Herbert,Justin Herbert,QB,QB,,LAC,2025,17,REG,,21,32,236,1,1,,,,,,,,,,,,,,,,,,,,,,,,,,,,,,,,,,,,,
00-0036358,C.Lamb,CeeDee Lamb,WR,WR,,DAL,2025,17,REG,,,,,,,,,,,,,,,,,,,,,,,,,,5,10,46,0,,,,,,,,,,,,,,
00-0036389,J.Hurts,Jalen Hurts,QB,QB,,PHI,2025,17,REG,,13,27,110,1,0,,,,,,,,,,,,,,,,,,,,,,,,,,,,,,,,,,,,,
00-0036407,J.Jeudy,Jerry Jeudy,WR,WR,,CLE,2025,17,REG,,,,,,,,,,,,,,,,,,,,,,,,,,5,7,54,0,,,,,,,,,,,,,,
00-0036410,T.Higgins,Tee Higgins,WR,WR,,CIN,2025,17,REG,,,,,,,,,,,,,,,,,,,,,,,,,,4,5,59,0,,,,,,,,,,,,,,
00-0036442,J.Burrow,Joe Burrow,QB,QB,,CIN,2025,17,REG,,24,31,305,2,0,,,,,,,,,,,,,,,,,,,,,,,,,,,,,,,,,,,,,
00-0036894,P.Freiermuth,Pat Freiermuth,TE,TE,,PIT,2025,17,REG,,,,,,,,,,,,,,,,,,,,,,,,,,3,5,63,0,,,,,,,,,,,,,,
00-0036900,J.Chase,Ja'Marr Chase,WR,WR,,CIN,2025,17,REG,,,,,,,,,,,,,,,,,,,,,,,,,,7,9,60,2,,,,,,,,,,,,,,
00-0036912,D.Smith,DeVonta Smith,WR,WR,,PHI,2025,17,REG,,,,,,,,,,,,,,,,,,,,,,,,,,2,5,25,0,,,,,,,,,,,,,,
00-0036963,A.St. Brown,Amon-Ra St. Brown,WR,WR,,DET,2025,17,REG,,,,,,,,,,,,,,,,,,,,,,,,,,8,13,68,0,,,,,,,,,,,,,,
00-0036971,T.Lawrence,Trevor Lawrence,QB,QB,,JAX,2025,17,REG,,23,37,263,0,1,,,,,,,,,,,,,,,,,,,,,,,,,,,,,,,,,,,,,
00-0036973,T.Etienne,Travis Etienne,RB,RB,,JAX,2025,17,REG,,,,,,,,,,,,,,,,,,17,76,0,,,,,,,,,,,,,,,,,,,,,,,
00-0036997,J.Williams,Javonte Williams,RB,RB,,DAL,2025,17,REG,,,,,,,,,,,,,,,,,,13,54,1,,,,,,,,,,,,,,,,,,,,,,,
00-0037112,J.Tonges,Jake Tonges,TE,TE,,SF,2025,17,REG,,,,,,,,,,,,,,,,,,,,,,,,,,7,9,60,1,,,,,,,,,,,,,,
00-0037228,J.Warren,Jaylen Warren,RB,RB,,PIT,2025,17,REG,,,,,,,,,,,,,,,,,,12,64,0,,,,,,,,,,,,,,,,,,,,,,,
00-0037231,K.Austin,Kevin Austin Jr.,WR,WR,,NO,2025,17,REG,,,,,,,,,,,,,,,,,,,,,,,,,,4,5,52,1,,,,,,,,,,,,,,
00-0037239,C.Olave,Chris Olave,WR,WR,,NO,2025,17,REG,,,,,,,,,,,,,,,,,,,,,,,,,,8,11,119,1,,,,,,,,,,,,,,
00-0037247,G.Pickens,George Pickens,WR,WR,,DAL,2025,17,REG,,,,,,,,,,,,,,,,,,,,,,,,,,4,5,78,0,,,,,,,,,,,,,,
00-0037248,J.Cook,James Cook,RB,RB,,BUF,2025,17,REG,,,,,,,,,,,,,,,,,,20,74,0,,,,,,,,,,,,,,,,,,,,,,,
00-0037252,G.Dulcich,Greg Dulcich,TE,TE,,MIA,2025,17,REG,,,,,,,,,,,,,,,,,,,,,,,,,,5,6,58,1,,,,,,,,,,,,,,
00-0037261,K.Shakir,Khalil Shakir,WR,WR,,BUF,2025,17,REG,,,,,,,,,,,,,,,,,,,,,,,,,,6,7,35,0,,,,,,,,,,,,,,
00-0037263,T.Allgeier,Tyler Allgeier,RB,RB,,ATL,2025,17,REG,,,,,,,,,,,,,,,,,,10,23,0,,,,,,,,,,,,,,,,,,,,,,,
00-0037324,C.Oladokun,Chris Oladokun,QB,QB,,KC,2025,17,REG,,13,22,66,1,0,,,,,,,,,,,,,,,,,,,,,,,,,,,,,,,,,,,,,
00-0037563,M.Davis,Malik Davis,RB,RB,,DAL,2025,17,REG,,,,,,,,,,,,,,,,,,20,103,0,,,,,,,,,,,,,,,,,,,,,,,
00-0037664,A.Pierce,Alec Pierce,WR,WR,,IND,2025,17,REG,,,,,,,,,,,,,,,,,,,,,,,,,,0,5,,0,,,,,,,,,,,,,,
00-0037666,J.Tolbert,Jalen Tolbert,WR,WR,,DAL,2025,17,REG,,,,,,,,,,,,,,,,,,,,,,,,,,4,8,31,0,,,,,,,,,,,,,,
00-0037744,T.McBride,Trey McBride,TE,TE,,ARI,2025,17,REG,,,,,,,,,,,,,,,,,,,,,,,,,,10,13,76,1,,,,,,,,,,,,,,
00-0037809,C.Okonkwo,Chig Okonkwo,TE,TE,,TEN,2025,17,REG,,,,,,,,,,,,,,,,,,,,,,,,,,3,7,55,1,,,,,,,,,,,,,,
00-0037834,B.Purdy,Brock Purdy,QB,QB,,SF,2025,17,REG,,24,33,303,3,1,,,,,,,,,,,,,,,,,,,,,,,,,,,,,,,,,,,,,
00-0037840,K.Williams,Kyren Williams,RB,RB,,LAR,2025,17,REG,,,,,,,,,,,,,,,,,,13,92,0,,,,,,,,,,,,,,,,,,,,,,,
00-0038117,W.Robinson,Wan'Dale Robinson,WR,WR,,NYG,2025,17,REG,,,,,,,,,,,,,,,,,,,,,,,,,,11,14,113,0,,,,,,,,,,,,,,
00-0038120,B.Hall,Breece Hall,RB,RB,,NYJ,2025,17,REG,,,,,,,,,,,,,,,,,,14,111,1,,,,,,,,,,,,,,,,,,,,,,,
00-0038124,C.Watson,Christian Watson,WR,WR,,GB,2025,17,REG,,,,,,,,,,,,,,,,,,,,,,,,,,5,6,113,1,,,,,,,,,,,,,,
00-0038128,M.Willis,Malik Willis,QB,QB,,GB,2025,17,REG,,18,21,288,1,0,,,,,,,,,,,,,,,,,,,,,,,,,,,,,,,,,,,,,
00-0038134,K.Walker,Kenneth Walker III,RB,RB,,SEA,2025,17,REG,,,,,,,,,,,,,,,,,,15,51,0,,,,,,,,,,,,,,,,,,,,,,,
00-0038359,X.Smith,Xavier Smith,WR,WR,,LAR,2025,17,REG,,,,,,,,,,,,,,,,,,,,,,,,,,4,6,67,0,,,,,,,,,,,,,,
00-0038542,B.Robinson,Bijan Robinson,RB,RB,,ATL,2025,17,REG,,,,,,,,,,,,,,,,,,22,195,1,,,,,,,,,,,,,,,,,,,,,,,
00-0038543,J.Smith-Njigba,Jaxon Smith-Njigba,WR,WR,,SEA,2025,17,REG,,,,,,,,,,,,,,,,,,,,,,,,,,9,12,72,0,,,,,,,,,,,,,,
00-0038544,Q.Johnston,Quentin Johnston,WR,WR,,LAC,2025,17,REG,,,,,,,,,,,,,,,,,,,,,,,,,,5,8,98,0,,,,,,,,,,,,,,
00-0038559,M.Wilson,Michael Wilson,WR,WR,,ARI,2025,17,REG,,,,,,,,,,,,,,,,,,,,,,,,,,5,10,89,1,,,,,,,,,,,,,,
00-0038563,T.Tucker,Tre Tucker,WR,WR,,LV,2025,17,REG,,,,,,,,,,,,,,,,,,,,,,,,,,5,6,49,0,,,,,,,,,,,,,,
00-0038597,C.Brown,Chase Brown,RB,RB,,CIN,2025,17,REG,,,,,,,,,,,,,,,,,,22,101,2,,,,,,,,,,,,,,,,,,,,,,,
00-0038606,P.Washington,Parker Washington,WR,WR,,JAX,2025,17,REG,,,,,,,,,,,,,,,,,,,,,,,,,,8,10,115,0,,,,,,,,,,,,,,
00-0038619,A.Iosivas,Andrei Iosivas,WR,WR,,CIN,2025,17,REG,,,,,,,,,,,,,,,,,,,,,,,,,,4,6,41,0,,,,,,,,,,,,,,
00-0038935,B.Strange,Brenton Strange,TE,TE,,JAX,2025,17,REG,,,,,,,,,,,,,,,,,,,,,,,,,,3,5,54,0,,,,,,,,,,,,,,
00-0038997,J.Downs,Josh Downs,WR,WR,,IND,2025,17,REG,,,,,,,,,,,,,,,,,,,,,,,,,,2,5,34,0,,,,,,,,,,,,,,
00-0039040,D.Achane,De'Von Achane,RB,RB,,MIA,2025,17,REG,,,,,,,,,,,,,,,,,,18,83,0,,,,,,,,,,,,,,,,,,,,,,,
00-0039064,Z.Flowers,Zay Flowers,WR,WR,,BAL,2025,17,REG,,,,,,,,,,,,,,,,,,,,,,,,,,4,5,30,1,,,,,,,,,,,,,,
00-0039066,M.Mayer,Michael Mayer,TE,TE,,LV,2025,17,REG,,,,,,,,,,,,,,,,,,,,,,,,,,9,10,89,0,,,,,,,,,,,,,,
00-0039075,P.Nacua,Puka Nacua,WR,WR,,LAR,2025,17,REG,,,,,,,,,,,,,,,,,,,,,,,,,,5,10,47,1,,,,,,,,,,,,,,
00-0039139,J.Gibbs,Jahmyr Gibbs,RB,RB,,DET,2025,17,REG,,,,,,,,,,,,,,,,,,17,41,0,,,,,,,,,,,,,,,,,,,,,,,
00-0039150,B.Young,Bryce Young,QB,QB,,CAR,2025,17,REG,,14,24,54,0,1,,,,,,,,,,,,,,,,,,,,,,,,,,,,,,,,,,,,,
00-0039163,C.Stroud,C.J. Stroud,QB,QB,,HOU,2025,17,REG,,16,28,244,2,2,,,,,,,,,,,,,,,,,,,,,,,,,,,,,,,,,,,,,
00-0039165,Z.Charbonnet,Zach Charbonnet,RB,RB,,SEA,2025,17,REG,,,,,,,,,,,,,,,,,,18,110,2,,,,,,,,,,,,,,,,,,,,,,,
00-0039373,A.Estime,Audric Estimé,RB,RB,,NO,2025,17,REG,,,,,,,,,,,,,,,,,,14,94,1,,,,,,,,,,,,,,,,,,,,,,,
00-0039384,T.Tracy,Tyrone Tracy Jr.,RB,RB,,NYG,2025,17,REG,,,,,,,,,,,,,,,,,,14,62,0,,,,,,,,,,,,,,,,,,,,,,,
00-0039451,I.Williams,Isaiah Williams,WR,WR,,NYJ,2025,17,REG,,,,,,,,,,,,,,,,,,,,,,,,,,4,5,30,0,,,,,,,,,,,,,,
00-0039732,B.Nix,Bo Nix,QB,QB,,DEN,2025,17,REG,,26,38,182,1,1,,,,,,,,,,,,,,,,,,,,,,,,,,,,,,,,,,,,,
00-0039851,D.Maye,Drake Maye,QB,QB,,NE,2025,17,REG,,19,21,256,5,0,,,,,,,,,,,,,,,,,,,,,,,,,,,,,,,,,,,,,
00-0039855,J.McMillan,Jalen McMillan,WR,WR,,TB,2025,17,REG,,,,,,,,,,,,,,,,,,,,,,,,,,7,9,114,0,,,,,,,,,,,,,,
00-0039890,A.Mitchell,Adonai Mitchell,WR,WR,,NYJ,2025,17,REG,,,,,,,,,,,,,,,,,,,,,,,,,,3,9,22,0,,,,,,,,,,,,,,
00-0039893,B.Thomas,Brian Thomas Jr.,WR,WR,,JAX,2025,17,REG,,,,,,,,,,,,,,,,,,,,,,,,,,4,7,39,0,,,,,,,,,,,,,,
00-0039916,R.Pearsall,Ricky Pearsall,WR,WR,,SF,2025,17,REG,,,,,,,,,,,,,,,,,,,,,,,,,,5,8,85,0,,,,,,,,,,,,,,
00-0039918,C.Williams,Caleb Williams,QB,QB,,CHI,2025,17,REG,,25,42,330,2,0,,,,,,,,,,,,,,,,,,,,,,,,,,,,,,,,,,,,,
00-0040122,A.Jeanty,Ashton Jeanty,RB,RB,,LV,2025,17,REG,,,,,,,,,,,,,,,,,,16,60,0,,,,,,,,,,,,,,,,,,,,,,,
00-0040126,C.Loveland,Colston Loveland,TE,TE,,CHI,2025,17,REG,,,,,,,,,,,,,,,,,,,,,,,,,,6,10,94,1,,,,,,,,,,,,,,
00-0040128,T.Warren,Tyler Warren,TE,TE,,IND,2025,17,REG,,,,,,,,,,,,,,,,,,,,,,,,,,5,5,43,0,,,,,,,,,,,,,,
00-0040129,E.Egbuka,Emeka Egbuka,WR,WR,,TB,2025,17,REG,,,,,,,,,,,,,,,,,,,,,,,,,,3,5,20,0,,,,,,,,,,,,,,
00-0040131,K.Williams,Kyle Williams,WR,WR,,NE,2025,17,REG,,,,,,,,,,,,,,,,,,,,,,,,,,3,5,20,0,,,,,,,,,,,,,,
00-0040162,D.Sampson,Dylan Sampson,RB,RB,,CLE,2025,17,REG,,,,,,,,,,,,,,,,,,11,27,0,,,,,,,,,,,,,,,,,,,,,,,
00-0040170,E.Ayomanor,Elic Ayomanor,WR,WR,,TEN,2025,17,REG,,,,,,,,,,,,,,,,,,,,,,,,,,4,7,37,1,,,,,,,,,,,,,,
00-0040189,O.Gadsden,Oronde Gadsden II,TE,TE,,LAC,2025,17,REG,,,,,,,,,,,,,,,,,,,,,,,,,,3,6,32,1,,,,,,,,,,,,,,
00-0040234,Q.Ewers,Quinn Ewers,QB,QB,,MIA,2025,17,REG,,14,22,172,2,0,,,,,,,,,,,,,,,,,,,,,,,,,,,,,,,,,,,,,
00-0040242,J.Croskey-Merritt,Jacory Croskey-Merritt,RB,RB,,WAS,2025,17,REG,,,,,,,,,,,,,,,,,,11,105,2,,,,,,,,,,,,,,,,,,,,,,,
00-0040398,B.Cook,Brady Cook,QB,QB,,NYJ,2025,17,REG,,19,33,152,0,1,,,,,,,,,,,,,,,,,,,,,,,,,,,,,,,,,,,,,
00-0040494,M.Brosmer,Max Brosmer,QB,QB,,MIN,2025,17,REG,,9,16,51,0,0,,,,,,,,,,,,,,,,,,,,,,,,,,,,,,,,,,,,,
00-0040583,W.Marks,Woody Marks,RB,RB,,HOU,2025,17,REG,,,,,,,,,,,,,,,,,,19,71,0,,,,,,,,,,,,,,,,,,,,,,,
00-0040590,K.Mumpfield,Konata Mumpfield,WR,WR,,LAR,2025,17,REG,,,,,,,,,,,,,,,,,,,,,,,,,,2,5,10,0,,,,,,,,,,,,,,
00-0040666,O.Hampton,Omarion Hampton,RB,RB,,LAC,2025,17,REG,,,,,,,,,,,,,,,,,,14,29,1,,,,,,,,,,,,,,,,,,,,,,,
00-0040668,S.Sanders,Shedeur Sanders,QB,QB,,CLE,2025,17,REG,,17,23,186,1,2,,,,,,,,,,,,,,,,,,,,,,,,,,,,,,,,,,,,,
00-0040676,C.Ward,Cam Ward,QB,QB,,TEN,2025,17,REG,,21,40,251,2,0,,,,,,,,,,,,,,,,,,,,,,,,,,,,,,,,,,,,,
00-0040691,J.Dart,Jaxson Dart,QB,QB,,NYG,2025,17,REG,,22,30,207,0,0,,,,,,,,,,,,,,,,,,,,,,,,,,,,,,,,,,,,,
00-0040705,C.Dike,Chimere Dike,WR,WR,,TEN,2025,17,REG,,,,,,,,,,,,,,,,,,,,,,,,,,4,5,55,0,,,,,,,,,,,,,,
00-0040730,R.Harvey,RJ Harvey,RB,RB,,DEN,2025,17,REG,,,,,,,,,,,,,,,,,,14,43,0,,,,,,,,,,,,,,,,,,,,,,,
00-0040734,T.Henderson,TreVeyon Henderson,RB,RB,,NE,2025,17,REG,,,,,,,,,,,,,,,,,,19,82,0,,,,,,,,,,,,,,,,,,,,,,,
00-0040735,L.Burden,Luther Burden III,WR,WR,,CHI,2025,17,REG,,,,,,,,,,,,,,,,,,,,,,,,,,8,9,138,1,,,,,,,,,,,,,,
00-0040743,T.Shough,Tyler Shough,QB,QB,,NO,2025,17,REG,,22,27,333,2,0,,,,,,,,,,,,,,,,,,,,,,,,,,,,,,,,,,,,,
00-0023459,A.Rodgers,Aaron Rodgers,QB,QB,,PIT,2025,18,REG,,31,47,294,1,0,,,,,,,,,,,,,,,,,,,,,,,,,,,,,,,,,,,,,
00-0026300,J.Johnson,Josh Johnson,QB,QB,,WAS,2025,18,REG,,14,22,131,1,1,,,,,,,,,,,,,,,,,,,,,,,,,,,,,,,,,,,,,
00-0026498,M.Stafford,Matthew Stafford,QB,QB,,LAR,2025,18,REG,,25,40,259,4,0,,,,,,,,,,,,,,,,,,,,,,,,,,,,,,,,,,,,,
00-0029604,K.Cousins,Kirk Cousins,QB,QB,,ATL,2025,18,REG,,18,32,180,1,1,,,,,,,,,,,,,,,,,,,,,,,,,,,,,,,,,,,,,
00-0030035,A.Thielen,Adam Thielen,WR,WR,,PIT,2025,18,REG,,,,,,,,,,,,,,,,,,,,,,,,,,3,6,43,0,,,,,,,,,,,,,,
00-0030279,K.Allen,Keenan Allen,WR,WR,,LAC,2025,18,REG,,,,,,,,,,,,,,,,,,,,,,,,,,7,13,36,0,,,,,,,,,,,,,,
00-0030506,T.Kelce,Travis Kelce,TE,TE,,KC,2025,18,REG,,,,,,,,,,,,,,,,,,,,,,,,,,3,6,12,0,,,,,,,,,,,,,,
00-0032211,T.Lockett,Tyler Lockett,WR,WR,,LV,2025,18,REG,,,,,,,,,,,,,,,,,,,,,,,,,,1,5,5,0,,,,,,,,,,,,,,
00-0032434,B.Allen,Brandon Allen,QB,QB,,TEN,2025,18,REG,,17,30,72,0,1,,,,,,,,,,,,,,,,,,,,,,,,,,,,,,,,,,,,,
00-0032764,D.Henry,Derrick Henry,RB,RB,,BAL,2025,18,REG,,,,,,,,,,,,,,,,,,20,126,0,,,,,,,,,,,,,,,,,,,,,,,
00-0033090,H.Henry,Hunter Henry,TE,TE,,NE,2025,18,REG,,,,,,,,,,,,,,,,,,,,,,,,,,5,5,56,0,,,,,,,,,,,,,,
00-0033106,J.Goff,Jared Goff,QB,QB,,DET,2025,18,REG,,27,42,331,1,1,,,,,,,,,,,,,,,,,,,,,,,,,,,,,,,,,,,,,
00-0033110,T.Higbee,Tyler Higbee,TE,TE,,LAR,2025,18,REG,,,,,,,,,,,,,,,,,,,,,,,,,,5,6,91,1,,,,,,,,,,,,,,
00-0033119,J.Brissett,Jacoby Brissett,QB,QB,,ARI,2025,18,REG,,22,31,243,2,1,,,,,,,,,,,,,,,,,,,,,,,,,,,,,,,,,,,,,
00-0033288,G.Kittle,George Kittle,TE,TE,,SF,2025,18,REG,,,,,,,,,,,,,,,,,,,,,,,,,,5,7,29,0,,,,,,,,,,,,,,
00-0033869,M.Trubisky,Mitchell Trubisky,QB,QB,,BUF,2025,18,REG,,22,29,259,4,0,,,,,,,,,,,,,,,,,,,,,,,,,,,,,,,,,,,,,
00-0034159,W.Dissly,Will Dissly,TE,TE,,LAC,2025,18,REG,,,,,,,,,,,,,,,,,,,,,,,,,,1,5,6,0,,,,,,,,,,,,,,
00-0034272,M.Valdes-Scantling,Marquez Valdes-Scantling,WR,WR,,PIT,2025,18,REG,,,,,,,,,,,,,,,,,,,,,,,,,,5,7,34,0,,,,,,,,,,,,,,
00-0034796,L.Jackson,Lamar Jackson,QB,QB,,BAL,2025,18,REG,,11,18,238,3,1,,,,,,,,,,,,,,,,,,,,,,,,,,,,,,,,,,,,,
00-0034855,B.Mayfield,Baker Mayfield,QB,QB,,TB,2025,18,REG,,16,22,203,1,1,,,,,,,,,,,,,,,,,,,,,,,,,,,,,,,,,,,,,
00-0034860,D.Pettis,Dante Pettis,WR,WR,,NO,2025,18,REG,,,,,,,,,,,,,,,,,,,,,,,,,,5,5,60,0,,,,,,,,,,,,,,
00-0034869,S.Darnold,Sam Darnold,QB,QB,,SEA,2025,18,REG,,20,26,198,0,0,,,,,,,,,,,,,,,,,,,,,,,,,,,,,,,,,,,,,
00-0034960,J.Meyers,Jakobi Meyers,WR,WR,,JAX,2025,18,REG,,,,,,,,,,,,,,,,,,,,,,,,,,5,6,44,0,,,,,,,,,,,,,,
00-0035261,T.Pollard,Tony Pollard,RB,RB,,TEN,2025,18,REG,,,,,,,,,,,,,,,,,,14,48,0,,,,,,,,,,,,,,,,,,,,,,,
00-0035535,D.Slayton,Darius Slayton,WR,WR,,NYG,2025,18,REG,,,,,,,,,,,,,,,,,,,,,,,,,,4,9,34,0,,,,,,,,,,,,,,
00-0035537,Ty.Johnson,Ty Johnson,RB,RB,,BUF,2025,18,REG,,,,,,,,,,,,,,,,,,13,36,1,,,,,,,,,,,,,,,,,,,,,,,
00-0035645,G.Olszewski,Gunner Olszewski,WR,WR,,NYG,2025,18,REG,,,,,,,,,,,,,,,,,,,,,,,,,,8,9,102,0,,,,,,,,,,,,,,
00-0035662,M.Brown,Marquise Brown,WR,WR,,KC,2025,18,REG,,,,,,,,,,,,,,,,,,,,,,,,,,3,6,64,0,,,,,,,,,,,,,,
00-0035719,D.Samuel,Deebo Samuel Sr.,WR,WR,,WAS,2025,18,REG,,,,,,,,,,,,,,,,,,,,,,,,,,2,5,20,0,,,,,,,,,,,,,,
00-0036040,J.Johnson,Juwan Johnson,TE,TE,,NO,2025,18,REG,,,,,,,,,,,,,,,,,,,,,,,,,,3,5,61,0,,,,,,,,,,,,,,
00-0036196,G.Davis,Gabe Davis,WR,WR,,BUF,2025,18,REG,,,,,,,,,,,,,,,,,,,,,,,,,,5,7,41,1,,,,,,,,,,,,,,
00-0036223,J.Taylor,Jonathan Taylor,RB,RB,,IND,2025,18,REG,,,,,,,,,,,,,,,,,,14,26,0,,,,,,,,,,,,,,,,,,,,,,,
00-0036244,C.Parkinson,Colby Parkinson,TE,TE,,LAR,2025,18,REG,,,,,,,,,,,,,,,,,,,,,,,,,,4,7,36,2,,,,,,,,,,,,,,
00-0036259,J.Jennings,Jauan Jennings,WR,WR,,SF,2025,18,REG,,,,,,,,,,,,,,,,,,,,,,,,,,4,6,35,0,,,,,,,,,,,,,,
00-0036275,D.Swift,D'Andre Swift,RB,RB,,CHI,2025,18,REG,,,,,,,,,,,,,,,,,,10,40,0,,,,,,,,,,,,,,,,,,,,,,,
00-0036309,D.Mooney,Darnell Mooney,WR,WR,,ATL,2025,18,REG,,,,,,,,,,,,,,,,,,,,,,,,,,3,7,20,0,,,,,,,,,,,,,,
00-0036322,J.Jefferson,Justin Jefferson,WR,WR,,MIN,2025,18,REG,,,,,,,,,,,,,,,,,,,,,,,,,,8,11,101,0,,,,,,,,,,,,,,
00-0036407,J.Jeudy,Jerry Jeudy,WR,WR,,CLE,2025,18,REG,,,,,,,,,,,,,,,,,,,,,,,,,,2,6,17,0,,,,,,,,,,,,,,
00-0036410,T.Higgins,Tee Higgins,WR,WR,,CIN,2025,18,REG,,,,,,,,,,,,,,,,,,,,,,,,,,6,9,67,1,,,,,,,,,,,,,,
00-0036442,J.Burrow,Joe Burrow,QB,QB,,CIN,2025,18,REG,,29,39,236,3,1,,,,,,,,,,,,,,,,,,,,,,,,,,,,,,,,,,,,,
00-0036637,N.Gray,Noah Gray,TE,TE,,KC,2025,18,REG,,,,,,,,,,,,,,,,,,,,,,,,,,3,5,30,0,,,,,,,,,,,,,,
00-0036876,K.Granson,Kylen Granson,TE,TE,,PHI,2025,18,REG,,,,,,,,,,,,,,,,,,,,,,,,,,4,5,30,0,,,,,,,,,,,,,,
00-0036894,P.Freiermuth,Pat Freiermuth,TE,TE,,PIT,2025,18,REG,,,,,,,,,,,,,,,,,,,,,,,,,,3,5,51,0,,,,,,,,,,,,,,
00-0036900,J.Chase,Ja'Marr Chase,WR,WR,,CIN,2025,18,REG,,,,,,,,,,,,,,,,,,,,,,,,,,8,10,96,1,,,,,,,,,,,,,,
00-0036906,K.Herbert,Khalil Herbert,RB,RB,,NYJ,2025,18,REG,,,,,,,,,,,,,,,,,,12,42,0,,,,,,,,,,,,,,,,,,,,,,,
00-0036963,A.St. Brown,Amon-Ra St. Brown,WR,WR,,DET,2025,18,REG,,,,,,,,,,,,,,,,,,,,,,,,,,11,15,139,0,,,,,,,,,,,,,,
00-0036970,K.Pitts,Kyle Pitts,TE,TE,,ATL,2025,18,REG,,,,,,,,,,,,,,,,,,,,,,,,,,6,9,58,0,,,,,,,,,,,,,,
00-0036971,T.Lawrence,Trevor Lawrence,QB,QB,,JAX,2025,18,REG,,22,30,255,3,0,,,,,,,,,,,,,,,,,,,,,,,,,,,,,,,,,,,,,
00-0036973,T.Etienne,Travis Etienne,RB,RB,,JAX,2025,18,REG,,,,,,,,,,,,,,,,,,14,32,0,,,,,,,,,,,,,,,,,,,,,,,
00-0037012,T.Lance,Trey Lance,QB,QB,,LAC,2025,18,REG,,20,44,136,0,1,,,,,,,,,,,,,,,,,,,,,,,,,,,,,,,,,,,,,
00-0037228,J.Warren,Jaylen Warren,RB,RB,,PIT,2025,18,REG,,,,,,,,,,,,,,,,,,14,66,0,,,,,,,,,,,,,,,,,,,,,,,
00-0037231,K.Austin,Kevin Austin Jr.,WR,WR,,NO,2025,18,REG,,,,,,,,,,,,,,,,,,,,,,,,,,4,9,37,0,,,,,,,,,,,,,,
00-0037238,D.London,Drake London,WR,WR,,ATL,2025,18,REG,,,,,,,,,,,,,,,,,,,,,,,,,,4,8,78,1,,,,,,,,,,,,,,
00-0037240,J.Williams,Jameson Williams,WR,WR,,DET,2025,18,REG,,,,,,,,,,,,,,,,,,,,,,,,,,6,8,74,0,,,,,,,,,,,,,,
00-0037276,T.Chandler,Ty Chandler,RB,RB,,MIN,2025,18,REG,,,,,,,,,,,,,,,,,,10,23,0,,,,,,,,,,,,,,,,,,,,,,,
00-0037324,C.Oladokun,Chris Oladokun,QB,QB,,KC,2025,18,REG,,11,17,58,0,0,,,,,,,,,,,,,,,,,,,,,,,,,,,,,,,,,,,,,
00-0037525,J.Mason,Jordan Mason,RB,RB,,MIN,2025,18,REG,,,,,,,,,,,,,,,,,,14,94,0,,,,,,,,,,,,,,,,,,,,,,,
00-0037664,A.Pierce,Alec Pierce,WR,WR,,IND,2025,18,REG,,,,,,,,,,,,,,,,,,,,,,,,,,4,7,132,2,,,,,,,,,,,,,,
00-0037741,J.Dotson,Jahan Dotson,WR,WR,,PHI,2025,18,REG,,,,,,,,,,,,,,,,,,,,,,,,,,3,8,40,0,,,,,,,,,,,,,,
00-0037744,T.McBride,Trey McBride,TE,TE,,ARI,2025,18,REG,,,,,,,,,,,,,,,,,,,,,,,,,,7,8,65,0,,,,,,,,,,,,,,
00-0037809,C.Okonkwo,Chig Okonkwo,TE,TE,,TEN,2025,18,REG,,,,,,,,,,,,,,,,,,,,,,,,,,2,5,2,0,,,,,,,,,,,,,,
00-0037834,B.Purdy,Brock Purdy,QB,QB,,SF,2025,18,REG,,19,27,127,0,1,,,,,,,,,,,,,,,,,,,,,,,,,,,,,,,,,,,,,
00-0037837,C.Austin,Calvin Austin III,WR,WR,,PIT,2025,18,REG,,,,,,,,,,,,,,,,,,,,,,,,,,3,7,55,1,,,,,,,,,,,,,,
00-0037840,K.Williams,Kyren Williams,RB,RB,,LAR,2025,18,REG,,,,,,,,,,,,,,,,,,12,60,0,,,,,,,,,,,,,,,,,,,,,,,
00-0038129,C.Otton,Cade Otton,TE,TE,,TB,2025,18,REG,,,,,,,,,,,,,,,,,,,,,,,,,,7,9,94,1,,,,,,,,,,,,,,
00-0038134,K.Walker,Kenneth Walker III,RB,RB,,SEA,2025,18,REG,,,,,,,,,,,,,,,,,,16,97,0,,,,,,,,,,,,,,,,,,,,,,,
00-0038400,T.McKee,Tanner McKee,QB,QB,,PHI,2025,18,REG,,21,40,241,1,1,,,,,,,,,,,,,,,,,,,,,,,,,,,,,,,,,,,,,
00-0038542,B.Robinson,Bijan Robinson,RB,RB,,ATL,2025,18,REG,,,,,,,,,,,,,,,,,,15,33,0,,,,,,,,,,,,,,,,,,,,,,,
00-0038543,J.Smith-Njigba,Jaxon Smith-Njigba,WR,WR,,SEA,2025,18,REG,,,,,,,,,,,,,,,,,,,,,,,,,,6,8,84,0,,,,,,,,,,,,,,
00-0038555,T.Bigsby,Tank Bigsby,RB,RB,,PHI,2025,18,REG,,,,,,,,,,,,,,,,,,16,75,1,,,,,,,,,,,,,,,,,,,,,,,
00-0038559,M.Wilson,Michael Wilson,WR,WR,,ARI,2025,18,REG,,,,,,,,,,,,,,,,,,,,,,,,,,5,8,99,1,,,,,,,,,,,,,,
00-0038563,T.Tucker,Tre Tucker,WR,WR,,LV,2025,18,REG,,,,,,,,,,,,,,,,,,,,,,,,,,2,6,30,0,,,,,,,,,,,,,,
00-0038579,A.O'Connell,Aidan O'Connell,QB,QB,,LV,2025,18,REG,,10,22,102,0,0,,,,,,,,,,,,,,,,,,,,,,,,,,,,,,,,,,,,,
00-0038597,C.Brown,Chase Brown,RB,RB,,CIN,2025,18,REG,,,,,,,,,,,,,,,,,,13,72,0,,,,,,,,,,,,,,,,,,,,,,,
00-0038606,P.Washington,Parker Washington,WR,WR,,JAX,2025,18,REG,,,,,,,,,,,,,,,,,,,,,,,,,,5,9,87,1,,,,,,,,,,,,,,
00-0038611,C.Rodriguez,Chris Rodriguez Jr.,RB,RB,,WAS,2025,18,REG,,,,,,,,,,,,,,,,,,16,65,1,,,,,,,,,,,,,,,,,,,,,,,
00-0038618,X.Hutchinson,Xavier Hutchinson,WR,WR,,HOU,2025,18,REG,,,,,,,,,,,,,,,,,,,,,,,,,,5,9,84,0,,,,,,,,,,,,,,
00-0038685,C.Brooks,Chris Brooks,RB,RB,,GB,2025,18,REG,,,,,,,,,,,,,,,,,,13,61,0,,,,,,,,,,,,,,,,,,,,,,,
00-0038797,E.Wilson,Emanuel Wilson,RB,RB,,GB,2025,18,REG,,,,,,,,,,,,,,,,,,18,44,0,,,,,,,,,,,,,,,,,,,,,,,
00-0038935,B.Strange,Brenton Strange,TE,TE,,JAX,2025,18,REG,,,,,,,,,,,,,,,,,,,,,,,,,,6,6,52,1,,,,,,,,,,,,,,
00-0039064,Z.Flowers,Zay Flowers,WR,WR,,BAL,2025,18,REG,,,,,,,,,,,,,,,,,,,,,,,,,,4,6,138,2,,,,,,,,,,,,,,
00-0039066,M.Mayer,Michael Mayer,TE,TE,,LV,2025,18,REG,,,,,,,,,,,,,,,,,,,,,,,,,,3,5,47,0,,,,,,,,,,,,,,
00-0039075,P.Nacua,Puka Nacua,WR,WR,,LAR,2025,18,REG,,,,,,,,,,,,,,,,,,,,,,,,,,10,11,76,1,,,,,,,,,,,,,,
00-0039139,J.Gibbs,Jahmyr Gibbs,RB,RB,,DET,2025,18,REG,,,,,,,,,,,,,,,,,,19,80,0,,,,,,,,,,,,,,,,,,,,,,,
00-0039150,B.Young,Bryce Young,QB,QB,,CAR,2025,18,REG,,24,35,266,2,1,,,,,,,,,,,,,,,,,,,,,,,,,,,,,,,,,,,,,
00-0039163,C.Stroud,C.J. Stroud,QB,QB,,HOU,2025,18,REG,,14,23,169,1,0,,,,,,,,,,,,,,,,,,,,,,,,,,,,,,,,,,,,,
00-0039165,Z.Charbonnet,Zach Charbonnet,RB,RB,,SEA,2025,18,REG,,,,,,,,,,,,,,,,,,17,74,1,,,,,,,,,,,,,,,,,,,,,,,
00-0039361,B.Irving,Bucky Irving,RB,RB,,TB,2025,18,REG,,,,,,,,,,,,,,,,,,26,85,0,,,,,,,,,,,,,,,,,,,,,,,
00-0039373,A.Estime,Audric Estimé,RB,RB,,NO,2025,18,REG,,,,,,,,,,,,,,,,,,21,63,0,,,,,,,,,,,,,,,,,,,,,,,
00-0039384,T.Tracy,Tyrone Tracy Jr.,RB,RB,,NYG,2025,18,REG,,,,,,,,,,,,,,,,,,18,103,0,,,,,,,,,,,,,,,,,,,,,,,
00-0039410,R.Flournoy,Ryan Flournoy,WR,WR,,DAL,2025,18,REG,,,,,,,,,,,,,,,,,,,,,,,,,,5,7,68,0,,,,,,,,,,,,,,
00-0039451,I.Williams,Isaiah Williams,WR,WR,,NYJ,2025,18,REG,,,,,,,,,,,,,,,,,,,,,,,,,,5,7,24,0,,,,,,,,,,,,,,
00-0039491,J.Coker,Jalen Coker,WR,WR,,CAR,2025,18,REG,,,,,,,,,,,,,,,,,,,,,,,,,,6,7,47,1,,,,,,,,,,,,,,
00-0039603,B.Brooks,British Brooks,FB,FB,,HOU,2025,18,REG,,,,,,,,,,,,,,,,,,13,63,0,,,,,,,,,,,,,,,,,,,,,,,
00-0039732,B.Nix,Bo Nix,QB,QB,,DEN,2025,18,REG,,14,23,141,0,0,,,,,,,,,,,,,,,,,,,,,,,,,,,,,,,,,,,,,
00-0039738,B.Corum,Blake Corum,RB,RB,,LAR,2025,18,REG,,,,,,,,,,,,,,,,,,13,59,0,,,,,,,,,,,,,,,,,,,,,,,
00-0039851,D.Maye,Drake Maye,QB,QB,,NE,2025,18,REG,,14,18,191,1,0,,,,,,,,,,,,,,,,,,,,,,,,,,,,,,,,,,,,,
00-0039874,J.Wright,Jaylen Wright,RB,RB,,MIA,2025,18,REG,,,,,,,,,,,,,,,,,,13,23,0,,,,,,,,,,,,,,,,,,,,,,,
00-0039875,R.Davis,Ray Davis,RB,RB,,BUF,2025,18,REG,,,,,,,,,,,,,,,,,,21,151,0,,,,,,,,,,,,,,,,,,,,,,,
00-0039893,B.Thomas,Brian Thomas Jr.,WR,WR,,JAX,2025,18,REG,,,,,,,,,,,,,,,,,,,,,,,,,,3,5,49,0,,,,,,,,,,,,,,
00-0039918,C.Williams,Caleb Williams,QB,QB,,CHI,2025,18,REG,,20,33,212,2,1,,,,,,,,,,,,,,,,,,,,,,,,,,,,,,,,,,,,,
00-0039923,J.McCarthy,J.J. McCarthy,QB,QB,,MIN,2025,18,REG,,14,23,182,0,0,,,,,,,,,,,,,,,,,,,,,,,,,,,,,,,,,,,,,
00-0040024,D.Cooper,Darius Cooper,WR,WR,,PHI,2025,18,REG,,,,,,,,,,,,,,,,,,,,,,,,,,3,5,33,0,,,,,,,,,,,,,,
00-0040078,B.Smith,Brashard Smith,RB,RB,,KC,2025,18,REG,,,,,,,,,,,,,,,,,,12,56,0,,,,,,,,,,,,,,,,,,,,,,,
00-0040122,A.Jeanty,Ashton Jeanty,RB,RB,,LV,2025,18,REG,,,,,,,,,,,,,,,,,,26,87,0,,,,,,,,,,,,,,,,,,,,,,,
00-0040124,T.McMillan,Tetairoa McMillan,WR,WR,,CAR,2025,18,REG,,,,,,,,,,,,,,,,,,,,,,,,,,4,6,84,0,,,,,,,,,,,,,,
00-0040126,C.Loveland,Colston Loveland,TE,TE,,CHI,2025,18,REG,,,,,,,,,,,,,,,,,,,,,,,,,,10,13,91,1,,,,,,,,,,,,,,
00-0040128,T.Warren,Tyler Warren,TE,TE,,IND,2025,18,REG,,,,,,,,,,,,,,,,,,,,,,,,,,5,8,26,0,,,,,,,,,,,,,,
00-0040130,J.Higgins,Jayden Higgins,WR,WR,,HOU,2025,18,REG,,,,,,,,,,,,,,,,,,,,,,,,,,2,5,23,1,,,,,,,,,,,,,,
00-0040134,P.Bryant,Pat Bryant,WR,WR,,DEN,2025,18,REG,,,,,,,,,,,,,,,,,,,,,,,,,,4,5,31,0,,,,,,,,,,,,,,
00-0040162,D.Sampson,Dylan Sampson,RB,RB,,CLE,2025,18,REG,,,,,,,,,,,,,,,,,,10,32,0,,,,,,,,,,,,,,,,,,,,,,,
00-0040170,E.Ayomanor,Elic Ayomanor,WR,WR,,TEN,2025,18,REG,,,,,,,,,,,,,,,,,,,,,,,,,,3,10,50,0,,,,,,,,,,,,,,
00-0040184,K.Lambert-Smith,KeAndre Lambert-Smith,WR,WR,,LAC,2025,18,REG,,,,,,,,,,,,,,,,,,,,,,,,,,2,5,24,0,,,,,,,,,,,,,,
00-0040206,R.Leonard,Riley Leonard,QB,QB,,IND,2025,18,REG,,21,34,270,2,1,,,,,,,,,,,,,,,,,,,,,,,,,,,,,,,,,,,,,
00-0040234,Q.Ewers,Quinn Ewers,QB,QB,,MIA,2025,18,REG,,16,23,137,1,1,,,,,,,,,,,,,,,,,,,,,,,,,,,,,,,,,,,,,
00-0040242,J.Croskey-Merritt,Jacory Croskey-Merritt,RB,RB,,WAS,2025,18,REG,,,,,,,,,,,,,,,,,,13,29,0,,,,,,,,,,,,,,,,,,,,,,,
00-0040311,T.Wease,Theo Wease Jr.,WR,WR,,MIA,2025,18,REG,,,,,,,,,,,,,,,,,,,,,,,,,,3,5,44,0,,,,,,,,,,,,,,
00-0040398,B.Cook,Brady Cook,QB,QB,,NYJ,2025,18,REG,,11,22,60,1,0,,,,,,,,,,,,,,,,,,,,,,,,,,,,,,,,,,,,,
00-0040583,W.Marks,Woody Marks,RB,RB,,HOU,2025,18,REG,,,,,,,,,,,,,,,,,,10,48,0,,,,,,,,,,,,,,,,,,,,,,,
00-0040586,J.Blue,Jaydon Blue,RB,RB,,DAL,2025,18,REG,,,,,,,,,,,,,,,,,,16,64,1,,,,,,,,,,,,,,,,,,,,,,,
00-0040668,S.Sanders,Shedeur Sanders,QB,QB,,CLE,2025,18,REG,,11,22,111,0,0,,,,,,,,,,,,,,,,,,,,,,,,,,,,,,,,,,,,,
00-0040691,J.Dart,Jaxson Dart,QB,QB,,NYG,2025,18,REG,,22,32,230,2,0,,,,,,,,,,,,,,,,,,,,,,,,,,,,,,,,,,,,,
00-0040727,T.Harris,Tre Harris,WR,WR,,LAC,2025,18,REG,,,,,,,,,,,,,,,,,,,,,,,,,,2,6,28,0,,,,,,,,,,,,,,
00-0040730,R.Harvey,RJ Harvey,RB,RB,,DEN,2025,18,REG,,,,,,,,,,,,,,,,,,15,28,0,,,,,,,,,,,,,,,,,,,,,,,
00-0040734,T.Henderson,TreVeyon Henderson,RB,RB,,NE,2025,18,REG,,,,,,,,,,,,,,,,,,13,53,2,,,,,,,,,,,,,,,,,,,,,,,
00-0040743,T.Shough,Tyler Shough,QB,QB,,NO,2025,18,REG,,23,35,259,1,1,,,,,,,,,,,,,,,,,,,,,,,,,,,,,,,,,,,,,
