player_id,player_name,player_display_name,position,position_group,headshot_url,recent_team,season,week,season_type,opponent_team,completions,attempts,passing_yards,passing_tds,interceptions,sacks,sack_yards,sack_fumbles,sack_fumbles_lost,passing_air_yards,passing_yards_after_catch,passing_first_downs,passing_epa,passing_2pt_conversions,pacr,dakota,carries,rushing_yards,rushing_tds,rushing_fumbles,rushing_fumbles_lost,rushing_first_downs,rushing_epa,rushing_2pt_conversions,receptions,targets,receiving_yards,receiving_tds,receiving_fumbles,receiving_fumbles_lost,receiving_air_yards,receiving_yards_after_catch,receiving_first_downs,receiving_epa,receiving_2pt_conversions,racr,target_share,air_yards_share,wopr,special_teams_tds,fantasy_points,fantasy_points_ppr
00-0023459,A.Rodgers,Aaron Rodgers,QB,QB,,PIT,2025,19,POST,,17.0,33.0,146.0,0.0,1.0,,,,,,,,,,,,,,,,,,,,,,,,,,,,,,,,,,,,,
00-0026498,M.Stafford,Matthew Stafford,QB,QB,,LAR,2025,19,POST,,24.0,42.0,304.0,3.0,1.0,,,,,,,,,,,,,,,,,,,,,,,,,,,,,,,,,,,,,
00-0030279,K.Allen,Keenan Allen,WR,WR,,LAC,2025,19,POST,,,,,,,,,,,,,,,,,,,,,,,,,,3.0,8.0,25.0,0.0,,,,,,,,,,,,,,
00-0031236,B.Cooks,Brandin Cooks,WR,WR,,BUF,2025,19,POST,,,,,,,,,,,,,,,,,,,,,,,,,,3.0,5.0,58.0,0.0,,,,,,,,,,,,,,
00-0031381,D.Adams,Davante Adams,WR,WR,,LAR,2025,19,POST,,,,,,,,,,,,,,,,,,,,,,,,,,5.0,13.0,72.0,0.0,,,,,,,,,,,,,,
00-0031588,S.Diggs,Stefon Diggs,WR,WR,,NE,2025,19,POST,,,,,,,,,,,,,,,,,,,,,,,,,,2.0,5.0,16.0,0.0,,,,,,,,,,,,,,
00-0032775,D.Robinson,Demarcus Robinson,WR,WR,,SF,2025,19,POST,,,,,,,,,,,,,,,,,,,,,,,,,,6.0,7.0,111.0,1.0,,,,,,,,,,,,,,
00-0033090,H.Henry,Hunter Henry,TE,TE,,NE,2025,19,POST,,,,,,,,,,,,,,,,,,,,,,,,,,3.0,5.0,64.0,1.0,,,,,,,,,,,,,,
00-0033280,C.McCaffrey,Christian McCaffrey,RB,RB,,SF,2025,19,POST,,,,,,,,,,,,,,,,,,15.0,48.0,0.0,,,,,,,,,,,,,,,,,,,,,,,
00-0034272,M.Valdes-Scantling,Marquez Valdes-Scantling,WR,WR,,PIT,2025,19,POST,,,,,,,,,,,,,,,,,,,,,,,,,,3.0,5.0,26.0,0.0,,,,,,,,,,,,,,
00-0034351,D.Goedert,Dallas Goedert,TE,TE,,PHI,2025,19,POST,,,,,,,,,,,,,,,,,,,,,,,,,,4.0,7.0,33.0,1.0,,,,,,,,,,,,,,
00-0034775,C.Kirk,Christian Kirk,WR,WR,,HOU,2025,19,POST,,,,,,,,,,,,,,,,,,,,,,,,,,8.0,9.0,144.0,1.0,,,,,,,,,,,,,,
00-0034791,N.Chubb,Nick Chubb,RB,RB,,HOU,2025,19,POST,,,,,,,,,,,,,,,,,,10.0,48.0,0.0,,,,,,,,,,,,,,,,,,,,,,,
00-0034827,D.Moore,DJ Moore,WR,WR,,CHI,2025,19,POST,,,,,,,,,,,,,,,,,,,,,,,,,,6.0,7.0,64.0,1.0,,,,,,,,,,,,,,
00-0034844,S.Barkley,Saquon Barkley,RB,RB,,PHI,2025,19,POST,,,,,,,,,,,,,,,,,,26.0,106.0,0.0,,,,,,,,,,,,,,,,,,,,,,,
00-0034857,J.Allen,Josh Allen,QB,QB,,BUF,2025,19,POST,,28.0,35.0,273.0,1.0,0.0,,,,,,,,,,,,,,,,,,,,,,,,,,,,,,,,,,,,,
00-0035640,D.Metcalf,DK Metcalf,WR,WR,,PIT,2025,19,POST,,,,,,,,,,,,,,,,,,,,,,,,,,2.0,5.0,42.0,0.0,,,,,,,,,,,,,,
00-0035676,A.Brown,A.J. Brown,WR,WR,,PHI,2025,19,POST,,,,,,,,,,,,,,,,,,,,,,,,,,3.0,7.0,25.0,0.0,,,,,,,,,,,,,,
00-0035700,J.Jacobs,Josh Jacobs,RB,RB,,GB,2025,19,POST,,,,,,,,,,,,,,,,,,19.0,55.0,0.0,,,,,,,,,,,,,,,,,,,,,,,
00-0036264,J.Love,Jordan Love,QB,QB,,GB,2025,19,POST,,24.0,46.0,323.0,4.0,0.0,,,,,,,,,,,,,,,,,,,,,,,,,,,,,,,,,,,,,
00-0036275,D.Swift,D'Andre Swift,RB,RB,,CHI,2025,19,POST,,,,,,,,,,,,,,,,,,13.0,54.0,1.0,,,,,,,,,,,,,,,,,,,,,,,
00-0036355,J.Herbert,Justin Herbert,QB,QB,,LAC,2025,19,POST,,19.0,31.0,159.0,0.0,0.0,,,,,,,,,,,,,,,,,,,,,,,,,,,,,,,,,,,,,
00-0036389,J.Hurts,Jalen Hurts,QB,QB,,PHI,2025,19,POST,,20.0,35.0,168.0,1.0,0.0,,,,,,,,,,,,,,,,,,,,,,,,,,,,,,,,,,,,,
00-0036554,N.Collins,Nico Collins,WR,WR,,HOU,2025,19,POST,,,,,,,,,,,,,,,,,,,,,,,,,,3.0,7.0,21.0,0.0,,,,,,,,,,,,,,
00-0036555,C.Hubbard,Chuba Hubbard,RB,RB,,CAR,2025,19,POST,,,,,,,,,,,,,,,,,,13.0,46.0,2.0,,,,,,,,,,,,,,,,,,,,,,,
00-0036875,R.Stevenson,Rhamondre Stevenson,RB,RB,,NE,2025,19,POST,,,,,,,,,,,,,,,,,,10.0,53.0,0.0,,,,,,,,,,,,,,,,,,,,,,,
00-0036912,D.Smith,DeVonta Smith,WR,WR,,PHI,2025,19,POST,,,,,,,,,,,,,,,,,,,,,,,,,,8.0,11.0,70.0,0.0,,,,,,,,,,,,,,
00-0036971,T.Lawrence,Trevor Lawrence,QB,QB,,JAX,2025,19,POST,,18.0,30.0,207.0,3.0,2.0,,,,,,,,,,,,,,,,,,,,,,,,,,,,,,,,,,,,,
00-0036973,T.Etienne,Travis Etienne,RB,RB,,JAX,2025,19,POST,,,,,,,,,,,,,,,,,,10.0,67.0,0.0,,,,,,,,,,,,,,,,,,,,,,,
00-0037228,J.Warren,Jaylen Warren,RB,RB,,PIT,2025,19,POST,,,,,,,,,,,,,,,,,,12.0,43.0,0.0,,,,,,,,,,,,,,,,,,,,,,,
00-0037248,J.Cook,James Cook,RB,RB,,BUF,2025,19,POST,,,,,,,,,,,,,,,,,,15.0,46.0,0.0,,,,,,,,,,,,,,,,,,,,,,,
00-0037261,K.Shakir,Khalil Shakir,WR,WR,,BUF,2025,19,POST,,,,,,,,,,,,,,,,,,,,,,,,,,12.0,12.0,82.0,0.0,,,,,,,,,,,,,,
00-0037816,R.Doubs,Romeo Doubs,WR,WR,,GB,2025,19,POST,,,,,,,,,,,,,,,,,,,,,,,,,,8.0,11.0,124.0,1.0,,,,,,,,,,,,,,
00-0037834,B.Purdy,Brock Purdy,QB,QB,,SF,2025,19,POST,,18.0,31.0,262.0,2.0,2.0,,,,,,,,,,,,,,,,,,,,,,,,,,,,,,,,,,,,,
00-0037837,C.Austin,Calvin Austin III,WR,WR,,PIT,2025,19,POST,,,,,,,,,,,,,,,,,,,,,,,,,,3.0,6.0,8.0,0.0,,,,,,,,,,,,,,
00-0037840,K.Williams,Kyren Williams,RB,RB,,LAR,2025,19,POST,,,,,,,,,,,,,,,,,,13.0,57.0,0.0,,,,,,,,,,,,,,,,,,,,,,,
00-0038124,C.Watson,Christian Watson,WR,WR,,GB,2025,19,POST,,,,,,,,,,,,,,,,,,,,,,,,,,3.0,7.0,36.0,1.0,,,,,,,,,,,,,,
00-0038544,Q.Johnston,Quentin Johnston,WR,WR,,LAC,2025,19,POST,,,,,,,,,,,,,,,,,,,,,,,,,,3.0,6.0,20.0,0.0,,,,,,,,,,,,,,
00-0038606,P.Washington,Parker Washington,WR,WR,,JAX,2025,19,POST,,,,,,,,,,,,,,,,,,,,,,,,,,7.0,12.0,107.0,1.0,,,,,,,,,,,,,,
00-0038933,D.Kincaid,Dalton Kincaid,TE,TE,,BUF,2025,19,POST,,,,,,,,,,,,,,,,,,,,,,,,,,3.0,5.0,28.0,1.0,,,,,,,,,,,,,,
00-0038935,B.Strange,Brenton Strange,TE,TE,,JAX,2025,19,POST,,,,,,,,,,,,,,,,,,,,,,,,,,2.0,5.0,9.0,0.0,,,,,,,,,,,,,,
00-0039075,P.Nacua,Puka Nacua,WR,WR,,LAR,2025,19,POST,,,,,,,,,,,,,,,,,,,,,,,,,,10.0,18.0,111.0,1.0,,,,,,,,,,,,,,
00-0039146,J.Reed,Jayden Reed,WR,WR,,GB,2025,19,POST,,,,,,,,,,,,,,,,,,,,,,,,,,4.0,7.0,43.0,1.0,,,,,,,,,,,,,,
00-0039150,B.Young,Bryce Young,QB,QB,,CAR,2025,19,POST,,21.0,40.0,264.0,1.0,1.0,,,,,,,,,,,,,,,,,,,,,,,,,,,,,,,,,,,,,
00-0039163,C.Stroud,C.J. Stroud,QB,QB,,HOU,2025,19,POST,,21.0,32.0,250.0,1.0,1.0,,,,,,,,,,,,,,,,,,,,,,,,,,,,,,,,,,,,,
00-0039391,K.Vidal,Kimani Vidal,RB,RB,,LAC,2025,19,POST,,,,,,,,,,,,,,,,,,11.0,31.0,0.0,,,,,,,,,,,,,,,,,,,,,,,
00-0039491,J.Coker,Jalen Coker,WR,WR,,CAR,2025,19,POST,,,,,,,,,,,,,,,,,,,,,,,,,,9.0,12.0,134.0,1.0,,,,,,,,,,,,,,
00-0039738,B.Corum,Blake Corum,RB,RB,,LAR,2025,19,POST,,,,,,,,,,,,,,,,,,11.0,45.0,0.0,,,,,,,,,,,,,,,,,,,,,,,
00-0039851,D.Maye,Drake Maye,QB,QB,,NE,2025,19,POST,,17.0,29.0,268.0,1.0,1.0,,,,,,,,,,,,,,,,,,,,,,,,,,,,,,,,,,,,,
00-0039918,C.Williams,Caleb Williams,QB,QB,,CHI,2025,19,POST,,24.0,48.0,361.0,2.0,2.0,,,,,,,,,,,,,,,,,,,,,,,,,,,,,,,,,,,,,
00-0039919,R.Odunze,Rome Odunze,WR,WR,,CHI,2025,19,POST,,,,,,,,,,,,,,,,,,,,,,,,,,2.0,6.0,44.0,0.0,,,,,,,,,,,,,,
00-0040124,T.McMillan,Tetairoa McMillan,WR,WR,,CAR,2025,19,POST,,,,,,,,,,,,,,,,,,,,,,,,,,5.0,7.0,81.0,0.0,,,,,,,,,,,,,,
00-0040126,C.Loveland,Colston Loveland,TE,TE,,CHI,2025,19,POST,,,,,,,,,,,,,,,,,,,,,,,,,,8.0,15.0,137.0,0.0,,,,,,,,,,,,,,
00-0040583,W.Marks,Woody Marks,RB,RB,,HOU,2025,19,POST,,,,,,,,,,,,,,,,,,19.0,112.0,1.0,,,,,,,,,,,,,,,,,,,,,,,
00-0040667,M.Golden,Matthew Golden,WR,WR,,GB,2025,19,POST,,,,,,,,,,,,,,,,,,,,,,,,,,4.0,5.0,84.0,1.0,,,,,,,,,,,,,,
00-0040735,L.Burden,Luther Burden III,WR,WR,,CHI,2025,19,POST,,,,,,,,,,,,,,,,,,,,,,,,,,3.0,7.0,42.0,0.0,,,,,,,,,,,,,,
00-0026498,M.Stafford,Matthew Stafford,QB,QB,,LAR,2025,20,POST,,20.0,42.0,258.0,0.0,0.0,,,,,,,,,,,,,,,,,,,,,,,,,,,,,,,,,,,,,
00-0031236,B.Cooks,Brandin Cooks,WR,WR,,BUF,2025,20,POST,,,,,,,,,,,,,,,,,,,,,,,,,,2.0,6.0,20.0,0.0,,,,,,,,,,,,,,
00-0031381,D.Adams,Davante Adams,WR,WR,,LAR,2025,20,POST,,,,,,,,,,,,,,,,,,,,,,,,,,2.0,6.0,24.0,0.0,,,,,,,,,,,,,,
00-0031588,S.Diggs,Stefon Diggs,WR,WR,,NE,2025,20,POST,,,,,,,,,,,,,,,,,,,,,,,,,,4.0,6.0,40.0,1.0,,,,,,,,,,,,,,
00-0033280,C.McCaffrey,Christian McCaffrey,RB,RB,,SF,2025,20,POST,,,,,,,,,,,,,,,,,,11.0,35.0,0.0,,,,,,,,,,,,,,,,,,,,,,,
00-0033908,C.Kupp,Cooper Kupp,WR,WR,,SEA,2025,20,POST,,,,,,,,,,,,,,,,,,,,,,,,,,5.0,5.0,60.0,0.0,,,,,,,,,,,,,,
00-0034348,C.Sutton,Courtland Sutton,WR,WR,,DEN,2025,20,POST,,,,,,,,,,,,,,,,,,,,,,,,,,4.0,9.0,53.0,0.0,,,,,,,,,,,,,,
00-0034775,C.Kirk,Christian Kirk,WR,WR,,HOU,2025,20,POST,,,,,,,,,,,,,,,,,,,,,,,,,,2.0,6.0,20.0,1.0,,,,,,,,,,,,,,
00-0034827,D.Moore,DJ Moore,WR,WR,,CHI,2025,20,POST,,,,,,,,,,,,,,,,,,,,,,,,,,5.0,8.0,52.0,1.0,,,,,,,,,,,,,,
00-0034857,J.Allen,Josh Allen,QB,QB,,BUF,2025,20,POST,,25.0,39.0,283.0,3.0,2.0,,,,,,,,,,,,,,,,,,,,,,,,,,,,,,,,,,,,,
00-0034869,S.Darnold,Sam Darnold,QB,QB,,SEA,2025,20,POST,,12.0,17.0,124.0,1.0,0.0,,,,,,,,,,,,,,,,,,,,,,,,,,,,,,,,,,,,,
00-0035406,L.Humphrey,Lil'Jordan Humphrey,WR,WR,,DEN,2025,20,POST,,,,,,,,,,,,,,,,,,,,,,,,,,2.0,5.0,33.0,1.0,,,,,,,,,,,,,,
00-0035689,D.Knox,Dawson Knox,TE,TE,,BUF,2025,20,POST,,,,,,,,,,,,,,,,,,,,,,,,,,3.0,5.0,32.0,0.0,,,,,,,,,,,,,,
00-0036232,H.Bryant,Harrison Bryant,TE,TE,,HOU,2025,20,POST,,,,,,,,,,,,,,,,,,,,,,,,,,3.0,6.0,21.0,0.0,,,,,,,,,,,,,,
00-0036244,C.Parkinson,Colby Parkinson,TE,TE,,LAR,2025,20,POST,,,,,,,,,,,,,,,,,,,,,,,,,,3.0,7.0,56.0,0.0,,,,,,,,,,,,,,
00-0036259,J.Jennings,Jauan Jennings,WR,WR,,SF,2025,20,POST,,,,,,,,,,,,,,,,,,,,,,,,,,2.0,5.0,23.0,0.0,,,,,,,,,,,,,,
00-0036275,D.Swift,D'Andre Swift,RB,RB,,CHI,2025,20,POST,,,,,,,,,,,,,,,,,,19.0,76.0,0.0,,,,,,,,,,,,,,,,,,,,,,,
00-0036875,R.Stevenson,Rhamondre Stevenson,RB,RB,,NE,2025,20,POST,,,,,,,,,,,,,,,,,,16.0,70.0,0.0,,,,,,,,,,,,,,,,,,,,,,,
00-0037112,J.Tonges,Jake Tonges,TE,TE,,SF,2025,20,POST,,,,,,,,,,,,,,,,,,,,,,,,,,5.0,6.0,59.0,0.0,,,,,,,,,,,,,,
00-0037248,J.Cook,James Cook,RB,RB,,BUF,2025,20,POST,,,,,,,,,,,,,,,,,,24.0,117.0,0.0,,,,,,,,,,,,,,,,,,,,,,,
00-0037261,K.Shakir,Khalil Shakir,WR,WR,,BUF,2025,20,POST,,,,,,,,,,,,,,,,,,,,,,,,,,7.0,9.0,75.0,0.0,,,,,,,,,,,,,,
00-0037834,B.Purdy,Brock Purdy,QB,QB,,SF,2025,20,POST,,15.0,27.0,140.0,0.0,1.0,,,,,,,,,,,,,,,,,,,,,,,,,,,,,,,,,,,,,
00-0037840,K.Williams,Kyren Williams,RB,RB,,LAR,2025,20,POST,,,,,,,,,,,,,,,,,,21.0,87.0,2.0,,,,,,,,,,,,,,,,,,,,,,,
00-0038134,K.Walker,Kenneth Walker III,RB,RB,,SEA,2025,20,POST,,,,,,,,,,,,,,,,,,19.0,116.0,3.0,,,,,,,,,,,,,,,,,,,,,,,
00-0038608,K.Boutte,Kayshon Boutte,WR,WR,,NE,2025,20,POST,,,,,,,,,,,,,,,,,,,,,,,,,,3.0,5.0,75.0,1.0,,,,,,,,,,,,,,
00-0038618,X.Hutchinson,Xavier Hutchinson,WR,WR,,HOU,2025,20,POST,,,,,,,,,,,,,,,,,,,,,,,,,,4.0,13.0,44.0,0.0,,,,,,,,,,,,,,
00-0038933,D.Kincaid,Dalton Kincaid,TE,TE,,BUF,2025,20,POST,,,,,,,,,,,,,,,,,,,,,,,,,,6.0,6.0,83.0,1.0,,,,,,,,,,,,,,
00-0038976,M.Mims,Marvin Mims Jr.,WR,WR,,DEN,2025,20,POST,,,,,,,,,,,,,,,,,,,,,,,,,,8.0,8.0,93.0,1.0,,,,,,,,,,,,,,
00-0039075,P.Nacua,Puka Nacua,WR,WR,,LAR,2025,20,POST,,,,,,,,,,,,,,,,,,,,,,,,,,5.0,10.0,56.0,0.0,,,,,,,,,,,,,,
00-0039163,C.Stroud,C.J. Stroud,QB,QB,,HOU,2025,20,POST,,20.0,47.0,212.0,1.0,4.0,,,,,,,,,,,,,,,,,,,,,,,,,,,,,,,,,,,,,
00-0039732,B.Nix,Bo Nix,QB,QB,,DEN,2025,20,POST,,26.0,46.0,279.0,3.0,1.0,,,,,,,,,,,,,,,,,,,,,,,,,,,,,,,,,,,,,
00-0039851,D.Maye,Drake Maye,QB,QB,,NE,2025,20,POST,,16.0,27.0,179.0,3.0,1.0,,,,,,,,,,,,,,,,,,,,,,,,,,,,,,,,,,,,,
00-0039918,C.Williams,Caleb Williams,QB,QB,,CHI,2025,20,POST,,23.0,42.0,257.0,2.0,3.0,,,,,,,,,,,,,,,,,,,,,,,,,,,,,,,,,,,,,
00-0039919,R.Odunze,Rome Odunze,WR,WR,,CHI,2025,20,POST,,,,,,,,,,,,,,,,,,,,,,,,,,2.0,6.0,44.0,0.0,,,,,,,,,,,,,,
00-0040126,C.Loveland,Colston Loveland,TE,TE,,CHI,2025,20,POST,,,,,,,,,,,,,,,,,,,,,,,,,,4.0,10.0,56.0,0.0,,,,,,,,,,,,,,
00-0040130,J.Higgins,Jayden Higgins,WR,WR,,HOU,2025,20,POST,,,,,,,,,,,,,,,,,,,,,,,,,,6.0,10.0,59.0,0.0,,,,,,,,,,,,,,
00-0040236,K.Monangai,Kyle Monangai,RB,RB,,CHI,2025,20,POST,,,,,,,,,,,,,,,,,,13.0,36.0,0.0,,,,,,,,,,,,,,,,,,,,,,,
00-0040583,W.Marks,Woody Marks,RB,RB,,HOU,2025,20,POST,,,,,,,,,,,,,,,,,,14.0,17.0,0.0,,,,,,,,,,,,,,,,,,,,,,,
00-0040734,T.Henderson,TreVeyon Henderson,RB,RB,,NE,2025,20,POST,,,,,,,,,,,,,,,,,,12.0,25.0,0.0,,,,,,,,,,,,,,,,,,,,,,,
00-0040735,L.Burden,Luther Burden III,WR,WR,,CHI,2025,20,POST,,,,,,,,,,,,,,,,,,,,,,,,,,3.0,7.0,24.0,0.0,,,,,,,,,,,,,,
00-0040737,T.Ferguson,Terrance Ferguson,TE,TE,,LAR,2025,20,POST,,,,,,,,,,,,,,,,,,,,,,,,,,1.0,5.0,19.0,0.0,,,,,,,,,,,,,,
00-0023459,A.Rodgers,Aaron Rodgers,QB,QB,,PIT,2025,0,REG,,327.0,498.0,3322.0,24.0,7.0,,,,,,,,,,,,,,,,,,,,,,,,,,,,,,,,,,,,,
00-0026158,J.Flacco,Joe Flacco,QB,QB,,CIN,2025,0,REG,,251.0,416.0,2479.0,15.0,10.0,,,,,,,,,,,,,,,,,,,,,,,,,,,,,,,,,,,,,
00-0026498,M.Stafford,Matthew Stafford,QB,QB,,LAR,2025,0,REG,,388.0,597.0,4707.0,46.0,8.0,,,,,,,,,,,,,,,,,,,,,,,,,,,,,,,,,,,,,
00-0029604,K.Cousins,Kirk Cousins,QB,QB,,ATL,2025,0,REG,,166.0,269.0,1721.0,10.0,5.0,,,,,,,,,,,,,,,,,,,,,,,,,,,,,,,,,,,,,
00-0030061,Z.Ertz,Zach Ertz,TE,TE,,WAS,2025,0,REG,,,,,,,,,,,,,,,,,,,,,,,,,,50.0,72.0,504.0,4.0,,,,,,,,,,,,,,
00-0030279,K.Allen,Keenan Allen,WR,WR,,LAC,2025,0,REG,,,,,,,,,,,,,,,,,,,,,,,,,,81.0,122.0,777.0,4.0,,,,,,,,,,,,,,
00-0030506,T.Kelce,Travis Kelce,TE,TE,,KC,2025,0,REG,,,,,,,,,,,,,,,,,,,,,,,,,,76.0,108.0,851.0,5.0,,,,,,,,,,,,,,
00-0030565,G.Smith,Geno Smith,QB,QB,,LV,2025,0,REG,,302.0,448.0,3025.0,19.0,17.0,,,,,,,,,,,,,,,,,,,,,,,,,,,,,,,,,,,,,
00-0031381,D.Adams,Davante Adams,WR,WR,,LAR,2025,0,REG,,,,,,,,,,,,,,,,,,,,,,,,,,60.0,114.0,789.0,14.0,,,,,,,,,,,,,,
00-0031408,M.Evans,Mike Evans,WR,WR,,TB,2025,0,REG,,,,,,,,,,,,,,,,,,,,,,,,,,30.0,62.0,368.0,3.0,,,,,,,,,,,,,,
00-0031588,S.Diggs,Stefon Diggs,WR,WR,,NE,2025,0,REG,,,,,,,,,,,,,,,,,,,,,,,,,,85.0,102.0,1013.0,4.0,,,,,,,,,,,,,,
00-0032211,T.Lockett,Tyler Lockett,WR,WR,,LV,2025,0,REG,,,,,,,,,,,,,,,,,,,,,,,,,,32.0,55.0,291.0,1.0,,,,,,,,,,,,,,
00-0032268,M.Mariota,Marcus Mariota,QB,QB,,WAS,2025,0,REG,,139.0,227.0,1695.0,10.0,7.0,,,,,,,,,,,,,,,,,,,,,,,,,,,,,,,,,,,,,
00-0032385,S.Shepard,Sterling Shepard,WR,WR,,TB,2025,0,REG,,,,,,,,,,,,,,,,,,,,,,,,,,39.0,53.0,371.0,1.0,,,,,,,,,,,,,,
00-0032764,D.Henry,Derrick Henry,RB,RB,,BAL,2025,0,REG,,,,,,,,,,,,,,,,,,307.0,1595.0,16.0,,,,,,,,,,,,,,,,,,,,,,,
00-0032950,C.Wentz,Carson Wentz,QB,QB,,MIN,2025,0,REG,,110.0,169.0,1216.0,6.0,5.0,,,,,,,,,,,,,,,,,,,,,,,,,,,,,,,,,,,,,
00-0033077,D.Prescott,Dak Prescott,QB,QB,,DAL,2025,0,REG,,404.0,600.0,4552.0,30.0,10.0,,,,,,,,,,,,,,,,,,,,,,,,,,,,,,,,,,,,,
00-0033090,H.Henry,Hunter Henry,TE,TE,,NE,2025,0,REG,,,,,,,,,,,,,,,,,,,,,,,,,,60.0,87.0,768.0,7.0,,,,,,,,,,,,,,
00-0033106,J.Goff,Jared Goff,QB,QB,,DET,2025,0,REG,,393.0,578.0,4564.0,34.0,8.0,,,,,,,,,,,,,,,,,,,,,,,,,,,,,,,,,,,,,
00-0033119,J.Brissett,Jacoby Brissett,QB,QB,,ARI,2025,0,REG,,315.0,485.0,3366.0,23.0,8.0,,,,,,,,,,,,,,,,,,,,,,,,,,,,,,,,,,,,,
00-0033280,C.McCaffrey,Christian McCaffrey,RB,RB,,SF,2025,0,REG,,,,,,,,,,,,,,,,,,311.0,1202.0,10.0,,,,,,,,,,,,,,,,,,,,,,,
00-0033288,G.Kittle,George Kittle,TE,TE,,SF,2025,0,REG,,,,,,,,,,,,,,,,,,,,,,,,,,57.0,69.0,628.0,7.0,,,,,,,,,,,,,,
00-0033293,A.Jones,Aaron Jones,RB,RB,,MIN,2025,0,REG,,,,,,,,,,,,,,,,,,132.0,548.0,2.0,,,,,,,,,,,,,,,,,,,,,,,
00-0033307,K.Bourne,Kendrick Bourne,WR,WR,,SF,2025,0,REG,,,,,,,,,,,,,,,,,,,,,,,,,,37.0,53.0,551.0,0.0,,,,,,,,,,,,,,
00-0033555,M.Hollins,Mack Hollins,WR,WR,,NE,2025,0,REG,,,,,,,,,,,,,,,,,,,,,,,,,,46.0,65.0,550.0,2.0,,,,,,,,,,,,,,
00-0033857,J.Smith-Schuster,JuJu Smith-Schuster,WR,WR,,KC,2025,0,REG,,,,,,,,,,,,,,,,,,,,,,,,,,33.0,45.0,345.0,1.0,,,,,,,,,,,,,,
00-0033858,J.Smith,Jonnu Smith,TE,TE,,PIT,2025,0,REG,,,,,,,,,,,,,,,,,,,,,,,,,,38.0,54.0,222.0,2.0,,,,,,,,,,,,,,
00-0033873,P.Mahomes,Patrick Mahomes,QB,QB,,KC,2025,0,REG,,315.0,502.0,3587.0,22.0,11.0,,,,,,,,,,,,,,,,,,,,,,,,,,,,,,,,,,,,,
00-0033881,E.Engram,Evan Engram,TE,TE,,DEN,2025,0,REG,,,,,,,,,,,,,,,,,,,,,,,,,,50.0,76.0,461.0,1.0,,,,,,,,,,,,,,
00-0033885,D.Njoku,David Njoku,TE,TE,,CLE,2025,0,REG,,,,,,,,,,,,,,,,,,,,,,,,,,33.0,48.0,293.0,4.0,,,,,,,,,,,,,,
00-0033906,A.Kamara,Alvin Kamara,RB,RB,,NO,2025,0,REG,,,,,,,,,,,,,,,,,,131.0,471.0,1.0,,,,,,,,,,,,,,,,,,,,,,,
00-0033908,C.Kupp,Cooper Kupp,WR,WR,,SEA,2025,0,REG,,,,,,,,,,,,,,,,,,,,,,,,,,47.0,70.0,593.0,2.0,,,,,,,,,,,,,,
00-0033921,C.Godwin,Chris Godwin,WR,WR,,TB,2025,0,REG,,,,,,,,,,,,,,,,,,,,,,,,,,33.0,51.0,360.0,2.0,,,,,,,,,,,,,,
00-0033923,K.Hunt,Kareem Hunt,RB,RB,,KC,2025,0,REG,,,,,,,,,,,,,,,,,,163.0,611.0,8.0,,,,,,,,,,,,,,,,,,,,,,,
00-0034348,C.Sutton,Courtland Sutton,WR,WR,,DEN,2025,0,REG,,,,,,,,,,,,,,,,,,,,,,,,,,74.0,124.0,1017.0,7.0,,,,,,,,,,,,,,
00-0034351,D.Goedert,Dallas Goedert,TE,TE,,PHI,2025,0,REG,,,,,,,,,,,,,,,,,,,,,,,,,,60.0,82.0,591.0,11.0,,,,,,,,,,,,,,
00-0034383,D.Schultz,Dalton Schultz,TE,TE,,HOU,2025,0,REG,,,,,,,,,,,,,,,,,,,,,,,,,,82.0,106.0,777.0,3.0,,,,,,,,,,,,,,
00-0034753,M.Andrews,Mark Andrews,TE,TE,,BAL,2025,0,REG,,,,,,,,,,,,,,,,,,,,,,,,,,48.0,70.0,422.0,5.0,,,,,,,,,,,,,,
00-0034775,C.Kirk,Christian Kirk,WR,WR,,HOU,2025,0,REG,,,,,,,,,,,,,,,,,,,,,,,,,,28.0,52.0,239.0,1.0,,,,,,,,,,,,,,
00-0034791,N.Chubb,Nick Chubb,RB,RB,,HOU,2025,0,REG,,,,,,,,,,,,,,,,,,122.0,506.0,3.0,,,,,,,,,,,,,,,,,,,,,,,
00-0034796,L.Jackson,Lamar Jackson,QB,QB,,BAL,2025,0,REG,,192.0,302.0,2549.0,21.0,7.0,,,,,,,,,,,,,,,,,,,,,,,,,,,,,,,,,,,,,
00-0034827,D.Moore,D.J. Moore,WR,WR,,CHI,2025,0,REG,,,,,,,,,,,,,,,,,,,,,,,,,,50.0,85.0,667.0,6.0,,,,,,,,,,,,,,
00-0034844,S.Barkley,Saquon Barkley,RB,RB,,PHI,2025,0,REG,,,,,,,,,,,,,,,,,,280.0,1140.0,7.0,,,,,,,,,,,,,,,,,,,,,,,
00-0034855,B.Mayfield,Baker Mayfield,QB,QB,,TB,2025,0,REG,,343.0,543.0,3693.0,26.0,11.0,,,,,,,,,,,,,,,,,,,,,,,,,,,,,,,,,,,,,
00-0034857,J.Allen,Josh Allen,QB,QB,,BUF,2025,0,REG,,319.0,460.0,3668.0,25.0,10.0,,,,,,,,,,,,,,,,,,,,,,,,,,,,,,,,,,,,,
00-0034869,S.Darnold,Sam Darnold,QB,QB,,SEA,2025,0,REG,,323.0,477.0,4048.0,25.0,14.0,,,,,,,,,,,,,,,,,,,,,,,,,,,,,,,,,,,,,
00-0034960,J.Meyers,Jakobi Meyers,WR,WR,,JAX,2025,0,REG,,,,,,,,,,,,,,,,,,,,,,,,,,75.0,110.0,835.0,3.0,,,,,,,,,,,,,,
00-0035208,O.Zaccheaus,Olamide Zaccheaus,WR,WR,,CHI,2025,0,REG,,,,,,,,,,,,,,,,,,,,,,,,,,39.0,65.0,313.0,2.0,,,,,,,,,,,,,,
00-0035228,K.Murray,Kyler Murray,QB,QB,,ARI,2025,0,REG,,110.0,161.0,962.0,6.0,3.0,,,,,,,,,,,,,,,,,,,,,,,,,,,,,,,,,,,,,
00-0035229,T.Hockenson,T.J. Hockenson,TE,TE,,MIN,2025,0,REG,,,,,,,,,,,,,,,,,,,,,,,,,,51.0,66.0,438.0,3.0,,,,,,,,,,,,,,
00-0035250,D.Singletary,Devin Singletary,RB,RB,,NYG,2025,0,REG,,,,,,,,,,,,,,,,,,119.0,437.0,5.0,,,,,,,,,,,,,,,,,,,,,,,
00-0035261,T.Pollard,Tony Pollard,RB,RB,,TEN,2025,0,REG,,,,,,,,,,,,,,,,,,242.0,1082.0,5.0,,,,,,,,,,,,,,,,,,,,,,,
00-0035535,D.Slayton,Darius Slayton,WR,WR,,NYG,2025,0,REG,,,,,,,,,,,,,,,,,,,,,,,,,,37.0,63.0,538.0,1.0,,,,,,,,,,,,,,
00-0035640,D.Metcalf,DK Metcalf,WR,WR,,PIT,2025,0,REG,,,,,,,,,,,,,,,,,,,,,,,,,,59.0,99.0,850.0,6.0,,,,,,,,,,,,,,
00-0035659,T.McLaurin,Terry McLaurin,WR,WR,,WAS,2025,0,REG,,,,,,,,,,,,,,,,,,,,,,,,,,38.0,60.0,582.0,3.0,,,,,,,,,,,,,,
00-0035662,M.Brown,Marquise Brown,WR,WR,,KC,2025,0,REG,,,,,,,,,,,,,,,,,,,,,,,,,,49.0,74.0,587.0,5.0,,,,,,,,,,,,,,
00-0035676,A.Brown,A.J. Brown,WR,WR,,PHI,2025,0,REG,,,,,,,,,,,,,,,,,,,,,,,,,,78.0,121.0,1003.0,7.0,,,,,,,,,,,,,,
00-0035685,D.Montgomery,David Montgomery,RB,RB,,DET,2025,0,REG,,,,,,,,,,,,,,,,,,158.0,716.0,8.0,,,,,,,,,,,,,,,,,,,,,,,
00-0035689,D.Knox,Dawson Knox,TE,TE,,BUF,2025,0,REG,,,,,,,,,,,,,,,,,,,,,,,,,,36.0,49.0,417.0,4.0,,,,,,,,,,,,,,
00-0035700,J.Jacobs,Josh Jacobs,RB,RB,,GB,2025,0,REG,,,,,,,,,,,,,,,,,,234.0,929.0,13.0,,,,,,,,,,,,,,,,,,,,,,,
00-0035710,D.Jones,Daniel Jones,QB,QB,,IND,2025,0,REG,,261.0,384.0,3101.0,19.0,8.0,,,,,,,,,,,,,,,,,,,,,,,,,,,,,,,,,,,,,
00-0035719,D.Samuel,Deebo Samuel,WR,WR,,WAS,2025,0,REG,,,,,,,,,,,,,,,,,,,,,,,,,,72.0,99.0,727.0,5.0,,,,,,,,,,,,,,
00-0036040,J.Johnson,Juwan Johnson,TE,TE,,NO,2025,0,REG,,,,,,,,,,,,,,,,,,,,,,,,,,77.0,102.0,889.0,3.0,,,,,,,,,,,,,,
00-0036139,R.Dowdle,Rico Dowdle,RB,RB,,CAR,2025,0,REG,,,,,,,,,,,,,,,,,,236.0,1076.0,6.0,,,,,,,,,,,,,,,,,,,,,,,
00-0036158,J.Dobbins,J.K. Dobbins,RB,RB,,DEN,2025,0,REG,,,,,,,,,,,,,,,,,,153.0,772.0,4.0,,,,,,,,,,,,,,,,,,,,,,,
00-0036212,T.Tagovailoa,Tua Tagovailoa,QB,QB,,MIA,2025,0,REG,,260.0,384.0,2660.0,20.0,15.0,,,,,,,,,,,,,,,,,,,,,,,,,,,,,,,,,,,,,
00-0036223,J.Taylor,Jonathan Taylor,RB,RB,,IND,2025,0,REG,,,,,,,,,,,,,,,,,,323.0,1585.0,18.0,,,,,,,,,,,,,,,,,,,,,,,
00-0036244,C.Parkinson,Colby Parkinson,TE,TE,,LAR,2025,0,REG,,,,,,,,,,,,,,,,,,,,,,,,,,43.0,56.0,408.0,8.0,,,,,,,,,,,,,,
00-0036252,M.Pittman,Michael Pittman,WR,WR,,IND,2025,0,REG,,,,,,,,,,,,,,,,,,,,,,,,,,80.0,111.0,793.0,7.0,,,,,,,,,,,,,,
00-0036259,J.Jennings,Jauan Jennings,WR,WR,,SF,2025,0,REG,,,,,,,,,,,,,,,,,,,,,,,,,,55.0,90.0,643.0,9.0,,,,,,,,,,,,,,
00-0036264,J.Love,Jordan Love,QB,QB,,GB,2025,0,REG,,291.0,439.0,3381.0,23.0,6.0,,,,,,,,,,,,,,,,,,,,,,,,,,,,,,,,,,,,,
00-0036275,D.Swift,D'Andre Swift,RB,RB,,CHI,2025,0,REG,,,,,,,,,,,,,,,,,,223.0,1087.0,9.0,,,,,,,,,,,,,,,,,,,,,,,
00-0036290,C.Kmet,Cole Kmet,TE,TE,,CHI,2025,0,REG,,,,,,,,,,,,,,,,,,,,,,,,,,30.0,48.0,347.0,2.0,,,,,,,,,,,,,,
00-0036309,D.Mooney,Darnell Mooney,WR,WR,,ATL,2025,0,REG,,,,,,,,,,,,,,,,,,,,,,,,,,32.0,72.0,443.0,1.0,,,,,,,,,,,,,,
00-0036322,J.Jefferson,Justin Jefferson,WR,WR,,MIN,2025,0,REG,,,,,,,,,,,,,,,,,,,,,,,,,,84.0,141.0,1048.0,2.0,,,,,,,,,,,,,,
00-0036355,J.Herbert,Justin Herbert,QB,QB,,LAC,2025,0,REG,,340.0,512.0,3727.0,26.0,13.0,,,,,,,,,,,,,,,,,,,,,,,,,,,,,,,,,,,,,
00-0036358,C.Lamb,CeeDee Lamb,WR,WR,,DAL,2025,0,REG,,,,,,,,,,,,,,,,,,,,,,,,,,75.0,117.0,1077.0,3.0,,,,,,,,,,,,,,
00-0036389,J.Hurts,Jalen Hurts,QB,QB,,PHI,2025,0,REG,,294.0,454.0,3224.0,25.0,6.0,,,,,,,,,,,,,,,,,,,,,,,,,,,,,,,,,,,,,
00-0036407,J.Jeudy,Jerry Jeudy,WR,WR,,CLE,2025,0,REG,,,,,,,,,,,,,,,,,,,,,,,,,,50.0,106.0,602.0,2.0,,,,,,,,,,,,,,
00-0036410,T.Higgins,Tee Higgins,WR,WR,,CIN,2025,0,REG,,,,,,,,,,,,,,,,,,,,,,,,,,59.0,98.0,846.0,11.0,,,,,,,,,,,,,,
00-0036415,V.Jefferson,Van Jefferson,WR,WR,,TEN,2025,0,REG,,,,,,,,,,,,,,,,,,,,,,,,,,29.0,52.0,350.0,1.0,,,,,,,,,,,,,,
00-0036442,J.Burrow,Joe Burrow,QB,QB,,CIN,2025,0,REG,,173.0,259.0,1809.0,17.0,5.0,,,,,,,,,,,,,,,,,,,,,,,,,,,,,,,,,,,,,
00-0036554,N.Collins,Nico Collins,WR,WR,,HOU,2025,0,REG,,,,,,,,,,,,,,,,,,,,,,,,,,71.0,120.0,1117.0,6.0,,,,,,,,,,,,,,
00-0036555,C.Hubbard,Chuba Hubbard,RB,RB,,CAR,2025,0,REG,,,,,,,,,,,,,,,,,,134.0,511.0,1.0,,,,,,,,,,,,,,,,,,,,,,,
00-0036613,J.Waddle,Jaylen Waddle,WR,WR,,MIA,2025,0,REG,,,,,,,,,,,,,,,,,,,,,,,,,,64.0,100.0,910.0,6.0,,,,,,,,,,,,,,
00-0036875,R.Stevenson,Rhamondre Stevenson,RB,RB,,NE,2025,0,REG,,,,,,,,,,,,,,,,,,130.0,603.0,7.0,,,,,,,,,,,,,,,,,,,,,,,
00-0036894,P.Freiermuth,Pat Freiermuth,TE,TE,,PIT,2025,0,REG,,,,,,,,,,,,,,,,,,,,,,,,,,41.0,54.0,486.0,4.0,,,,,,,,,,,,,,
00-0036898,D.Mills,Davis Mills,QB,QB,,HOU,2025,0,REG,,91.0,159.0,915.0,5.0,1.0,,,,,,,,,,,,,,,,,,,,,,,,,,,,,,,,,,,,,
00-0036900,J.Chase,Ja'Marr Chase,WR,WR,,CIN,2025,0,REG,,,,,,,,,,,,,,,,,,,,,,,,,,125.0,185.0,1412.0,8.0,,,,,,,,,,,,,,
00-0036912,D.Smith,DeVonta Smith,WR,WR,,PHI,2025,0,REG,,,,,,,,,,,,,,,,,,,,,,,,,,77.0,113.0,1008.0,4.0,,,,,,,,,,,,,,
00-0036919,K.Gainwell,Kenneth Gainwell,RB,RB,,PIT,2025,0,REG,,,,,,,,,,,,,,,,,,114.0,537.0,5.0,,,,,,,,,,,,,,,,,,,,,,,
00-0036924,M.Carter,Michael Carter,RB,RB,,ARI,2025,0,REG,,,,,,,,,,,,,,,,,,92.0,333.0,1.0,,,,,,,,,,,,,,,,,,,,,,,
00-0036945,J.Fields,Justin Fields,QB,QB,,NYJ,2025,0,REG,,128.0,204.0,1259.0,7.0,1.0,,,,,,,,,,,,,,,,,,,,,,,,,,,,,,,,,,,,,
00-0036963,A.St. Brown,Amon-Ra St. Brown,WR,WR,,DET,2025,0,REG,,,,,,,,,,,,,,,,,,,,,,,,,,117.0,172.0,1401.0,11.0,,,,,,,,,,,,,,
00-0036970,K.Pitts,Kyle Pitts,TE,TE,,ATL,2025,0,REG,,,,,,,,,,,,,,,,,,,,,,,,,,88.0,118.0,928.0,5.0,,,,,,,,,,,,,,
00-0036971,T.Lawrence,Trevor Lawrence,QB,QB,,JAX,2025,0,REG,,341.0,560.0,4007.0,29.0,12.0,,,,,,,,,,,,,,,,,,,,,,,,,,,,,,,,,,,,,
00-0036972,M.Jones,Mac Jones,QB,QB,,SF,2025,0,REG,,201.0,289.0,2151.0,13.0,6.0,,,,,,,,,,,,,,,,,,,,,,,,,,,,,,,,,,,,,
00-0036973,T.Etienne,Travis Etienne,RB,RB,,JAX,2025,0,REG,,,,,,,,,,,,,,,,,,260.0,1107.0,7.0,,,,,,,,,,,,,,,,,,,,,,,
00-0036997,J.Williams,Javonte Williams,RB,RB,,DAL,2025,0,REG,,,,,,,,,,,,,,,,,,252.0,1201.0,11.0,,,,,,,,,,,,,,,,,,,,,,,
00-0037112,J.Tonges,Jake Tonges,TE,TE,,SF,2025,0,REG,,,,,,,,,,,,,,,,,,,,,,,,,,34.0,46.0,293.0,5.0,,,,,,,,,,,,,,
00-0037197,I.Pacheco,Isiah Pacheco,RB,RB,,KC,2025,0,REG,,,,,,,,,,,,,,,,,,118.0,462.0,1.0,,,,,,,,,,,,,,,,,,,,,,,
00-0037228,J.Warren,Jaylen Warren,RB,RB,,PIT,2025,0,REG,,,,,,,,,,,,,,,,,,211.0,958.0,6.0,,,,,,,,,,,,,,,,,,,,,,,
00-0037238,D.London,Drake London,WR,WR,,ATL,2025,0,REG,,,,,,,,,,,,,,,,,,,,,,,,,,68.0,112.0,919.0,7.0,,,,,,,,,,,,,,
00-0037239,C.Olave,Chris Olave,WR,WR,,NO,2025,0,REG,,,,,,,,,,,,,,,,,,,,,,,,,,100.0,156.0,1163.0,9.0,,,,,,,,,,,,,,
00-0037240,J.Williams,Jameson Williams,WR,WR,,DET,2025,0,REG,,,,,,,,,,,,,,,,,,,,,,,,,,65.0,102.0,1109.0,7.0,,,,,,,,,,,,,,
00-0037247,G.Pickens,George Pickens,WR,WR,,DAL,2025,0,REG,,,,,,,,,,,,,,,,,,,,,,,,,,93.0,137.0,1429.0,9.0,,,,,,,,,,,,,,
00-0037248,J.Cook,James Cook,RB,RB,,BUF,2025,0,REG,,,,,,,,,,,,,,,,,,309.0,1621.0,12.0,,,,,,,,,,,,,,,,,,,,,,,
00-0037256,R.White,Rachaad White,RB,RB,,TB,2025,0,REG,,,,,,,,,,,,,,,,,,132.0,572.0,4.0,,,,,,,,,,,,,,,,,,,,,,,
00-0037261,K.Shakir,Khalil Shakir,WR,WR,,BUF,2025,0,REG,,,,,,,,,,,,,,,,,,,,,,,,,,72.0,95.0,686.0,4.0,,,,,,,,,,,,,,
00-0037263,T.Allgeier,Tyler Allgeier,RB,RB,,ATL,2025,0,REG,,,,,,,,,,,,,,,,,,143.0,514.0,8.0,,,,,,,,,,,,,,,,,,,,,,,
00-0037291,J.Nailor,Jalen Nailor,WR,WR,,MIN,2025,0,REG,,,,,,,,,,,,,,,,,,,,,,,,,,29.0,53.0,444.0,4.0,,,,,,,,,,,,,,
00-0037525,J.Mason,Jordan Mason,RB,RB,,MIN,2025,0,REG,,,,,,,,,,,,,,,,,,159.0,758.0,6.0,,,,,,,,,,,,,,,,,,,,,,,
00-0037545,R.Shaheed,Rashid Shaheed,WR,WR,,SEA,2025,0,REG,,,,,,,,,,,,,,,,,,,,,,,,,,59.0,92.0,687.0,2.0,,,,,,,,,,,,,,
00-0037614,J.Metchie,John Metchie,WR,WR,,NYJ,2025,0,REG,,,,,,,,,,,,,,,,,,,,,,,,,,33.0,48.0,274.0,2.0,,,,,,,,,,,,,,
00-0037664,A.Pierce,Alec Pierce,WR,WR,,IND,2025,0,REG,,,,,,,,,,,,,,,,,,,,,,,,,,47.0,84.0,1003.0,6.0,,,,,,,,,,,,,,
00-0037740,G.Wilson,Garrett Wilson,WR,WR,,NYJ,2025,0,REG,,,,,,,,,,,,,,,,,,,,,,,,,,36.0,59.0,395.0,4.0,,,,,,,,,,,,,,
00-0037744,T.McBride,Trey McBride,TE,TE,,ARI,2025,0,REG,,,,,,,,,,,,,,,,,,,,,,,,,,126.0,169.0,1239.0,11.0,,,,,,,,,,,,,,
00-0037746,B.Robinson,Brian Robinson,RB,RB,,SF,2025,0,REG,,,,,,,,,,,,,,,,,,92.0,400.0,2.0,,,,,,,,,,,,,,,,,,,,,,,
00-0037809,C.Okonkwo,Chigoziem Okonkwo,TE,TE,,TEN,2025,0,REG,,,,,,,,,,,,,,,,,,,,,,,,,,56.0,79.0,560.0,2.0,,,,,,,,,,,,,,
00-0037816,R.Doubs,Romeo Doubs,WR,WR,,GB,2025,0,REG,,,,,,,,,,,,,,,,,,,,,,,,,,55.0,85.0,724.0,6.0,,,,,,,,,,,,,,
00-0037834,B.Purdy,Brock Purdy,QB,QB,,SF,2025,0,REG,,197.0,284.0,2167.0,20.0,10.0,,,,,,,,,,,,,,,,,,,,,,,,,,,,,,,,,,,,,
00-0037837,C.Austin,Calvin Austin,WR,WR,,PIT,2025,0,REG,,,,,,,,,,,,,,,,,,,,,,,,,,31.0,55.0,372.0,3.0,,,,,,,,,,,,,,
00-0037840,K.Williams,Kyren Williams,RB,RB,,LAR,2025,0,REG,,,,,,,,,,,,,,,,,,259.0,1252.0,10.0,,,,,,,,,,,,,,,,,,,,,,,
00-0038041,J.Ferguson,Jake Ferguson,TE,TE,,DAL,2025,0,REG,,,,,,,,,,,,,,,,,,,,,,,,,,82.0,102.0,600.0,8.0,,,,,,,,,,,,,,
00-0038117,W.Robinson,Wan'Dale Robinson,WR,WR,,NYG,2025,0,REG,,,,,,,,,,,,,,,,,,,,,,,,,,92.0,140.0,1014.0,4.0,,,,,,,,,,,,,,
00-0038120,B.Hall,Breece Hall,RB,RB,,NYJ,2025,0,REG,,,,,,,,,,,,,,,,,,242.0,1064.0,4.0,,,,,,,,,,,,,,,,,,,,,,,
00-0038124,C.Watson,Christian Watson,WR,WR,,GB,2025,0,REG,,,,,,,,,,,,,,,,,,,,,,,,,,35.0,55.0,611.0,6.0,,,,,,,,,,,,,,
00-0038129,C.Otton,Cade Otton,TE,TE,,TB,2025,0,REG,,,,,,,,,,,,,,,,,,,,,,,,,,59.0,81.0,572.0,1.0,,,,,,,,,,,,,,
00-0038134,K.Walker,Kenneth Walker III,RB,RB,,SEA,2025,0,REG,,,,,,,,,,,,,,,,,,221.0,1027.0,5.0,,,,,,,,,,,,,,,,,,,,,,,
00-0038393,D.Wicks,Dontayvion Wicks,WR,WR,,GB,2025,0,REG,,,,,,,,,,,,,,,,,,,,,,,,,,30.0,46.0,332.0,2.0,,,,,,,,,,,,,,
00-0038542,B.Robinson,Bijan Robinson,RB,RB,,ATL,2025,0,REG,,,,,,,,,,,,,,,,,,287.0,1478.0,7.0,,,,,,,,,,,,,,,,,,,,,,,
00-0038543,J.Smith-Njigba,Jaxon Smith-Njigba,WR,WR,,SEA,2025,0,REG,,,,,,,,,,,,,,,,,,,,,,,,,,119.0,163.0,1793.0,10.0,,,,,,,,,,,,,,
00-0038544,Q.Johnston,Quentin Johnston,WR,WR,,LAC,2025,0,REG,,,,,,,,,,,,,,,,,,,,,,,,,,51.0,84.0,735.0,8.0,,,,,,,,,,,,,,
00-0038559,M.Wilson,Michael Wilson,WR,WR,,ARI,2025,0,REG,,,,,,,,,,,,,,,,,,,,,,,,,,78.0,126.0,1006.0,7.0,,,,,,,,,,,,,,
00-0038563,T.Tucker,Tre Tucker,WR,WR,,LV,2025,0,REG,,,,,,,,,,,,,,,,,,,,,,,,,,57.0,92.0,696.0,5.0,,,,,,,,,,,,,,
00-0038597,C.Brown,Chase Brown,RB,RB,,CIN,2025,0,REG,,,,,,,,,,,,,,,,,,232.0,1019.0,6.0,,,,,,,,,,,,,,,,,,,,,,,
00-0038606,P.Washington,Parker Washington,WR,WR,,JAX,2025,0,REG,,,,,,,,,,,,,,,,,,,,,,,,,,58.0,95.0,847.0,5.0,,,,,,,,,,,,,,
00-0038608,K.Boutte,Kayshon Boutte,WR,WR,,NE,2025,0,REG,,,,,,,,,,,,,,,,,,,,,,,,,,33.0,46.0,551.0,6.0,,,,,,,,,,,,,,
00-0038611,C.Rodriguez,Chris Rodriguez,RB,RB,,WAS,2025,0,REG,,,,,,,,,,,,,,,,,,112.0,500.0,6.0,,,,,,,,,,,,,,,,,,,,,,,
00-0038618,X.Hutchinson,Xavier Hutchinson,WR,WR,,HOU,2025,0,REG,,,,,,,,,,,,,,,,,,,,,,,,,,35.0,57.0,428.0,3.0,,,,,,,,,,,,,,
00-0038619,A.Iosivas,Andrei Iosivas,WR,WR,,CIN,2025,0,REG,,,,,,,,,,,,,,,,,,,,,,,,,,33.0,58.0,435.0,2.0,,,,,,,,,,,,,,
00-0038621,D.Douglas,DeMario Douglas,WR,WR,,NE,2025,0,REG,,,,,,,,,,,,,,,,,,,,,,,,,,31.0,46.0,447.0,3.0,,,,,,,,,,,,,,
00-0038797,E.Wilson,Emanuel Wilson,RB,RB,,GB,2025,0,REG,,,,,,,,,,,,,,,,,,125.0,496.0,3.0,,,,,,,,,,,,,,,,,,,,,,,
00-0038933,D.Kincaid,Dalton Kincaid,TE,TE,,BUF,2025,0,REG,,,,,,,,,,,,,,,,,,,,,,,,,,39.0,49.0,571.0,5.0,,,,,,,,,,,,,,
00-0038935,B.Strange,Brenton Strange,TE,TE,,JAX,2025,0,REG,,,,,,,,,,,,,,,,,,,,,,,,,,46.0,60.0,540.0,3.0,,,,,,,,,,,,,,
00-0038976,M.Mims,Marvin Mims Jr.,WR,WR,,DEN,2025,0,REG,,,,,,,,,,,,,,,,,,,,,,,,,,37.0,51.0,322.0,1.0,,,,,,,,,,,,,,
00-0038994,J.Addison,Jordan Addison,WR,WR,,MIN,2025,0,REG,,,,,,,,,,,,,,,,,,,,,,,,,,42.0,79.0,610.0,3.0,,,,,,,,,,,,,,
00-0038997,J.Downs,Josh Downs,WR,WR,,IND,2025,0,REG,,,,,,,,,,,,,,,,,,,,,,,,,,58.0,88.0,559.0,4.0,,,,,,,,,,,,,,
00-0039040,D.Achane,Devon Achane,RB,RB,,MIA,2025,0,REG,,,,,,,,,,,,,,,,,,238.0,1350.0,8.0,,,,,,,,,,,,,,,,,,,,,,,
00-0039064,Z.Flowers,Zay Flowers,WR,WR,,BAL,2025,0,REG,,,,,,,,,,,,,,,,,,,,,,,,,,86.0,118.0,1211.0,5.0,,,,,,,,,,,,,,
00-0039065,S.LaPorta,Sam LaPorta,TE,TE,,DET,2025,0,REG,,,,,,,,,,,,,,,,,,,,,,,,,,40.0,49.0,489.0,3.0,,,,,,,,,,,,,,
00-0039066,M.Mayer,Michael Mayer,TE,TE,,LV,2025,0,REG,,,,,,,,,,,,,,,,,,,,,,,,,,35.0,50.0,328.0,1.0,,,,,,,,,,,,,,
00-0039067,R.Rice,Rashee Rice,WR,WR,,KC,2025,0,REG,,,,,,,,,,,,,,,,,,,,,,,,,,53.0,78.0,571.0,5.0,,,,,,,,,,,,,,
00-0039075,P.Nacua,Puka Nacua,WR,WR,,LAR,2025,0,REG,,,,,,,,,,,,,,,,,,,,,,,,,,129.0,166.0,1715.0,10.0,,,,,,,,,,,,,,
00-0039139,J.Gibbs,Jahmyr Gibbs,RB,RB,,DET,2025,0,REG,,,,,,,,,,,,,,,,,,243.0,1223.0,13.0,,,,,,,,,,,,,,,,,,,,,,,
00-0039150,B.Young,Bryce Young,QB,QB,,CAR,2025,0,REG,,304.0,478.0,3011.0,23.0,11.0,,,,,,,,,,,,,,,,,,,,,,,,,,,,,,,,,,,,,
00-0039163,C.Stroud,C.J. Stroud,QB,QB,,HOU,2025,0,REG,,273.0,423.0,3041.0,19.0,8.0,,,,,,,,,,,,,,,,,,,,,,,,,,,,,,,,,,,,,
00-0039165,Z.Charbonnet,Zach Charbonnet,RB,RB,,SEA,2025,0,REG,,,,,,,,,,,,,,,,,,184.0,730.0,12.0,,,,,,,,,,,,,,,,,,,,,,,
00-0039338,B.Bowers,Brock Bowers,TE,TE,,LV,2025,0,REG,,,,,,,,,,,,,,,,,,,,,,,,,,64.0,86.0,680.0,7.0,,,,,,,,,,,,,,
00-0039342,X.Legette,Xavier Legette,WR,WR,,CAR,2025,0,REG,,,,,,,,,,,,,,,,,,,,,,,,,,35.0,64.0,363.0,3.0,,,,,,,,,,,,,,
00-0039361,B.Irving,Bucky Irving,RB,RB,,TB,2025,0,REG,,,,,,,,,,,,,,,,,,173.0,588.0,1.0,,,,,,,,,,,,,,,,,,,,,,,
00-0039376,S.Rattler,Spencer Rattler,QB,QB,,NO,2025,0,REG,,174.0,257.0,1586.0,8.0,5.0,,,,,,,,,,,,,,,,,,,,,,,,,,,,,,,,,,,,,
00-0039384,T.Tracy,Tyrone Tracy,RB,RB,,NYG,2025,0,REG,,,,,,,,,,,,,,,,,,176.0,740.0,2.0,,,,,,,,,,,,,,,,,,,,,,,
00-0039391,K.Vidal,Kimani Vidal,RB,RB,,LAC,2025,0,REG,,,,,,,,,,,,,,,,,,155.0,643.0,3.0,,,,,,,,,,,,,,,,,,,,,,,
00-0039410,R.Flournoy,Ryan Flournoy,WR,WR,,DAL,2025,0,REG,,,,,,,,,,,,,,,,,,,,,,,,,,40.0,56.0,475.0,4.0,,,,,,,,,,,,,,
00-0039732,B.Nix,Bo Nix,QB,QB,,DEN,2025,0,REG,,388.0,612.0,3931.0,25.0,11.0,,,,,,,,,,,,,,,,,,,,,,,,,,,,,,,,,,,,,
00-0039738,B.Corum,Blake Corum,RB,RB,,LAR,2025,0,REG,,,,,,,,,,,,,,,,,,145.0,746.0,6.0,,,,,,,,,,,,,,,,,,,,,,,
00-0039793,A.Barner,AJ Barner,TE,TE,,SEA,2025,0,REG,,,,,,,,,,,,,,,,,,,,,,,,,,52.0,68.0,519.0,6.0,,,,,,,,,,,,,,
00-0039847,T.Johnson,Theo Johnson,TE,TE,,NYG,2025,0,REG,,,,,,,,,,,,,,,,,,,,,,,,,,45.0,74.0,528.0,5.0,,,,,,,,,,,,,,
00-0039849,M.Harrison,Marvin Harrison,WR,WR,,ARI,2025,0,REG,,,,,,,,,,,,,,,,,,,,,,,,,,41.0,73.0,608.0,4.0,,,,,,,,,,,,,,
00-0039851,D.Maye,Drake Maye,QB,QB,,NE,2025,0,REG,,354.0,492.0,4394.0,31.0,8.0,,,,,,,,,,,,,,,,,,,,,,,,,,,,,,,,,,,,,
00-0039868,T.Franklin,Troy Franklin,WR,WR,,DEN,2025,0,REG,,,,,,,,,,,,,,,,,,,,,,,,,,65.0,104.0,709.0,6.0,,,,,,,,,,,,,,
00-0039880,M.Washington,Malik Washington,WR,WR,,MIA,2025,0,REG,,,,,,,,,,,,,,,,,,,,,,,,,,46.0,65.0,317.0,3.0,,,,,,,,,,,,,,
00-0039890,A.Mitchell,Adonai Mitchell,WR,WR,,NYJ,2025,0,REG,,,,,,,,,,,,,,,,,,,,,,,,,,33.0,74.0,453.0,2.0,,,,,,,,,,,,,,
00-0039893,B.Thomas,Brian Thomas,WR,WR,,JAX,2025,0,REG,,,,,,,,,,,,,,,,,,,,,,,,,,48.0,91.0,707.0,2.0,,,,,,,,,,,,,,
00-0039894,X.Worthy,Xavier Worthy,WR,WR,,KC,2025,0,REG,,,,,,,,,,,,,,,,,,,,,,,,,,42.0,73.0,532.0,1.0,,,,,,,,,,,,,,
00-0039901,K.Coleman,Keon Coleman,WR,WR,,BUF,2025,0,REG,,,,,,,,,,,,,,,,,,,,,,,,,,38.0,59.0,404.0,4.0,,,,,,,,,,,,,,
00-0039910,J.Daniels,Jayden Daniels,QB,QB,,WAS,2025,0,REG,,114.0,188.0,1262.0,8.0,3.0,,,,,,,,,,,,,,,,,,,,,,,,,,,,,,,,,,,,,
00-0039915,L.McConkey,Ladd McConkey,WR,WR,,LAC,2025,0,REG,,,,,,,,,,,,,,,,,,,,,,,,,,66.0,106.0,789.0,6.0,,,,,,,,,,,,,,
00-0039916,R.Pearsall,Ricky Pearsall,WR,WR,,SF,2025,0,REG,,,,,,,,,,,,,,,,,,,,,,,,,,36.0,53.0,528.0,0.0,,,,,,,,,,,,,,
00-0039917,M.Penix,Michael Penix,QB,QB,,ATL,2025,0,REG,,166.0,276.0,1982.0,9.0,3.0,,,,,,,,,,,,,,,,,,,,,,,,,,,,,,,,,,,,,
00-0039918,C.Williams,Caleb Williams,QB,QB,,CHI,2025,0,REG,,330.0,568.0,3942.0,27.0,7.0,,,,,,,,,,,,,,,,,,,,,,,,,,,,,,,,,,,,,
00-0039919,R.Odunze,Rome Odunze,WR,WR,,CHI,2025,0,REG,,,,,,,,,,,,,,,,,,,,,,,,,,44.0,90.0,661.0,6.0,,,,,,,,,,,,,,
00-0039923,J.McCarthy,J.J. McCarthy,QB,QB,,MIN,2025,0,REG,,140.0,243.0,1632.0,11.0,12.0,,,,,,,,,,,,,,,,,,,,,,,,,,,,,,,,,,,,,
00-0040122,A.Jeanty,Ashton Jeanty,RB,RB,,LV,2025,0,REG,,,,,,,,,,,,,,,,,,266.0,975.0,5.0,,,,,,,,,,,,,,,,,,,,,,,
00-0040124,T.McMillan,Tetairoa McMillan,WR,WR,,CAR,2025,0,REG,,,,,,,,,,,,,,,,,,,,,,,,,,70.0,122.0,1013.0,7.0,,,,,,,,,,,,,,
00-0040126,C.Loveland,Colston Loveland,TE,TE,,CHI,2025,0,REG,,,,,,,,,,,,,,,,,,,,,,,,,,58.0,82.0,713.0,6.0,,,,,,,,,,,,,,
00-0040128,T.Warren,Tyler Warren,TE,TE,,IND,2025,0,REG,,,,,,,,,,,,,,,,,,,,,,,,,,76.0,112.0,817.0,4.0,,,,,,,,,,,,,,
00-0040129,E.Egbuka,Emeka Egbuka,WR,WR,,TB,2025,0,REG,,,,,,,,,,,,,,,,,,,,,,,,,,63.0,127.0,938.0,6.0,,,,,,,,,,,,,,
00-0040130,J.Higgins,Jayden Higgins,WR,WR,,HOU,2025,0,REG,,,,,,,,,,,,,,,,,,,,,,,,,,41.0,68.0,525.0,6.0,,,,,,,,,,,,,,
00-0040134,P.Bryant,Pat Bryant,WR,WR,,DEN,2025,0,REG,,,,,,,,,,,,,,,,,,,,,,,,,,31.0,49.0,378.0,1.0,,,,,,,,,,,,,,
00-0040170,E.Ayomanor,Elic Ayomanor,WR,WR,,TEN,2025,0,REG,,,,,,,,,,,,,,,,,,,,,,,,,,41.0,89.0,515.0,4.0,,,,,,,,,,,,,,
00-0040189,O.Gadsden,Oronde Gadsden,TE,TE,,LAC,2025,0,REG,,,,,,,,,,,,,,,,,,,,,,,,,,49.0,69.0,664.0,3.0,,,,,,,,,,,,,,
00-0040236,K.Monangai,Kyle Monangai,RB,RB,,CHI,2025,0,REG,,,,,,,,,,,,,,,,,,169.0,783.0,5.0,,,,,,,,,,,,,,,,,,,,,,,
00-0040242,J.Croskey-Merritt,Jacory Croskey-Merritt,RB,RB,,WAS,2025,0,REG,,,,,,,,,,,,,,,,,,175.0,805.0,8.0,,,,,,,,,,,,,,,,,,,,,,,
00-0040398,B.Cook,Brady Cook,QB,QB,,NYJ,2025,0,REG,,88.0,153.0,739.0,2.0,7.0,,,,,,,,,,,,,,,,,,,,,,,,,,,,,,,,,,,,,
00-0040583,W.Marks,Woody Marks,RB,RB,,HOU,2025,0,REG,,,,,,,,,,,,,,,,,,196.0,703.0,2.0,,,,,,,,,,,,,,,,,,,,,,,
00-0040584,G.Helm,Gunnar Helm,TE,TE,,TEN,2025,0,REG,,,,,,,,,,,,,,,,,,,,,,,,,,44.0,55.0,357.0,2.0,,,,,,,,,,,,,,
00-0040663,H.Fannin,Harold Fannin,TE,TE,,CLE,2025,0,REG,,,,,,,,,,,,,,,,,,,,,,,,,,72.0,107.0,731.0,6.0,,,,,,,,,,,,,,
00-0040666,O.Hampton,Omarion Hampton,RB,RB,,LAC,2025,0,REG,,,,,,,,,,,,,,,,,,124.0,545.0,4.0,,,,,,,,,,,,,,,,,,,,,,,
00-0040668,S.Sanders,Shedeur Sanders,QB,QB,,CLE,2025,0,REG,,120.0,212.0,1400.0,7.0,10.0,,,,,,,,,,,,,,,,,,,,,,,,,,,,,,,,,,,,,
00-0040676,C.Ward,Cameron Ward,QB,QB,,TEN,2025,0,REG,,323.0,540.0,3169.0,15.0,7.0,,,,,,,,,,,,,,,,,,,,,,,,,,,,,,,,,,,,,
00-0040691,J.Dart,Jaxson Dart,QB,QB,,NYG,2025,0,REG,,216.0,339.0,2272.0,15.0,5.0,,,,,,,,,,,,,,,,,,,,,,,,,,,,,,,,,,,,,
00-0040704,D.Gabriel,Dillon Gabriel,QB,QB,,CLE,2025,0,REG,,110.0,185.0,937.0,7.0,2.0,,,,,,,,,,,,,,,,,,,,,,,,,,,,,,,,,,,,,
00-0040705,C.Dike,Chimere Dike,WR,WR,,TEN,2025,0,REG,,,,,,,,,,,,,,,,,,,,,,,,,,48.0,74.0,423.0,4.0,,,,,,,,,,,,,,
00-0040715,C.Skattebo,Cam Skattebo,RB,RB,,NYG,2025,0,REG,,,,,,,,,,,,,,,,,,101.0,410.0,5.0,,,,,,,,,,,,,,,,,,,,,,,
00-0040718,T.Hunter,Travis Hunter,WR,WR,,JAX,2025,0,REG,,,,,,,,,,,,,,,,,,,,,,,,,,28.0,45.0,298.0,1.0,,,,,,,,,,,,,,
00-0040730,R.Harvey,RJ Harvey,RB,RB,,DEN,2025,0,REG,,,,,,,,,,,,,,,,,,146.0,540.0,7.0,,,,,,,,,,,,,,,,,,,,,,,
00-0040734,T.Henderson,TreVeyon Henderson,RB,RB,,NE,2025,0,REG,,,,,,,,,,,,,,,,,,180.0,911.0,9.0,,,,,,,,,,,,,,,,,,,,,,,
00-0040735,L.Burden,Luther Burden,WR,WR,,CHI,2025,0,REG,,,,,,,,,,,,,,,,,,,,,,,,,,47.0,60.0,652.0,2.0,,,,,,,,,,,,,,
00-0040736,M.Taylor,Mason Taylor,TE,TE,,NYJ,2025,0,REG,,,,,,,,,,,,,,,,,,,,,,,,,,44.0,65.0,369.0,1.0,,,,,,,,,,,,,,
00-0040743,T.Shough,Tyler Shough,QB,QB,,NO,2025,0,REG,,221.0,327.0,2384.0,10.0,6.0,,,,,,,,,,,,,,,,,,,,,,,,,,,,,,,,,,,,,
00-0040784,Q.Judkins,Quinshon Judkins,RB,RB,,CLE,2025,0,REG,,,,,,,,,,,,,,,,,,230.0,827.0,7.0,,,,,,,,,,,,,,,,,,,,,,,
00-0023459,A.Rodgers,Aaron Rodgers,QB,QB,,PIT,2025,1,REG,,22.0,30.0,244.0,4.0,0.0,,,,,,,,,,,,,,,,,,,,,,,,,,,,,,,,,,,,,
00-0026158,J.Flacco,Joe Flacco,QB,QB,,CLE,2025,1,REG,,31.0,45.0,290.0,1.0,2.0,,,,,,,,,,,,,,,,,,,,,,,,,,,,,,,,,,,,,
00-0026498,M.Stafford,Matthew Stafford,QB,QB,,LAR,2025,1,REG,,21.0,29.0,245.0,1.0,0.0,,,,,,,,,,,,,,,,,,,,,,,,,,,,,,,,,,,,,
00-0029263,R.Wilson,Russell Wilson,QB,QB,,NYG,2025,1,REG,,17.0,37.0,168.0,0.0,0.0,,,,,,,,,,,,,,,,,,,,,,,,,,,,,,,,,,,,,
00-0030061,Z.Ertz,Zach Ertz,TE,TE,,WAS,2025,1,REG,,,,,,,,,,,,,,,,,,,,,,,,,,3.0,5.0,26.0,1.0,,,,,,,,,,,,,,
00-0030279,K.Allen,Keenan Allen,WR,WR,,LAC,2025,1,REG,,,,,,,,,,,,,,,,,,,,,,,,,,7.0,10.0,68.0,1.0,,,,,,,,,,,,,,
00-0030565,G.Smith,Geno Smith,QB,QB,,LV,2025,1,REG,,24.0,34.0,362.0,1.0,1.0,,,,,,,,,,,,,,,,,,,,,,,,,,,,,,,,,,,,,
00-0031381,D.Adams,Davante Adams,WR,WR,,LAR,2025,1,REG,,,,,,,,,,,,,,,,,,,,,,,,,,4.0,8.0,51.0,0.0,,,,,,,,,,,,,,
00-0031408,M.Evans,Mike Evans,WR,WR,,TB,2025,1,REG,,,,,,,,,,,,,,,,,,,,,,,,,,5.0,8.0,51.0,0.0,,,,,,,,,,,,,,
00-0031588,S.Diggs,Stefon Diggs,WR,WR,,NE,2025,1,REG,,,,,,,,,,,,,,,,,,,,,,,,,,6.0,7.0,57.0,0.0,,,,,,,,,,,,,,
00-0032385,S.Shepard,Sterling Shepard,WR,WR,,TB,2025,1,REG,,,,,,,,,,,,,,,,,,,,,,,,,,3.0,6.0,39.0,0.0,,,,,,,,,,,,,,
00-0032764,D.Henry,Derrick Henry,RB,RB,,BAL,2025,1,REG,,,,,,,,,,,,,,,,,,18.0,169.0,2.0,,,,,,,,,,,,,,,,,,,,,,,
00-0033040,T.Hill,Tyreek Hill,WR,WR,,MIA,2025,1,REG,,,,,,,,,,,,,,,,,,,,,,,,,,4.0,6.0,40.0,0.0,,,,,,,,,,,,,,
00-0033077,D.Prescott,Dak Prescott,QB,QB,,DAL,2025,1,REG,,21.0,34.0,188.0,0.0,0.0,,,,,,,,,,,,,,,,,,,,,,,,,,,,,,,,,,,,,
00-0033090,H.Henry,Hunter Henry,TE,TE,,NE,2025,1,REG,,,,,,,,,,,,,,,,,,,,,,,,,,4.0,8.0,66.0,0.0,,,,,,,,,,,,,,
00-0033106,J.Goff,Jared Goff,QB,QB,,DET,2025,1,REG,,31.0,39.0,225.0,1.0,1.0,,,,,,,,,,,,,,,,,,,,,,,,,,,,,,,,,,,,,
00-0033280,C.McCaffrey,Christian McCaffrey,RB,RB,,SF,2025,1,REG,,,,,,,,,,,,,,,,,,22.0,69.0,0.0,,,,,,,,,,,,,,,,,,,,,,,
00-0033553,J.Conner,James Conner,RB,RB,,ARI,2025,1,REG,,,,,,,,,,,,,,,,,,12.0,39.0,0.0,,,,,,,,,,,,,,,,,,,,,,,
00-0033857,J.Smith-Schuster,JuJu Smith-Schuster,WR,WR,,KC,2025,1,REG,,,,,,,,,,,,,,,,,,,,,,,,,,5.0,5.0,55.0,0.0,,,,,,,,,,,,,,
00-0033858,J.Smith,Jonnu Smith,TE,TE,,PIT,2025,1,REG,,,,,,,,,,,,,,,,,,,,,,,,,,5.0,6.0,15.0,1.0,,,,,,,,,,,,,,
00-0033873,P.Mahomes,Patrick Mahomes,QB,QB,,KC,2025,1,REG,,24.0,39.0,258.0,1.0,0.0,,,,,,,,,,,,,,,,,,,,,,,,,,,,,,,,,,,,,
00-0033885,D.Njoku,David Njoku,TE,TE,,CLE,2025,1,REG,,,,,,,,,,,,,,,,,,,,,,,,,,3.0,6.0,37.0,0.0,,,,,,,,,,,,,,
00-0033906,A.Kamara,Alvin Kamara,RB,RB,,NO,2025,1,REG,,,,,,,,,,,,,,,,,,11.0,45.0,1.0,,,,,,,,,,,,,,,,,,,,,,,
00-0034348,C.Sutton,Courtland Sutton,WR,WR,,DEN,2025,1,REG,,,,,,,,,,,,,,,,,,,,,,,,,,6.0,9.0,61.0,1.0,,,,,,,,,,,,,,
00-0034351,D.Goedert,Dallas Goedert,TE,TE,,PHI,2025,1,REG,,,,,,,,,,,,,,,,,,,,,,,,,,7.0,7.0,44.0,0.0,,,,,,,,,,,,,,
00-0034383,D.Schultz,Dalton Schultz,TE,TE,,HOU,2025,1,REG,,,,,,,,,,,,,,,,,,,,,,,,,,3.0,5.0,28.0,0.0,,,,,,,,,,,,,,
00-0034407,R.McCloud,Ray-Ray McCloud,WR,WR,,ATL,2025,1,REG,,,,,,,,,,,,,,,,,,,,,,,,,,3.0,5.0,51.0,0.0,,,,,,,,,,,,,,
00-0034791,N.Chubb,Nick Chubb,RB,RB,,HOU,2025,1,REG,,,,,,,,,,,,,,,,,,13.0,60.0,0.0,,,,,,,,,,,,,,,,,,,,,,,
00-0034796,L.Jackson,Lamar Jackson,QB,QB,,BAL,2025,1,REG,,14.0,19.0,209.0,2.0,0.0,,,,,,,,,,,,,,,,,,,,,,,,,,,,,,,,,,,,,
00-0034827,D.Moore,DJ Moore,WR,WR,,CHI,2025,1,REG,,,,,,,,,,,,,,,,,,,,,,,,,,3.0,5.0,57.0,0.0,,,,,,,,,,,,,,
00-0034837,C.Ridley,Calvin Ridley,WR,WR,,TEN,2025,1,REG,,,,,,,,,,,,,,,,,,,,,,,,,,4.0,8.0,27.0,0.0,,,,,,,,,,,,,,
00-0034844,S.Barkley,Saquon Barkley,RB,RB,,PHI,2025,1,REG,,,,,,,,,,,,,,,,,,18.0,60.0,1.0,,,,,,,,,,,,,,,,,,,,,,,
00-0034855,B.Mayfield,Baker Mayfield,QB,QB,,TB,2025,1,REG,,17.0,32.0,167.0,3.0,0.0,,,,,,,,,,,,,,,,,,,,,,,,,,,,,,,,,,,,,
00-0034857,J.Allen,Josh Allen,QB,QB,,BUF,2025,1,REG,,33.0,46.0,394.0,2.0,0.0,,,,,,,,,,,,,,,,,,,,,,,,,,,,,,,,,,,,,
00-0034869,S.Darnold,Sam Darnold,QB,QB,,SEA,2025,1,REG,,16.0,23.0,150.0,0.0,0.0,,,,,,,,,,,,,,,,,,,,,,,,,,,,,,,,,,,,,
00-0034960,J.Meyers,Jakobi Meyers,WR,WR,,LV,2025,1,REG,,,,,,,,,,,,,,,,,,,,,,,,,,8.0,10.0,97.0,0.0,,,,,,,,,,,,,,
00-0034983,H.Renfrow,Hunter Renfrow,WR,WR,,CAR,2025,1,REG,,,,,,,,,,,,,,,,,,,,,,,,,,2.0,6.0,11.0,0.0,,,,,,,,,,,,,,
00-0035208,O.Zaccheaus,Olamide Zaccheaus,WR,WR,,CHI,2025,1,REG,,,,,,,,,,,,,,,,,,,,,,,,,,4.0,7.0,42.0,0.0,,,,,,,,,,,,,,
00-0035228,K.Murray,Kyler Murray,QB,QB,,ARI,2025,1,REG,,21.0,29.0,163.0,2.0,0.0,,,,,,,,,,,,,,,,,,,,,,,,,,,,,,,,,,,,,
00-0035261,T.Pollard,Tony Pollard,RB,RB,,TEN,2025,1,REG,,,,,,,,,,,,,,,,,,18.0,60.0,0.0,,,,,,,,,,,,,,,,,,,,,,,
00-0035640,D.Metcalf,DK Metcalf,WR,WR,,PIT,2025,1,REG,,,,,,,,,,,,,,,,,,,,,,,,,,4.0,7.0,83.0,0.0,,,,,,,,,,,,,,
00-0035644,N.Fant,Noah Fant,TE,TE,,CIN,2025,1,REG,,,,,,,,,,,,,,,,,,,,,,,,,,4.0,5.0,26.0,1.0,,,,,,,,,,,,,,
00-0035662,M.Brown,Marquise Brown,WR,WR,,KC,2025,1,REG,,,,,,,,,,,,,,,,,,,,,,,,,,10.0,16.0,99.0,0.0,,,,,,,,,,,,,,
00-0035685,D.Montgomery,David Montgomery,RB,RB,,DET,2025,1,REG,,,,,,,,,,,,,,,,,,11.0,25.0,0.0,,,,,,,,,,,,,,,,,,,,,,,
00-0035700,J.Jacobs,Josh Jacobs,RB,RB,,GB,2025,1,REG,,,,,,,,,,,,,,,,,,19.0,66.0,1.0,,,,,,,,,,,,,,,,,,,,,,,
00-0035710,D.Jones,Daniel Jones,QB,QB,,IND,2025,1,REG,,22.0,29.0,272.0,1.0,0.0,,,,,,,,,,,,,,,,,,,,,,,,,,,,,,,,,,,,,
00-0035719,D.Samuel,Deebo Samuel Sr.,WR,WR,,WAS,2025,1,REG,,,,,,,,,,,,,,,,,,,,,,,,,,7.0,10.0,77.0,0.0,,,,,,,,,,,,,,
00-0036040,J.Johnson,Juwan Johnson,TE,TE,,NO,2025,1,REG,,,,,,,,,,,,,,,,,,,,,,,,,,8.0,11.0,76.0,0.0,,,,,,,,,,,,,,
00-0036158,J.Dobbins,J.K. Dobbins,RB,RB,,DEN,2025,1,REG,,,,,,,,,,,,,,,,,,16.0,63.0,1.0,,,,,,,,,,,,,,,,,,,,,,,
00-0036212,T.Tagovailoa,Tua Tagovailoa,QB,QB,,MIA,2025,1,REG,,14.0,23.0,114.0,1.0,2.0,,,,,,,,,,,,,,,,,,,,,,,,,,,,,,,,,,,,,
00-0036223,J.Taylor,Jonathan Taylor,RB,RB,,IND,2025,1,REG,,,,,,,,,,,,,,,,,,18.0,71.0,0.0,,,,,,,,,,,,,,,,,,,,,,,
00-0036252,M.Pittman,Michael Pittman,WR,WR,,IND,2025,1,REG,,,,,,,,,,,,,,,,,,,,,,,,,,6.0,8.0,80.0,1.0,,,,,,,,,,,,,,
00-0036259,J.Jennings,Jauan Jennings,WR,WR,,SF,2025,1,REG,,,,,,,,,,,,,,,,,,,,,,,,,,2.0,5.0,16.0,0.0,,,,,,,,,,,,,,
00-0036264,J.Love,Jordan Love,QB,QB,,GB,2025,1,REG,,16.0,22.0,188.0,2.0,0.0,,,,,,,,,,,,,,,,,,,,,,,,,,,,,,,,,,,,,
00-0036275,D.Swift,D'Andre Swift,RB,RB,,CHI,2025,1,REG,,,,,,,,,,,,,,,,,,17.0,53.0,0.0,,,,,,,,,,,,,,,,,,,,,,,
00-0036322,J.Jefferson,Justin Jefferson,WR,WR,,MIN,2025,1,REG,,,,,,,,,,,,,,,,,,,,,,,,,,4.0,7.0,44.0,1.0,,,,,,,,,,,,,,
00-0036355,J.Herbert,Justin Herbert,QB,QB,,LAC,2025,1,REG,,25.0,34.0,318.0,3.0,0.0,,,,,,,,,,,,,,,,,,,,,,,,,,,,,,,,,,,,,
00-0036358,C.Lamb,CeeDee Lamb,WR,WR,,DAL,2025,1,REG,,,,,,,,,,,,,,,,,,,,,,,,,,7.0,13.0,110.0,0.0,,,,,,,,,,,,,,
00-0036389,J.Hurts,Jalen Hurts,QB,QB,,PHI,2025,1,REG,,19.0,23.0,152.0,0.0,0.0,,,,,,,,,,,,,,,,,,,,,,,,,,,,,,,,,,,,,
00-0036407,J.Jeudy,Jerry Jeudy,WR,WR,,CLE,2025,1,REG,,,,,,,,,,,,,,,,,,,,,,,,,,5.0,8.0,66.0,0.0,,,,,,,,,,,,,,
00-0036442,J.Burrow,Joe Burrow,QB,QB,,CIN,2025,1,REG,,14.0,23.0,113.0,1.0,0.0,,,,,,,,,,,,,,,,,,,,,,,,,,,,,,,,,,,,,
00-0036554,N.Collins,Nico Collins,WR,WR,,HOU,2025,1,REG,,,,,,,,,,,,,,,,,,,,,,,,,,3.0,5.0,25.0,0.0,,,,,,,,,,,,,,
00-0036555,C.Hubbard,Chuba Hubbard,RB,RB,,CAR,2025,1,REG,,,,,,,,,,,,,,,,,,16.0,57.0,0.0,,,,,,,,,,,,,,,,,,,,,,,
00-0036613,J.Waddle,Jaylen Waddle,WR,WR,,MIA,2025,1,REG,,,,,,,,,,,,,,,,,,,,,,,,,,4.0,5.0,30.0,0.0,,,,,,,,,,,,,,
00-0036900,J.Chase,Ja'Marr Chase,WR,WR,,CIN,2025,1,REG,,,,,,,,,,,,,,,,,,,,,,,,,,2.0,5.0,26.0,0.0,,,,,,,,,,,,,,
00-0036945,J.Fields,Justin Fields,QB,QB,,NYJ,2025,1,REG,,16.0,22.0,218.0,1.0,0.0,,,,,,,,,,,,,,,,,,,,,,,,,,,,,,,,,,,,,
00-0036963,A.St. Brown,Amon-Ra St. Brown,WR,WR,,DET,2025,1,REG,,,,,,,,,,,,,,,,,,,,,,,,,,4.0,6.0,45.0,0.0,,,,,,,,,,,,,,
00-0036970,K.Pitts,Kyle Pitts,TE,TE,,ATL,2025,1,REG,,,,,,,,,,,,,,,,,,,,,,,,,,7.0,8.0,59.0,0.0,,,,,,,,,,,,,,
00-0036971,T.Lawrence,Trevor Lawrence,QB,QB,,JAX,2025,1,REG,,19.0,31.0,178.0,1.0,1.0,,,,,,,,,,,,,,,,,,,,,,,,,,,,,,,,,,,,,
00-0036973,T.Etienne,Travis Etienne,RB,RB,,JAX,2025,1,REG,,,,,,,,,,,,,,,,,,16.0,143.0,0.0,,,,,,,,,,,,,,,,,,,,,,,
00-0036988,J.Palmer,Josh Palmer,WR,WR,,BUF,2025,1,REG,,,,,,,,,,,,,,,,,,,,,,,,,,5.0,9.0,61.0,0.0,,,,,,,,,,,,,,
00-0036997,J.Williams,Javonte Williams,RB,RB,,DAL,2025,1,REG,,,,,,,,,,,,,,,,,,15.0,54.0,2.0,,,,,,,,,,,,,,,,,,,,,,,
00-0037228,J.Warren,Jaylen Warren,RB,RB,,PIT,2025,1,REG,,,,,,,,,,,,,,,,,,11.0,37.0,0.0,,,,,,,,,,,,,,,,,,,,,,,
00-0037238,D.London,Drake London,WR,WR,,ATL,2025,1,REG,,,,,,,,,,,,,,,,,,,,,,,,,,8.0,15.0,55.0,0.0,,,,,,,,,,,,,,
00-0037239,C.Olave,Chris Olave,WR,WR,,NO,2025,1,REG,,,,,,,,,,,,,,,,,,,,,,,,,,7.0,13.0,54.0,0.0,,,,,,,,,,,,,,
00-0037240,J.Williams,Jameson Williams,WR,WR,,DET,2025,1,REG,,,,,,,,,,,,,,,,,,,,,,,,,,4.0,5.0,23.0,0.0,,,,,,,,,,,,,,
00-0037248,J.Cook,James Cook,RB,RB,,BUF,2025,1,REG,,,,,,,,,,,,,,,,,,13.0,44.0,1.0,,,,,,,,,,,,,,,,,,,,,,,
00-0037261,K.Shakir,Khalil Shakir,WR,WR,,BUF,2025,1,REG,,,,,,,,,,,,,,,,,,,,,,,,,,6.0,9.0,64.0,0.0,,,,,,,,,,,,,,
00-0037263,T.Allgeier,Tyler Allgeier,RB,RB,,ATL,2025,1,REG,,,,,,,,,,,,,,,,,,10.0,24.0,0.0,,,,,,,,,,,,,,,,,,,,,,,
00-0037525,J.Mason,Jordan Mason,RB,RB,,MIN,2025,1,REG,,,,,,,,,,,,,,,,,,15.0,68.0,0.0,,,,,,,,,,,,,,,,,,,,,,,
00-0037545,R.Shaheed,Rashid Shaheed,WR,WR,,NO,2025,1,REG,,,,,,,,,,,,,,,,,,,,,,,,,,6.0,9.0,33.0,0.0,,,,,,,,,,,,,,
00-0037740,G.Wilson,Garrett Wilson,WR,WR,,NYJ,2025,1,REG,,,,,,,,,,,,,,,,,,,,,,,,,,7.0,9.0,95.0,1.0,,,,,,,,,,,,,,
00-0037744,T.McBride,Trey McBride,TE,TE,,ARI,2025,1,REG,,,,,,,,,,,,,,,,,,,,,,,,,,6.0,9.0,61.0,0.0,,,,,,,,,,,,,,
00-0037834,B.Purdy,Brock Purdy,QB,QB,,SF,2025,1,REG,,26.0,35.0,277.0,2.0,2.0,,,,,,,,,,,,,,,,,,,,,,,,,,,,,,,,,,,,,
00-0037837,C.Austin,Calvin Austin III,WR,WR,,PIT,2025,1,REG,,,,,,,,,,,,,,,,,,,,,,,,,,4.0,6.0,70.0,1.0,,,,,,,,,,,,,,
00-0037840,K.Williams,Kyren Williams,RB,RB,,LAR,2025,1,REG,,,,,,,,,,,,,,,,,,18.0,66.0,1.0,,,,,,,,,,,,,,,,,,,,,,,
00-0038041,J.Ferguson,Jake Ferguson,TE,TE,,DAL,2025,1,REG,,,,,,,,,,,,,,,,,,,,,,,,,,5.0,6.0,23.0,0.0,,,,,,,,,,,,,,
00-0038117,W.Robinson,Wan'Dale Robinson,WR,WR,,NYG,2025,1,REG,,,,,,,,,,,,,,,,,,,,,,,,,,6.0,8.0,55.0,0.0,,,,,,,,,,,,,,
00-0038120,B.Hall,Breece Hall,RB,RB,,NYJ,2025,1,REG,,,,,,,,,,,,,,,,,,19.0,107.0,0.0,,,,,,,,,,,,,,,,,,,,,,,
00-0038134,K.Walker,Kenneth Walker III,RB,RB,,SEA,2025,1,REG,,,,,,,,,,,,,,,,,,10.0,20.0,0.0,,,,,,,,,,,,,,,,,,,,,,,
00-0038542,B.Robinson,Bijan Robinson,RB,RB,,ATL,2025,1,REG,,,,,,,,,,,,,,,,,,12.0,24.0,0.0,,,,,,,,,,,,,,,,,,,,,,,
00-0038543,J.Smith-Njigba,Jaxon Smith-Njigba,WR,WR,,SEA,2025,1,REG,,,,,,,,,,,,,,,,,,,,,,,,,,9.0,13.0,124.0,0.0,,,,,,,,,,,,,,
00-0038544,Q.Johnston,Quentin Johnston,WR,WR,,LAC,2025,1,REG,,,,,,,,,,,,,,,,,,,,,,,,,,5.0,7.0,79.0,2.0,,,,,,,,,,,,,,
00-0038597,C.Brown,Chase Brown,RB,RB,,CIN,2025,1,REG,,,,,,,,,,,,,,,,,,21.0,43.0,1.0,,,,,,,,,,,,,,,,,,,,,,,
00-0038608,K.Boutte,Kayshon Boutte,WR,WR,,NE,2025,1,REG,,,,,,,,,,,,,,,,,,,,,,,,,,6.0,8.0,103.0,0.0,,,,,,,,,,,,,,
00-0038621,D.Douglas,DeMario Douglas,WR,WR,,NE,2025,1,REG,,,,,,,,,,,,,,,,,,,,,,,,,,2.0,7.0,-2.0,1.0,,,,,,,,,,,,,,
00-0038979,C.Tillman,Cedric Tillman,WR,WR,,CLE,2025,1,REG,,,,,,,,,,,,,,,,,,,,,,,,,,5.0,8.0,52.0,1.0,,,,,,,,,,,,,,
00-0039064,Z.Flowers,Zay Flowers,WR,WR,,BAL,2025,1,REG,,,,,,,,,,,,,,,,,,,,,,,,,,7.0,9.0,143.0,1.0,,,,,,,,,,,,,,
00-0039065,S.LaPorta,Sam LaPorta,TE,TE,,DET,2025,1,REG,,,,,,,,,,,,,,,,,,,,,,,,,,6.0,9.0,79.0,0.0,,,,,,,,,,,,,,
00-0039075,P.Nacua,Puka Nacua,WR,WR,,LAR,2025,1,REG,,,,,,,,,,,,,,,,,,,,,,,,,,10.0,11.0,130.0,0.0,,,,,,,,,,,,,,
00-0039146,J.Reed,Jayden Reed,WR,WR,,GB,2025,1,REG,,,,,,,,,,,,,,,,,,,,,,,,,,3.0,5.0,45.0,1.0,,,,,,,,,,,,,,
00-0039150,B.Young,Bryce Young,QB,QB,,CAR,2025,1,REG,,18.0,35.0,154.0,1.0,2.0,,,,,,,,,,,,,,,,,,,,,,,,,,,,,,,,,,,,,
00-0039163,C.Stroud,C.J. Stroud,QB,QB,,HOU,2025,1,REG,,19.0,27.0,188.0,0.0,1.0,,,,,,,,,,,,,,,,,,,,,,,,,,,,,,,,,,,,,
00-0039165,Z.Charbonnet,Zach Charbonnet,RB,RB,,SEA,2025,1,REG,,,,,,,,,,,,,,,,,,12.0,47.0,1.0,,,,,,,,,,,,,,,,,,,,,,,
00-0039337,M.Nabers,Malik Nabers,WR,WR,,NYG,2025,1,REG,,,,,,,,,,,,,,,,,,,,,,,,,,5.0,12.0,71.0,0.0,,,,,,,,,,,,,,
00-0039338,B.Bowers,Brock Bowers,TE,TE,,LV,2025,1,REG,,,,,,,,,,,,,,,,,,,,,,,,,,5.0,8.0,103.0,0.0,,,,,,,,,,,,,,
00-0039342,X.Legette,Xavier Legette,WR,WR,,CAR,2025,1,REG,,,,,,,,,,,,,,,,,,,,,,,,,,3.0,7.0,10.0,0.0,,,,,,,,,,,,,,
00-0039361,B.Irving,Bucky Irving,RB,RB,,TB,2025,1,REG,,,,,,,,,,,,,,,,,,14.0,37.0,0.0,,,,,,,,,,,,,,,,,,,,,,,
00-0039376,S.Rattler,Spencer Rattler,QB,QB,,NO,2025,1,REG,,27.0,46.0,214.0,0.0,0.0,,,,,,,,,,,,,,,,,,,,,,,,,,,,,,,,,,,,,
00-0039384,T.Tracy,Tyrone Tracy Jr.,RB,RB,,NYG,2025,1,REG,,,,,,,,,,,,,,,,,,10.0,24.0,0.0,,,,,,,,,,,,,,,,,,,,,,,
00-0039394,Cas.Washington,Casey Washington,WR,WR,,ATL,2025,1,REG,,,,,,,,,,,,,,,,,,,,,,,,,,3.0,6.0,33.0,0.0,,,,,,,,,,,,,,
00-0039732,B.Nix,Bo Nix,QB,QB,,DEN,2025,1,REG,,25.0,40.0,176.0,1.0,2.0,,,,,,,,,,,,,,,,,,,,,,,,,,,,,,,,,,,,,
00-0039849,M.Harrison,Marvin Harrison Jr.,WR,WR,,ARI,2025,1,REG,,,,,,,,,,,,,,,,,,,,,,,,,,5.0,6.0,71.0,1.0,,,,,,,,,,,,,,
00-0039851,D.Maye,Drake Maye,QB,QB,,NE,2025,1,REG,,30.0,46.0,287.0,1.0,1.0,,,,,,,,,,,,,,,,,,,,,,,,,,,,,,,,,,,,,
00-0039868,T.Franklin,Troy Franklin,WR,WR,,DEN,2025,1,REG,,,,,,,,,,,,,,,,,,,,,,,,,,4.0,6.0,44.0,0.0,,,,,,,,,,,,,,
00-0039880,M.Washington,Malik Washington,WR,WR,,MIA,2025,1,REG,,,,,,,,,,,,,,,,,,,,,,,,,,2.0,5.0,20.0,0.0,,,,,,,,,,,,,,
00-0039893,B.Thomas,Brian Thomas Jr.,WR,WR,,JAX,2025,1,REG,,,,,,,,,,,,,,,,,,,,,,,,,,1.0,7.0,11.0,0.0,,,,,,,,,,,,,,
00-0039901,K.Coleman,Keon Coleman,WR,WR,,BUF,2025,1,REG,,,,,,,,,,,,,,,,,,,,,,,,,,8.0,11.0,112.0,1.0,,,,,,,,,,,,,,
00-0039910,J.Daniels,Jayden Daniels,QB,QB,,WAS,2025,1,REG,,19.0,30.0,233.0,1.0,0.0,,,,,,,,,,,,,,,,,,,,,,,,,,,,,,,,,,,,,
00-0039915,L.McConkey,Ladd McConkey,WR,WR,,LAC,2025,1,REG,,,,,,,,,,,,,,,,,,,,,,,,,,6.0,9.0,74.0,0.0,,,,,,,,,,,,,,
00-0039916,R.Pearsall,Ricky Pearsall,WR,WR,,SF,2025,1,REG,,,,,,,,,,,,,,,,,,,,,,,,,,4.0,7.0,108.0,0.0,,,,,,,,,,,,,,
00-0039917,M.Penix,Michael Penix Jr.,QB,QB,,ATL,2025,1,REG,,27.0,42.0,298.0,1.0,0.0,,,,,,,,,,,,,,,,,,,,,,,,,,,,,,,,,,,,,
00-0039918,C.Williams,Caleb Williams,QB,QB,,CHI,2025,1,REG,,21.0,35.0,210.0,1.0,0.0,,,,,,,,,,,,,,,,,,,,,,,,,,,,,,,,,,,,,
00-0039919,R.Odunze,Rome Odunze,WR,WR,,CHI,2025,1,REG,,,,,,,,,,,,,,,,,,,,,,,,,,6.0,9.0,37.0,1.0,,,,,,,,,,,,,,
00-0039923,J.McCarthy,J.J. McCarthy,QB,QB,,MIN,2025,1,REG,,13.0,20.0,143.0,2.0,1.0,,,,,,,,,,,,,,,,,,,,,,,,,,,,,,,,,,,,,
00-0040122,A.Jeanty,Ashton Jeanty,RB,RB,,LV,2025,1,REG,,,,,,,,,,,,,,,,,,19.0,38.0,1.0,,,,,,,,,,,,,,,,,,,,,,,
00-0040124,T.McMillan,Tetairoa McMillan,WR,WR,,CAR,2025,1,REG,,,,,,,,,,,,,,,,,,,,,,,,,,5.0,9.0,68.0,0.0,,,,,,,,,,,,,,
00-0040128,T.Warren,Tyler Warren,TE,TE,,IND,2025,1,REG,,,,,,,,,,,,,,,,,,,,,,,,,,7.0,9.0,76.0,0.0,,,,,,,,,,,,,,
00-0040129,E.Egbuka,Emeka Egbuka,WR,WR,,TB,2025,1,REG,,,,,,,,,,,,,,,,,,,,,,,,,,4.0,6.0,67.0,2.0,,,,,,,,,,,,,,
00-0040162,D.Sampson,Dylan Sampson,RB,RB,,CLE,2025,1,REG,,,,,,,,,,,,,,,,,,12.0,29.0,0.0,,,,,,,,,,,,,,,,,,,,,,,
00-0040170,E.Ayomanor,Elic Ayomanor,WR,WR,,TEN,2025,1,REG,,,,,,,,,,,,,,,,,,,,,,,,,,2.0,7.0,13.0,0.0,,,,,,,,,,,,,,
00-0040179,D.Giddens,DJ Giddens,RB,RB,,IND,2025,1,REG,,,,,,,,,,,,,,,,,,12.0,41.0,0.0,,,,,,,,,,,,,,,,,,,,,,,
00-0040242,J.Croskey-Merritt,Jacory Croskey-Merritt,RB,RB,,WAS,2025,1,REG,,,,,,,,,,,,,,,,,,10.0,82.0,1.0,,,,,,,,,,,,,,,,,,,,,,,
00-0040663,H.Fannin,Harold Fannin Jr.,TE,TE,,CLE,2025,1,REG,,,,,,,,,,,,,,,,,,,,,,,,,,7.0,9.0,63.0,0.0,,,,,,,,,,,,,,
00-0040666,O.Hampton,Omarion Hampton,RB,RB,,LAC,2025,1,REG,,,,,,,,,,,,,,,,,,15.0,48.0,0.0,,,,,,,,,,,,,,,,,,,,,,,
00-0040676,C.Ward,Cam Ward,QB,QB,,TEN,2025,1,REG,,12.0,28.0,112.0,0.0,0.0,,,,,,,,,,,,,,,,,,,,,,,,,,,,,,,,,,,,,
00-0040718,T.Hunter,Travis Hunter,WR,WR,,JAX,2025,1,REG,,,,,,,,,,,,,,,,,,,,,,,,,,6.0,8.0,33.0,0.0,,,,,,,,,,,,,,
00-0023459,A.Rodgers,Aaron Rodgers,QB,QB,,PIT,2025,2,REG,,18.0,33.0,203.0,1.0,2.0,,,,,,,,,,,,,,,,,,,,,,,,,,,,,,,,,,,,,
00-0026158,J.Flacco,Joe Flacco,QB,QB,,CLE,2025,2,REG,,25.0,45.0,199.0,1.0,1.0,,,,,,,,,,,,,,,,,,,,,,,,,,,,,,,,,,,,,
00-0026498,M.Stafford,Matthew Stafford,QB,QB,,LAR,2025,2,REG,,23.0,33.0,298.0,2.0,1.0,,,,,,,,,,,,,,,,,,,,,,,,,,,,,,,,,,,,,
00-0029263,R.Wilson,Russell Wilson,QB,QB,,NYG,2025,2,REG,,30.0,41.0,450.0,3.0,1.0,,,,,,,,,,,,,,,,,,,,,,,,,,,,,,,,,,,,,
00-0030061,Z.Ertz,Zach Ertz,TE,TE,,WAS,2025,2,REG,,,,,,,,,,,,,,,,,,,,,,,,,,6.0,8.0,64.0,1.0,,,,,,,,,,,,,,
00-0030279,K.Allen,Keenan Allen,WR,WR,,LAC,2025,2,REG,,,,,,,,,,,,,,,,,,,,,,,,,,5.0,7.0,61.0,1.0,,,,,,,,,,,,,,
00-0030506,T.Kelce,Travis Kelce,TE,TE,,KC,2025,2,REG,,,,,,,,,,,,,,,,,,,,,,,,,,4.0,6.0,61.0,0.0,,,,,,,,,,,,,,
00-0030565,G.Smith,Geno Smith,QB,QB,,LV,2025,2,REG,,24.0,43.0,180.0,0.0,3.0,,,,,,,,,,,,,,,,,,,,,,,,,,,,,,,,,,,,,
00-0031381,D.Adams,Davante Adams,WR,WR,,LAR,2025,2,REG,,,,,,,,,,,,,,,,,,,,,,,,,,6.0,13.0,106.0,1.0,,,,,,,,,,,,,,
00-0031408,M.Evans,Mike Evans,WR,WR,,TB,2025,2,REG,,,,,,,,,,,,,,,,,,,,,,,,,,5.0,11.0,56.0,0.0,,,,,,,,,,,,,,
00-0031588,S.Diggs,Stefon Diggs,WR,WR,,NE,2025,2,REG,,,,,,,,,,,,,,,,,,,,,,,,,,4.0,5.0,32.0,0.0,,,,,,,,,,,,,,
00-0032764,D.Henry,Derrick Henry,RB,RB,,BAL,2025,2,REG,,,,,,,,,,,,,,,,,,11.0,23.0,0.0,,,,,,,,,,,,,,,,,,,,,,,
00-0033040,T.Hill,Tyreek Hill,WR,WR,,MIA,2025,2,REG,,,,,,,,,,,,,,,,,,,,,,,,,,6.0,7.0,109.0,0.0,,,,,,,,,,,,,,
00-0033077,D.Prescott,Dak Prescott,QB,QB,,DAL,2025,2,REG,,38.0,52.0,361.0,2.0,1.0,,,,,,,,,,,,,,,,,,,,,,,,,,,,,,,,,,,,,
00-0033106,J.Goff,Jared Goff,QB,QB,,DET,2025,2,REG,,23.0,28.0,334.0,5.0,0.0,,,,,,,,,,,,,,,,,,,,,,,,,,,,,,,,,,,,,
00-0033280,C.McCaffrey,Christian McCaffrey,RB,RB,,SF,2025,2,REG,,,,,,,,,,,,,,,,,,13.0,55.0,0.0,,,,,,,,,,,,,,,,,,,,,,,
00-0033553,J.Conner,James Conner,RB,RB,,ARI,2025,2,REG,,,,,,,,,,,,,,,,,,11.0,34.0,1.0,,,,,,,,,,,,,,,,,,,,,,,
00-0033873,P.Mahomes,Patrick Mahomes,QB,QB,,KC,2025,2,REG,,16.0,29.0,187.0,1.0,1.0,,,,,,,,,,,,,,,,,,,,,,,,,,,,,,,,,,,,,
00-0033885,D.Njoku,David Njoku,TE,TE,,CLE,2025,2,REG,,,,,,,,,,,,,,,,,,,,,,,,,,4.0,5.0,40.0,0.0,,,,,,,,,,,,,,
00-0033906,A.Kamara,Alvin Kamara,RB,RB,,NO,2025,2,REG,,,,,,,,,,,,,,,,,,21.0,99.0,0.0,,,,,,,,,,,,,,,,,,,,,,,
00-0033908,C.Kupp,Cooper Kupp,WR,WR,,SEA,2025,2,REG,,,,,,,,,,,,,,,,,,,,,,,,,,7.0,9.0,90.0,0.0,,,,,,,,,,,,,,
00-0034791,N.Chubb,Nick Chubb,RB,RB,,HOU,2025,2,REG,,,,,,,,,,,,,,,,,,12.0,43.0,1.0,,,,,,,,,,,,,,,,,,,,,,,
00-0034796,L.Jackson,Lamar Jackson,QB,QB,,BAL,2025,2,REG,,19.0,29.0,225.0,4.0,0.0,,,,,,,,,,,,,,,,,,,,,,,,,,,,,,,,,,,,,
00-0034827,D.Moore,DJ Moore,WR,WR,,CHI,2025,2,REG,,,,,,,,,,,,,,,,,,,,,,,,,,5.0,6.0,46.0,0.0,,,,,,,,,,,,,,
00-0034837,C.Ridley,Calvin Ridley,WR,WR,,TEN,2025,2,REG,,,,,,,,,,,,,,,,,,,,,,,,,,3.0,6.0,57.0,0.0,,,,,,,,,,,,,,
00-0034844,S.Barkley,Saquon Barkley,RB,RB,,PHI,2025,2,REG,,,,,,,,,,,,,,,,,,22.0,88.0,1.0,,,,,,,,,,,,,,,,,,,,,,,
00-0034855,B.Mayfield,Baker Mayfield,QB,QB,,TB,2025,2,REG,,25.0,38.0,215.0,2.0,0.0,,,,,,,,,,,,,,,,,,,,,,,,,,,,,,,,,,,,,
00-0034857,J.Allen,Josh Allen,QB,QB,,BUF,2025,2,REG,,14.0,25.0,148.0,0.0,0.0,,,,,,,,,,,,,,,,,,,,,,,,,,,,,,,,,,,,,
00-0034869,S.Darnold,Sam Darnold,QB,QB,,SEA,2025,2,REG,,22.0,33.0,295.0,2.0,2.0,,,,,,,,,,,,,,,,,,,,,,,,,,,,,,,,,,,,,
00-0034960,J.Meyers,Jakobi Meyers,WR,WR,,LV,2025,2,REG,,,,,,,,,,,,,,,,,,,,,,,,,,6.0,12.0,68.0,0.0,,,,,,,,,,,,,,
00-0034983,H.Renfrow,Hunter Renfrow,WR,WR,,CAR,2025,2,REG,,,,,,,,,,,,,,,,,,,,,,,,,,7.0,9.0,48.0,2.0,,,,,,,,,,,,,,
00-0035100,J.Browning,Jake Browning,QB,QB,,CIN,2025,2,REG,,21.0,32.0,241.0,2.0,3.0,,,,,,,,,,,,,,,,,,,,,,,,,,,,,,,,,,,,,
00-0035208,O.Zaccheaus,Olamide Zaccheaus,WR,WR,,CHI,2025,2,REG,,,,,,,,,,,,,,,,,,,,,,,,,,2.0,5.0,12.0,0.0,,,,,,,,,,,,,,
00-0035228,K.Murray,Kyler Murray,QB,QB,,ARI,2025,2,REG,,17.0,25.0,220.0,1.0,1.0,,,,,,,,,,,,,,,,,,,,,,,,,,,,,,,,,,,,,
00-0035261,T.Pollard,Tony Pollard,RB,RB,,TEN,2025,2,REG,,,,,,,,,,,,,,,,,,20.0,92.0,0.0,,,,,,,,,,,,,,,,,,,,,,,
00-0035640,D.Metcalf,DK Metcalf,WR,WR,,PIT,2025,2,REG,,,,,,,,,,,,,,,,,,,,,,,,,,3.0,6.0,20.0,1.0,,,,,,,,,,,,,,
00-0035659,T.McLaurin,Terry McLaurin,WR,WR,,WAS,2025,2,REG,,,,,,,,,,,,,,,,,,,,,,,,,,5.0,9.0,48.0,0.0,,,,,,,,,,,,,,
00-0035662,M.Brown,Marquise Brown,WR,WR,,KC,2025,2,REG,,,,,,,,,,,,,,,,,,,,,,,,,,5.0,5.0,30.0,0.0,,,,,,,,,,,,,,
00-0035676,A.Brown,A.J. Brown,WR,WR,,PHI,2025,2,REG,,,,,,,,,,,,,,,,,,,,,,,,,,5.0,8.0,27.0,0.0,,,,,,,,,,,,,,
00-0035685,D.Montgomery,David Montgomery,RB,RB,,DET,2025,2,REG,,,,,,,,,,,,,,,,,,11.0,57.0,1.0,,,,,,,,,,,,,,,,,,,,,,,
00-0035689,D.Knox,Dawson Knox,TE,TE,,BUF,2025,2,REG,,,,,,,,,,,,,,,,,,,,,,,,,,2.0,5.0,19.0,0.0,,,,,,,,,,,,,,
00-0035700,J.Jacobs,Josh Jacobs,RB,RB,,GB,2025,2,REG,,,,,,,,,,,,,,,,,,23.0,84.0,1.0,,,,,,,,,,,,,,,,,,,,,,,
00-0035710,D.Jones,Daniel Jones,QB,QB,,IND,2025,2,REG,,23.0,34.0,316.0,1.0,0.0,,,,,,,,,,,,,,,,,,,,,,,,,,,,,,,,,,,,,
00-0035719,D.Samuel,Deebo Samuel Sr.,WR,WR,,WAS,2025,2,REG,,,,,,,,,,,,,,,,,,,,,,,,,,7.0,8.0,44.0,1.0,,,,,,,,,,,,,,
00-0036040,J.Johnson,Juwan Johnson,TE,TE,,NO,2025,2,REG,,,,,,,,,,,,,,,,,,,,,,,,,,5.0,9.0,49.0,1.0,,,,,,,,,,,,,,
00-0036158,J.Dobbins,J.K. Dobbins,RB,RB,,DEN,2025,2,REG,,,,,,,,,,,,,,,,,,14.0,76.0,1.0,,,,,,,,,,,,,,,,,,,,,,,
00-0036212,T.Tagovailoa,Tua Tagovailoa,QB,QB,,MIA,2025,2,REG,,26.0,32.0,315.0,2.0,1.0,,,,,,,,,,,,,,,,,,,,,,,,,,,,,,,,,,,,,
00-0036223,J.Taylor,Jonathan Taylor,RB,RB,,IND,2025,2,REG,,,,,,,,,,,,,,,,,,25.0,165.0,0.0,,,,,,,,,,,,,,,,,,,,,,,
00-0036252,M.Pittman,Michael Pittman,WR,WR,,IND,2025,2,REG,,,,,,,,,,,,,,,,,,,,,,,,,,4.0,5.0,40.0,0.0,,,,,,,,,,,,,,
00-0036259,J.Jennings,Jauan Jennings,WR,WR,,SF,2025,2,REG,,,,,,,,,,,,,,,,,,,,,,,,,,5.0,10.0,89.0,1.0,,,,,,,,,,,,,,
00-0036264,J.Love,Jordan Love,QB,QB,,GB,2025,2,REG,,19.0,31.0,292.0,2.0,0.0,,,,,,,,,,,,,,,,,,,,,,,,,,,,,,,,,,,,,
00-0036275,D.Swift,D'Andre Swift,RB,RB,,CHI,2025,2,REG,,,,,,,,,,,,,,,,,,12.0,63.0,1.0,,,,,,,,,,,,,,,,,,,,,,,
00-0036322,J.Jefferson,Justin Jefferson,WR,WR,,MIN,2025,2,REG,,,,,,,,,,,,,,,,,,,,,,,,,,3.0,6.0,81.0,0.0,,,,,,,,,,,,,,
00-0036355,J.Herbert,Justin Herbert,QB,QB,,LAC,2025,2,REG,,19.0,27.0,242.0,2.0,0.0,,,,,,,,,,,,,,,,,,,,,,,,,,,,,,,,,,,,,
00-0036358,C.Lamb,CeeDee Lamb,WR,WR,,DAL,2025,2,REG,,,,,,,,,,,,,,,,,,,,,,,,,,9.0,11.0,112.0,0.0,,,,,,,,,,,,,,
00-0036389,J.Hurts,Jalen Hurts,QB,QB,,PHI,2025,2,REG,,15.0,22.0,101.0,0.0,0.0,,,,,,,,,,,,,,,,,,,,,,,,,,,,,,,,,,,,,
00-0036407,J.Jeudy,Jerry Jeudy,WR,WR,,CLE,2025,2,REG,,,,,,,,,,,,,,,,,,,,,,,,,,4.0,8.0,51.0,0.0,,,,,,,,,,,,,,
00-0036410,T.Higgins,Tee Higgins,WR,WR,,CIN,2025,2,REG,,,,,,,,,,,,,,,,,,,,,,,,,,3.0,8.0,56.0,1.0,,,,,,,,,,,,,,
00-0036554,N.Collins,Nico Collins,WR,WR,,HOU,2025,2,REG,,,,,,,,,,,,,,,,,,,,,,,,,,3.0,9.0,52.0,1.0,,,,,,,,,,,,,,
00-0036555,C.Hubbard,Chuba Hubbard,RB,RB,,CAR,2025,2,REG,,,,,,,,,,,,,,,,,,10.0,38.0,0.0,,,,,,,,,,,,,,,,,,,,,,,
00-0036613,J.Waddle,Jaylen Waddle,WR,WR,,MIA,2025,2,REG,,,,,,,,,,,,,,,,,,,,,,,,,,5.0,6.0,68.0,1.0,,,,,,,,,,,,,,
00-0036626,D.Brown,Dyami Brown,WR,WR,,JAX,2025,2,REG,,,,,,,,,,,,,,,,,,,,,,,,,,5.0,7.0,57.0,1.0,,,,,,,,,,,,,,
00-0036637,N.Gray,Noah Gray,TE,TE,,KC,2025,2,REG,,,,,,,,,,,,,,,,,,,,,,,,,,1.0,5.0,1.0,0.0,,,,,,,,,,,,,,
00-0036875,R.Stevenson,Rhamondre Stevenson,RB,RB,,NE,2025,2,REG,,,,,,,,,,,,,,,,,,11.0,54.0,0.0,,,,,,,,,,,,,,,,,,,,,,,
00-0036900,J.Chase,Ja'Marr Chase,WR,WR,,CIN,2025,2,REG,,,,,,,,,,,,,,,,,,,,,,,,,,14.0,16.0,165.0,1.0,,,,,,,,,,,,,,
00-0036912,D.Smith,DeVonta Smith,WR,WR,,PHI,2025,2,REG,,,,,,,,,,,,,,,,,,,,,,,,,,4.0,6.0,53.0,0.0,,,,,,,,,,,,,,
00-0036963,A.St. Brown,Amon-Ra St. Brown,WR,WR,,DET,2025,2,REG,,,,,,,,,,,,,,,,,,,,,,,,,,9.0,11.0,115.0,3.0,,,,,,,,,,,,,,
00-0036970,K.Pitts,Kyle Pitts,TE,TE,,ATL,2025,2,REG,,,,,,,,,,,,,,,,,,,,,,,,,,4.0,5.0,37.0,0.0,,,,,,,,,,,,,,
00-0036971,T.Lawrence,Trevor Lawrence,QB,QB,,JAX,2025,2,REG,,24.0,42.0,271.0,3.0,2.0,,,,,,,,,,,,,,,,,,,,,,,,,,,,,,,,,,,,,
00-0036972,M.Jones,Mac Jones,QB,QB,,SF,2025,2,REG,,26.0,39.0,279.0,3.0,0.0,,,,,,,,,,,,,,,,,,,,,,,,,,,,,,,,,,,,,
00-0036973,T.Etienne,Travis Etienne,RB,RB,,JAX,2025,2,REG,,,,,,,,,,,,,,,,,,14.0,71.0,0.0,,,,,,,,,,,,,,,,,,,,,,,
00-0036997,J.Williams,Javonte Williams,RB,RB,,DAL,2025,2,REG,,,,,,,,,,,,,,,,,,18.0,97.0,1.0,,,,,,,,,,,,,,,,,,,,,,,
00-0037112,J.Tonges,Jake Tonges,TE,TE,,SF,2025,2,REG,,,,,,,,,,,,,,,,,,,,,,,,,,4.0,5.0,31.0,0.0,,,,,,,,,,,,,,
00-0037197,I.Pacheco,Isiah Pacheco,RB,RB,,KC,2025,2,REG,,,,,,,,,,,,,,,,,,10.0,22.0,0.0,,,,,,,,,,,,,,,,,,,,,,,
00-0037228,J.Warren,Jaylen Warren,RB,RB,,PIT,2025,2,REG,,,,,,,,,,,,,,,,,,14.0,48.0,0.0,,,,,,,,,,,,,,,,,,,,,,,
00-0037239,C.Olave,Chris Olave,WR,WR,,NO,2025,2,REG,,,,,,,,,,,,,,,,,,,,,,,,,,6.0,10.0,54.0,0.0,,,,,,,,,,,,,,
00-0037247,G.Pickens,George Pickens,WR,WR,,DAL,2025,2,REG,,,,,,,,,,,,,,,,,,,,,,,,,,5.0,9.0,68.0,1.0,,,,,,,,,,,,,,
00-0037248,J.Cook,James Cook,RB,RB,,BUF,2025,2,REG,,,,,,,,,,,,,,,,,,21.0,132.0,2.0,,,,,,,,,,,,,,,,,,,,,,,
00-0037256,R.White,Rachaad White,RB,RB,,TB,2025,2,REG,,,,,,,,,,,,,,,,,,10.0,65.0,1.0,,,,,,,,,,,,,,,,,,,,,,,
00-0037263,T.Allgeier,Tyler Allgeier,RB,RB,,ATL,2025,2,REG,,,,,,,,,,,,,,,,,,16.0,76.0,1.0,,,,,,,,,,,,,,,,,,,,,,,
00-0037291,J.Nailor,Jalen Nailor,WR,WR,,MIN,2025,2,REG,,,,,,,,,,,,,,,,,,,,,,,,,,3.0,5.0,31.0,0.0,,,,,,,,,,,,,,
00-0037545,R.Shaheed,Rashid Shaheed,WR,WR,,NO,2025,2,REG,,,,,,,,,,,,,,,,,,,,,,,,,,4.0,5.0,52.0,1.0,,,,,,,,,,,,,,
00-0037664,A.Pierce,Alec Pierce,WR,WR,,IND,2025,2,REG,,,,,,,,,,,,,,,,,,,,,,,,,,4.0,5.0,68.0,0.0,,,,,,,,,,,,,,
00-0037740,G.Wilson,Garrett Wilson,WR,WR,,NYJ,2025,2,REG,,,,,,,,,,,,,,,,,,,,,,,,,,4.0,8.0,50.0,0.0,,,,,,,,,,,,,,
00-0037744,T.McBride,Trey McBride,TE,TE,,ARI,2025,2,REG,,,,,,,,,,,,,,,,,,,,,,,,,,6.0,7.0,78.0,0.0,,,,,,,,,,,,,,
00-0037809,C.Okonkwo,Chig Okonkwo,TE,TE,,TEN,2025,2,REG,,,,,,,,,,,,,,,,,,,,,,,,,,4.0,6.0,35.0,0.0,,,,,,,,,,,,,,
00-0037816,R.Doubs,Romeo Doubs,WR,WR,,GB,2025,2,REG,,,,,,,,,,,,,,,,,,,,,,,,,,3.0,5.0,28.0,1.0,,,,,,,,,,,,,,
00-0037840,K.Williams,Kyren Williams,RB,RB,,LAR,2025,2,REG,,,,,,,,,,,,,,,,,,17.0,66.0,0.0,,,,,,,,,,,,,,,,,,,,,,,
00-0038041,J.Ferguson,Jake Ferguson,TE,TE,,DAL,2025,2,REG,,,,,,,,,,,,,,,,,,,,,,,,,,9.0,12.0,78.0,0.0,,,,,,,,,,,,,,
00-0038104,T.Thornton,Tyquan Thornton,WR,WR,,KC,2025,2,REG,,,,,,,,,,,,,,,,,,,,,,,,,,2.0,5.0,59.0,1.0,,,,,,,,,,,,,,
00-0038117,W.Robinson,Wan'Dale Robinson,WR,WR,,NYG,2025,2,REG,,,,,,,,,,,,,,,,,,,,,,,,,,8.0,10.0,142.0,1.0,,,,,,,,,,,,,,
00-0038120,B.Hall,Breece Hall,RB,RB,,NYJ,2025,2,REG,,,,,,,,,,,,,,,,,,10.0,29.0,0.0,,,,,,,,,,,,,,,,,,,,,,,
00-0038134,K.Walker,Kenneth Walker III,RB,RB,,SEA,2025,2,REG,,,,,,,,,,,,,,,,,,13.0,105.0,1.0,,,,,,,,,,,,,,,,,,,,,,,
00-0038393,D.Wicks,Dontayvion Wicks,WR,WR,,GB,2025,2,REG,,,,,,,,,,,,,,,,,,,,,,,,,,4.0,6.0,44.0,0.0,,,,,,,,,,,,,,
00-0038542,B.Robinson,Bijan Robinson,RB,RB,,ATL,2025,2,REG,,,,,,,,,,,,,,,,,,22.0,143.0,0.0,,,,,,,,,,,,,,,,,,,,,,,
00-0038543,J.Smith-Njigba,Jaxon Smith-Njigba,WR,WR,,SEA,2025,2,REG,,,,,,,,,,,,,,,,,,,,,,,,,,8.0,10.0,103.0,0.0,,,,,,,,,,,,,,
00-0038544,Q.Johnston,Quentin Johnston,WR,WR,,LAC,2025,2,REG,,,,,,,,,,,,,,,,,,,,,,,,,,3.0,7.0,71.0,1.0,,,,,,,,,,,,,,
00-0038563,T.Tucker,Tre Tucker,WR,WR,,LV,2025,2,REG,,,,,,,,,,,,,,,,,,,,,,,,,,3.0,8.0,12.0,0.0,,,,,,,,,,,,,,
00-0038597,C.Brown,Chase Brown,RB,RB,,CIN,2025,2,REG,,,,,,,,,,,,,,,,,,16.0,47.0,0.0,,,,,,,,,,,,,,,,,,,,,,,
00-0038606,P.Washington,Parker Washington,WR,WR,,JAX,2025,2,REG,,,,,,,,,,,,,,,,,,,,,,,,,,5.0,5.0,76.0,0.0,,,,,,,,,,,,,,
00-0038619,A.Iosivas,Andrei Iosivas,WR,WR,,CIN,2025,2,REG,,,,,,,,,,,,,,,,,,,,,,,,,,1.0,5.0,12.0,0.0,,,,,,,,,,,,,,
00-0038840,B.Tremayne,Brycen Tremayne,WR,WR,,CAR,2025,2,REG,,,,,,,,,,,,,,,,,,,,,,,,,,3.0,5.0,48.0,0.0,,,,,,,,,,,,,,
00-0038933,D.Kincaid,Dalton Kincaid,TE,TE,,BUF,2025,2,REG,,,,,,,,,,,,,,,,,,,,,,,,,,4.0,6.0,37.0,0.0,,,,,,,,,,,,,,
00-0038935,B.Strange,Brenton Strange,TE,TE,,JAX,2025,2,REG,,,,,,,,,,,,,,,,,,,,,,,,,,3.0,5.0,17.0,0.0,,,,,,,,,,,,,,
00-0038979,C.Tillman,Cedric Tillman,WR,WR,,CLE,2025,2,REG,,,,,,,,,,,,,,,,,,,,,,,,,,2.0,7.0,22.0,1.0,,,,,,,,,,,,,,
00-0038996,T.Kraft,Tucker Kraft,TE,TE,,GB,2025,2,REG,,,,,,,,,,,,,,,,,,,,,,,,,,6.0,7.0,124.0,1.0,,,,,,,,,,,,,,
00-0038997,J.Downs,Josh Downs,WR,WR,,IND,2025,2,REG,,,,,,,,,,,,,,,,,,,,,,,,,,6.0,8.0,51.0,0.0,,,,,,,,,,,,,,
00-0039040,D.Achane,De'Von Achane,RB,RB,,MIA,2025,2,REG,,,,,,,,,,,,,,,,,,11.0,30.0,0.0,,,,,,,,,,,,,,,,,,,,,,,
00-0039064,Z.Flowers,Zay Flowers,WR,WR,,BAL,2025,2,REG,,,,,,,,,,,,,,,,,,,,,,,,,,7.0,11.0,75.0,0.0,,,,,,,,,,,,,,
00-0039075,P.Nacua,Puka Nacua,WR,WR,,LAR,2025,2,REG,,,,,,,,,,,,,,,,,,,,,,,,,,8.0,9.0,91.0,0.0,,,,,,,,,,,,,,
00-0039139,J.Gibbs,Jahmyr Gibbs,RB,RB,,DET,2025,2,REG,,,,,,,,,,,,,,,,,,12.0,94.0,1.0,,,,,,,,,,,,,,,,,,,,,,,
00-0039150,B.Young,Bryce Young,QB,QB,,CAR,2025,2,REG,,35.0,55.0,328.0,3.0,1.0,,,,,,,,,,,,,,,,,,,,,,,,,,,,,,,,,,,,,
00-0039163,C.Stroud,C.J. Stroud,QB,QB,,HOU,2025,2,REG,,13.0,24.0,207.0,1.0,0.0,,,,,,,,,,,,,,,,,,,,,,,,,,,,,,,,,,,,,
00-0039165,Z.Charbonnet,Zach Charbonnet,RB,RB,,SEA,2025,2,REG,,,,,,,,,,,,,,,,,,15.0,10.0,0.0,,,,,,,,,,,,,,,,,,,,,,,
00-0039337,M.Nabers,Malik Nabers,WR,WR,,NYG,2025,2,REG,,,,,,,,,,,,,,,,,,,,,,,,,,9.0,13.0,167.0,2.0,,,,,,,,,,,,,,
00-0039338,B.Bowers,Brock Bowers,TE,TE,,LV,2025,2,REG,,,,,,,,,,,,,,,,,,,,,,,,,,5.0,8.0,38.0,0.0,,,,,,,,,,,,,,
00-0039342,X.Legette,Xavier Legette,WR,WR,,CAR,2025,2,REG,,,,,,,,,,,,,,,,,,,,,,,,,,1.0,8.0,-2.0,0.0,,,,,,,,,,,,,,
00-0039356,J.Sanders,Ja'Tavion Sanders,TE,TE,,CAR,2025,2,REG,,,,,,,,,,,,,,,,,,,,,,,,,,7.0,9.0,54.0,0.0,,,,,,,,,,,,,,
00-0039361,B.Irving,Bucky Irving,RB,RB,,TB,2025,2,REG,,,,,,,,,,,,,,,,,,17.0,71.0,0.0,,,,,,,,,,,,,,,,,,,,,,,
00-0039376,S.Rattler,Spencer Rattler,QB,QB,,NO,2025,2,REG,,25.0,34.0,207.0,3.0,0.0,,,,,,,,,,,,,,,,,,,,,,,,,,,,,,,,,,,,,
00-0039732,B.Nix,Bo Nix,QB,QB,,DEN,2025,2,REG,,22.0,30.0,206.0,3.0,1.0,,,,,,,,,,,,,,,,,,,,,,,,,,,,,,,,,,,,,
00-0039847,T.Johnson,Theo Johnson,TE,TE,,NYG,2025,2,REG,,,,,,,,,,,,,,,,,,,,,,,,,,4.0,5.0,34.0,0.0,,,,,,,,,,,,,,
00-0039849,M.Harrison,Marvin Harrison Jr.,WR,WR,,ARI,2025,2,REG,,,,,,,,,,,,,,,,,,,,,,,,,,2.0,5.0,27.0,0.0,,,,,,,,,,,,,,
00-0039851,D.Maye,Drake Maye,QB,QB,,NE,2025,2,REG,,19.0,23.0,230.0,2.0,0.0,,,,,,,,,,,,,,,,,,,,,,,,,,,,,,,,,,,,,
00-0039868,T.Franklin,Troy Franklin,WR,WR,,DEN,2025,2,REG,,,,,,,,,,,,,,,,,,,,,,,,,,8.0,9.0,89.0,1.0,,,,,,,,,,,,,,
00-0039893,B.Thomas,Brian Thomas Jr.,WR,WR,,JAX,2025,2,REG,,,,,,,,,,,,,,,,,,,,,,,,,,4.0,12.0,49.0,0.0,,,,,,,,,,,,,,
00-0039910,J.Daniels,Jayden Daniels,QB,QB,,WAS,2025,2,REG,,24.0,42.0,200.0,2.0,0.0,,,,,,,,,,,,,,,,,,,,,,,,,,,,,,,,,,,,,
00-0039915,L.McConkey,Ladd McConkey,WR,WR,,LAC,2025,2,REG,,,,,,,,,,,,,,,,,,,,,,,,,,5.0,5.0,48.0,0.0,,,,,,,,,,,,,,
00-0039916,R.Pearsall,Ricky Pearsall,WR,WR,,SF,2025,2,REG,,,,,,,,,,,,,,,,,,,,,,,,,,4.0,6.0,56.0,0.0,,,,,,,,,,,,,,
00-0039917,M.Penix,Michael Penix Jr.,QB,QB,,ATL,2025,2,REG,,13.0,21.0,135.0,0.0,0.0,,,,,,,,,,,,,,,,,,,,,,,,,,,,,,,,,,,,,
00-0039918,C.Williams,Caleb Williams,QB,QB,,CHI,2025,2,REG,,19.0,30.0,207.0,2.0,1.0,,,,,,,,,,,,,,,,,,,,,,,,,,,,,,,,,,,,,
00-0039919,R.Odunze,Rome Odunze,WR,WR,,CHI,2025,2,REG,,,,,,,,,,,,,,,,,,,,,,,,,,7.0,11.0,128.0,2.0,,,,,,,,,,,,,,
00-0039923,J.McCarthy,J.J. McCarthy,QB,QB,,MIN,2025,2,REG,,11.0,21.0,158.0,0.0,2.0,,,,,,,,,,,,,,,,,,,,,,,,,,,,,,,,,,,,,
00-0040122,A.Jeanty,Ashton Jeanty,RB,RB,,LV,2025,2,REG,,,,,,,,,,,,,,,,,,11.0,43.0,0.0,,,,,,,,,,,,,,,,,,,,,,,
00-0040124,T.McMillan,Tetairoa McMillan,WR,WR,,CAR,2025,2,REG,,,,,,,,,,,,,,,,,,,,,,,,,,6.0,10.0,100.0,0.0,,,,,,,,,,,,,,
00-0040128,T.Warren,Tyler Warren,TE,TE,,IND,2025,2,REG,,,,,,,,,,,,,,,,,,,,,,,,,,4.0,7.0,79.0,0.0,,,,,,,,,,,,,,
00-0040129,E.Egbuka,Emeka Egbuka,WR,WR,,TB,2025,2,REG,,,,,,,,,,,,,,,,,,,,,,,,,,4.0,7.0,29.0,1.0,,,,,,,,,,,,,,
00-0040170,E.Ayomanor,Elic Ayomanor,WR,WR,,TEN,2025,2,REG,,,,,,,,,,,,,,,,,,,,,,,,,,4.0,6.0,56.0,1.0,,,,,,,,,,,,,,
00-0040663,H.Fannin,Harold Fannin Jr.,TE,TE,,CLE,2025,2,REG,,,,,,,,,,,,,,,,,,,,,,,,,,5.0,5.0,48.0,0.0,,,,,,,,,,,,,,
00-0040676,C.Ward,Cam Ward,QB,QB,,TEN,2025,2,REG,,19.0,33.0,175.0,1.0,0.0,,,,,,,,,,,,,,,,,,,,,,,,,,,,,,,,,,,,,
00-0040705,C.Dike,Chimere Dike,WR,WR,,TEN,2025,2,REG,,,,,,,,,,,,,,,,,,,,,,,,,,2.0,5.0,-1.0,0.0,,,,,,,,,,,,,,
00-0040715,C.Skattebo,Cam Skattebo,RB,RB,,NYG,2025,2,REG,,,,,,,,,,,,,,,,,,11.0,45.0,1.0,,,,,,,,,,,,,,,,,,,,,,,
00-0040718,T.Hunter,Travis Hunter,WR,WR,,JAX,2025,2,REG,,,,,,,,,,,,,,,,,,,,,,,,,,3.0,6.0,22.0,0.0,,,,,,,,,,,,,,
00-0040784,Q.Judkins,Quinshon Judkins,RB,RB,,CLE,2025,2,REG,,,,,,,,,,,,,,,,,,10.0,61.0,0.0,,,,,,,,,,,,,,,,,,,,,,,
00-0023459,A.Rodgers,Aaron Rodgers,QB,QB,,PIT,2025,3,REG,,16.0,23.0,139.0,2.0,1.0,,,,,,,,,,,,,,,,,,,,,,,,,,,,,,,,,,,,,
00-0026158,J.Flacco,Joe Flacco,QB,QB,,CLE,2025,3,REG,,21.0,36.0,142.0,0.0,1.0,,,,,,,,,,,,,,,,,,,,,,,,,,,,,,,,,,,,,
00-0026498,M.Stafford,Matthew Stafford,QB,QB,,LAR,2025,3,REG,,19.0,33.0,196.0,2.0,1.0,,,,,,,,,,,,,,,,,,,,,,,,,,,,,,,,,,,,,
00-0028118,T.Taylor,Tyrod Taylor,QB,QB,,NYJ,2025,3,REG,,26.0,36.0,197.0,2.0,1.0,,,,,,,,,,,,,,,,,,,,,,,,,,,,,,,,,,,,,
00-0029263,R.Wilson,Russell Wilson,QB,QB,,NYG,2025,3,REG,,18.0,32.0,160.0,0.0,2.0,,,,,,,,,,,,,,,,,,,,,,,,,,,,,,,,,,,,,
00-0030279,K.Allen,Keenan Allen,WR,WR,,LAC,2025,3,REG,,,,,,,,,,,,,,,,,,,,,,,,,,7.0,11.0,65.0,1.0,,,,,,,,,,,,,,
00-0030506,T.Kelce,Travis Kelce,TE,TE,,KC,2025,3,REG,,,,,,,,,,,,,,,,,,,,,,,,,,4.0,7.0,26.0,0.0,,,,,,,,,,,,,,
00-0030565,G.Smith,Geno Smith,QB,QB,,LV,2025,3,REG,,19.0,29.0,289.0,3.0,0.0,,,,,,,,,,,,,,,,,,,,,,,,,,,,,,,,,,,,,
00-0031236,B.Cooks,Brandin Cooks,WR,WR,,NO,2025,3,REG,,,,,,,,,,,,,,,,,,,,,,,,,,3.0,5.0,24.0,0.0,,,,,,,,,,,,,,
00-0031381,D.Adams,Davante Adams,WR,WR,,LAR,2025,3,REG,,,,,,,,,,,,,,,,,,,,,,,,,,3.0,8.0,56.0,1.0,,,,,,,,,,,,,,
00-0031408,M.Evans,Mike Evans,WR,WR,,TB,2025,3,REG,,,,,,,,,,,,,,,,,,,,,,,,,,4.0,9.0,33.0,1.0,,,,,,,,,,,,,,
00-0032268,M.Mariota,Marcus Mariota,QB,QB,,WAS,2025,3,REG,,15.0,21.0,207.0,1.0,0.0,,,,,,,,,,,,,,,,,,,,,,,,,,,,,,,,,,,,,
00-0032385,S.Shepard,Sterling Shepard,WR,WR,,TB,2025,3,REG,,,,,,,,,,,,,,,,,,,,,,,,,,4.0,5.0,80.0,0.0,,,,,,,,,,,,,,
00-0032764,D.Henry,Derrick Henry,RB,RB,,BAL,2025,3,REG,,,,,,,,,,,,,,,,,,12.0,50.0,1.0,,,,,,,,,,,,,,,,,,,,,,,
00-0032950,C.Wentz,Carson Wentz,QB,QB,,MIN,2025,3,REG,,14.0,20.0,173.0,2.0,0.0,,,,,,,,,,,,,,,,,,,,,,,,,,,,,,,,,,,,,
00-0033040,T.Hill,Tyreek Hill,WR,WR,,MIA,2025,3,REG,,,,,,,,,,,,,,,,,,,,,,,,,,5.0,10.0,49.0,1.0,,,,,,,,,,,,,,
00-0033077,D.Prescott,Dak Prescott,QB,QB,,DAL,2025,3,REG,,31.0,40.0,251.0,1.0,2.0,,,,,,,,,,,,,,,,,,,,,,,,,,,,,,,,,,,,,
00-0033090,H.Henry,Hunter Henry,TE,TE,,NE,2025,3,REG,,,,,,,,,,,,,,,,,,,,,,,,,,8.0,11.0,90.0,2.0,,,,,,,,,,,,,,
00-0033106,J.Goff,Jared Goff,QB,QB,,DET,2025,3,REG,,20.0,28.0,202.0,1.0,0.0,,,,,,,,,,,,,,,,,,,,,,,,,,,,,,,,,,,,,
00-0033280,C.McCaffrey,Christian McCaffrey,RB,RB,,SF,2025,3,REG,,,,,,,,,,,,,,,,,,17.0,52.0,0.0,,,,,,,,,,,,,,,,,,,,,,,
00-0033307,K.Bourne,Kendrick Bourne,WR,WR,,SF,2025,3,REG,,,,,,,,,,,,,,,,,,,,,,,,,,4.0,6.0,38.0,0.0,,,,,,,,,,,,,,
00-0033873,P.Mahomes,Patrick Mahomes,QB,QB,,KC,2025,3,REG,,22.0,37.0,224.0,1.0,0.0,,,,,,,,,,,,,,,,,,,,,,,,,,,,,,,,,,,,,
00-0033885,D.Njoku,David Njoku,TE,TE,,CLE,2025,3,REG,,,,,,,,,,,,,,,,,,,,,,,,,,5.0,7.0,40.0,0.0,,,,,,,,,,,,,,
00-0033906,A.Kamara,Alvin Kamara,RB,RB,,NO,2025,3,REG,,,,,,,,,,,,,,,,,,18.0,42.0,0.0,,,,,,,,,,,,,,,,,,,,,,,
00-0033923,K.Hunt,Kareem Hunt,RB,RB,,KC,2025,3,REG,,,,,,,,,,,,,,,,,,10.0,34.0,1.0,,,,,,,,,,,,,,,,,,,,,,,
00-0034348,C.Sutton,Courtland Sutton,WR,WR,,DEN,2025,3,REG,,,,,,,,,,,,,,,,,,,,,,,,,,6.0,8.0,118.0,1.0,,,,,,,,,,,,,,
00-0034383,D.Schultz,Dalton Schultz,TE,TE,,HOU,2025,3,REG,,,,,,,,,,,,,,,,,,,,,,,,,,5.0,6.0,39.0,0.0,,,,,,,,,,,,,,
00-0034407,R.McCloud,Ray-Ray McCloud,WR,WR,,ATL,2025,3,REG,,,,,,,,,,,,,,,,,,,,,,,,,,2.0,5.0,20.0,0.0,,,,,,,,,,,,,,
00-0034753,M.Andrews,Mark Andrews,TE,TE,,BAL,2025,3,REG,,,,,,,,,,,,,,,,,,,,,,,,,,6.0,6.0,91.0,2.0,,,,,,,,,,,,,,
00-0034775,C.Kirk,Christian Kirk,WR,WR,,HOU,2025,3,REG,,,,,,,,,,,,,,,,,,,,,,,,,,3.0,8.0,25.0,0.0,,,,,,,,,,,,,,
00-0034796,L.Jackson,Lamar Jackson,QB,QB,,BAL,2025,3,REG,,21.0,27.0,288.0,3.0,0.0,,,,,,,,,,,,,,,,,,,,,,,,,,,,,,,,,,,,,
00-0034827,D.Moore,DJ Moore,WR,WR,,CHI,2025,3,REG,,,,,,,,,,,,,,,,,,,,,,,,,,4.0,5.0,21.0,1.0,,,,,,,,,,,,,,
00-0034837,C.Ridley,Calvin Ridley,WR,WR,,TEN,2025,3,REG,,,,,,,,,,,,,,,,,,,,,,,,,,1.0,7.0,27.0,0.0,,,,,,,,,,,,,,
00-0034844,S.Barkley,Saquon Barkley,RB,RB,,PHI,2025,3,REG,,,,,,,,,,,,,,,,,,18.0,46.0,0.0,,,,,,,,,,,,,,,,,,,,,,,
00-0034855,B.Mayfield,Baker Mayfield,QB,QB,,TB,2025,3,REG,,19.0,29.0,233.0,1.0,0.0,,,,,,,,,,,,,,,,,,,,,,,,,,,,,,,,,,,,,
00-0034857,J.Allen,Josh Allen,QB,QB,,BUF,2025,3,REG,,22.0,28.0,213.0,3.0,0.0,,,,,,,,,,,,,,,,,,,,,,,,,,,,,,,,,,,,,
00-0034869,S.Darnold,Sam Darnold,QB,QB,,SEA,2025,3,REG,,14.0,18.0,218.0,2.0,0.0,,,,,,,,,,,,,,,,,,,,,,,,,,,,,,,,,,,,,
00-0035100,J.Browning,Jake Browning,QB,QB,,CIN,2025,3,REG,,19.0,27.0,140.0,1.0,2.0,,,,,,,,,,,,,,,,,,,,,,,,,,,,,,,,,,,,,
00-0035228,K.Murray,Kyler Murray,QB,QB,,ARI,2025,3,REG,,22.0,35.0,159.0,1.0,0.0,,,,,,,,,,,,,,,,,,,,,,,,,,,,,,,,,,,,,
00-0035229,T.Hockenson,T.J. Hockenson,TE,TE,,MIN,2025,3,REG,,,,,,,,,,,,,,,,,,,,,,,,,,5.0,6.0,49.0,1.0,,,,,,,,,,,,,,
00-0035261,T.Pollard,Tony Pollard,RB,RB,,TEN,2025,3,REG,,,,,,,,,,,,,,,,,,16.0,45.0,1.0,,,,,,,,,,,,,,,,,,,,,,,
00-0035644,N.Fant,Noah Fant,TE,TE,,CIN,2025,3,REG,,,,,,,,,,,,,,,,,,,,,,,,,,5.0,5.0,26.0,0.0,,,,,,,,,,,,,,
00-0035662,M.Brown,Marquise Brown,WR,WR,,KC,2025,3,REG,,,,,,,,,,,,,,,,,,,,,,,,,,4.0,6.0,42.0,0.0,,,,,,,,,,,,,,
00-0035676,A.Brown,A.J. Brown,WR,WR,,PHI,2025,3,REG,,,,,,,,,,,,,,,,,,,,,,,,,,6.0,10.0,109.0,1.0,,,,,,,,,,,,,,
00-0035685,D.Montgomery,David Montgomery,RB,RB,,DET,2025,3,REG,,,,,,,,,,,,,,,,,,12.0,151.0,2.0,,,,,,,,,,,,,,,,,,,,,,,
00-0035700,J.Jacobs,Josh Jacobs,RB,RB,,GB,2025,3,REG,,,,,,,,,,,,,,,,,,16.0,30.0,0.0,,,,,,,,,,,,,,,,,,,,,,,
00-0035710,D.Jones,Daniel Jones,QB,QB,,IND,2025,3,REG,,18.0,25.0,228.0,1.0,0.0,,,,,,,,,,,,,,,,,,,,,,,,,,,,,,,,,,,,,
00-0036040,J.Johnson,Juwan Johnson,TE,TE,,NO,2025,3,REG,,,,,,,,,,,,,,,,,,,,,,,,,,6.0,8.0,51.0,0.0,,,,,,,,,,,,,,
00-0036139,R.Dowdle,Rico Dowdle,RB,RB,,CAR,2025,3,REG,,,,,,,,,,,,,,,,,,10.0,30.0,1.0,,,,,,,,,,,,,,,,,,,,,,,
00-0036158,J.Dobbins,J.K. Dobbins,RB,RB,,DEN,2025,3,REG,,,,,,,,,,,,,,,,,,11.0,83.0,1.0,,,,,,,,,,,,,,,,,,,,,,,
00-0036212,T.Tagovailoa,Tua Tagovailoa,QB,QB,,MIA,2025,3,REG,,22.0,34.0,146.0,2.0,1.0,,,,,,,,,,,,,,,,,,,,,,,,,,,,,,,,,,,,,
00-0036223,J.Taylor,Jonathan Taylor,RB,RB,,IND,2025,3,REG,,,,,,,,,,,,,,,,,,17.0,102.0,3.0,,,,,,,,,,,,,,,,,,,,,,,
00-0036252,M.Pittman,Michael Pittman,WR,WR,,IND,2025,3,REG,,,,,,,,,,,,,,,,,,,,,,,,,,6.0,6.0,73.0,1.0,,,,,,,,,,,,,,
00-0036264,J.Love,Jordan Love,QB,QB,,GB,2025,3,REG,,18.0,25.0,183.0,1.0,1.0,,,,,,,,,,,,,,,,,,,,,,,,,,,,,,,,,,,,,
00-0036275,D.Swift,D'Andre Swift,RB,RB,,CHI,2025,3,REG,,,,,,,,,,,,,,,,,,13.0,33.0,0.0,,,,,,,,,,,,,,,,,,,,,,,
00-0036309,D.Mooney,Darnell Mooney,WR,WR,,ATL,2025,3,REG,,,,,,,,,,,,,,,,,,,,,,,,,,4.0,11.0,44.0,0.0,,,,,,,,,,,,,,
00-0036322,J.Jefferson,Justin Jefferson,WR,WR,,MIN,2025,3,REG,,,,,,,,,,,,,,,,,,,,,,,,,,5.0,7.0,75.0,0.0,,,,,,,,,,,,,,
00-0036355,J.Herbert,Justin Herbert,QB,QB,,LAC,2025,3,REG,,28.0,47.0,300.0,1.0,1.0,,,,,,,,,,,,,,,,,,,,,,,,,,,,,,,,,,,,,
00-0036389,J.Hurts,Jalen Hurts,QB,QB,,PHI,2025,3,REG,,21.0,32.0,226.0,3.0,0.0,,,,,,,,,,,,,,,,,,,,,,,,,,,,,,,,,,,,,
00-0036407,J.Jeudy,Jerry Jeudy,WR,WR,,CLE,2025,3,REG,,,,,,,,,,,,,,,,,,,,,,,,,,1.0,5.0,17.0,0.0,,,,,,,,,,,,,,
00-0036550,R.Bateman,Rashod Bateman,WR,WR,,BAL,2025,3,REG,,,,,,,,,,,,,,,,,,,,,,,,,,5.0,7.0,63.0,1.0,,,,,,,,,,,,,,
00-0036554,N.Collins,Nico Collins,WR,WR,,HOU,2025,3,REG,,,,,,,,,,,,,,,,,,,,,,,,,,8.0,11.0,104.0,1.0,,,,,,,,,,,,,,
00-0036555,C.Hubbard,Chuba Hubbard,RB,RB,,CAR,2025,3,REG,,,,,,,,,,,,,,,,,,17.0,73.0,0.0,,,,,,,,,,,,,,,,,,,,,,,
00-0036613,J.Waddle,Jaylen Waddle,WR,WR,,MIA,2025,3,REG,,,,,,,,,,,,,,,,,,,,,,,,,,5.0,6.0,39.0,1.0,,,,,,,,,,,,,,
00-0036637,N.Gray,Noah Gray,TE,TE,,KC,2025,3,REG,,,,,,,,,,,,,,,,,,,,,,,,,,3.0,6.0,17.0,0.0,,,,,,,,,,,,,,
00-0036900,J.Chase,Ja'Marr Chase,WR,WR,,CIN,2025,3,REG,,,,,,,,,,,,,,,,,,,,,,,,,,5.0,6.0,50.0,0.0,,,,,,,,,,,,,,
00-0036912,D.Smith,DeVonta Smith,WR,WR,,PHI,2025,3,REG,,,,,,,,,,,,,,,,,,,,,,,,,,8.0,9.0,60.0,1.0,,,,,,,,,,,,,,
00-0036963,A.St. Brown,Amon-Ra St. Brown,WR,WR,,DET,2025,3,REG,,,,,,,,,,,,,,,,,,,,,,,,,,7.0,8.0,77.0,1.0,,,,,,,,,,,,,,
00-0036970,K.Pitts,Kyle Pitts,TE,TE,,ATL,2025,3,REG,,,,,,,,,,,,,,,,,,,,,,,,,,4.0,6.0,39.0,0.0,,,,,,,,,,,,,,
00-0036971,T.Lawrence,Trevor Lawrence,QB,QB,,JAX,2025,3,REG,,20.0,40.0,222.0,0.0,1.0,,,,,,,,,,,,,,,,,,,,,,,,,,,,,,,,,,,,,
00-0036972,M.Jones,Mac Jones,QB,QB,,SF,2025,3,REG,,27.0,41.0,284.0,1.0,1.0,,,,,,,,,,,,,,,,,,,,,,,,,,,,,,,,,,,,,
00-0036973,T.Etienne,Travis Etienne,RB,RB,,JAX,2025,3,REG,,,,,,,,,,,,,,,,,,16.0,56.0,1.0,,,,,,,,,,,,,,,,,,,,,,,
00-0036997,J.Williams,Javonte Williams,RB,RB,,DAL,2025,3,REG,,,,,,,,,,,,,,,,,,10.0,76.0,0.0,,,,,,,,,,,,,,,,,,,,,,,
00-0037197,I.Pacheco,Isiah Pacheco,RB,RB,,KC,2025,3,REG,,,,,,,,,,,,,,,,,,10.0,45.0,0.0,,,,,,,,,,,,,,,,,,,,,,,
00-0037228,J.Warren,Jaylen Warren,RB,RB,,PIT,2025,3,REG,,,,,,,,,,,,,,,,,,18.0,47.0,0.0,,,,,,,,,,,,,,,,,,,,,,,
00-0037238,D.London,Drake London,WR,WR,,ATL,2025,3,REG,,,,,,,,,,,,,,,,,,,,,,,,,,5.0,8.0,55.0,0.0,,,,,,,,,,,,,,
00-0037239,C.Olave,Chris Olave,WR,WR,,NO,2025,3,REG,,,,,,,,,,,,,,,,,,,,,,,,,,10.0,14.0,57.0,0.0,,,,,,,,,,,,,,
00-0037247,G.Pickens,George Pickens,WR,WR,,DAL,2025,3,REG,,,,,,,,,,,,,,,,,,,,,,,,,,5.0,9.0,68.0,1.0,,,,,,,,,,,,,,
00-0037248,J.Cook,James Cook,RB,RB,,BUF,2025,3,REG,,,,,,,,,,,,,,,,,,19.0,108.0,1.0,,,,,,,,,,,,,,,,,,,,,,,
00-0037291,J.Nailor,Jalen Nailor,WR,WR,,MIN,2025,3,REG,,,,,,,,,,,,,,,,,,,,,,,,,,3.0,5.0,37.0,0.0,,,,,,,,,,,,,,
00-0037525,J.Mason,Jordan Mason,RB,RB,,MIN,2025,3,REG,,,,,,,,,,,,,,,,,,16.0,116.0,2.0,,,,,,,,,,,,,,,,,,,,,,,
00-0037545,R.Shaheed,Rashid Shaheed,WR,WR,,NO,2025,3,REG,,,,,,,,,,,,,,,,,,,,,,,,,,4.0,6.0,42.0,0.0,,,,,,,,,,,,,,
00-0037664,A.Pierce,Alec Pierce,WR,WR,,IND,2025,3,REG,,,,,,,,,,,,,,,,,,,,,,,,,,4.0,5.0,67.0,0.0,,,,,,,,,,,,,,
00-0037666,J.Tolbert,Jalen Tolbert,WR,WR,,DAL,2025,3,REG,,,,,,,,,,,,,,,,,,,,,,,,,,3.0,6.0,24.0,0.0,,,,,,,,,,,,,,
00-0037740,G.Wilson,Garrett Wilson,WR,WR,,NYJ,2025,3,REG,,,,,,,,,,,,,,,,,,,,,,,,,,10.0,13.0,84.0,1.0,,,,,,,,,,,,,,
00-0037744,T.McBride,Trey McBride,TE,TE,,ARI,2025,3,REG,,,,,,,,,,,,,,,,,,,,,,,,,,5.0,8.0,43.0,1.0,,,,,,,,,,,,,,
00-0037809,C.Okonkwo,Chig Okonkwo,TE,TE,,TEN,2025,3,REG,,,,,,,,,,,,,,,,,,,,,,,,,,5.0,6.0,66.0,0.0,,,,,,,,,,,,,,
00-0037837,C.Austin,Calvin Austin III,WR,WR,,PIT,2025,3,REG,,,,,,,,,,,,,,,,,,,,,,,,,,3.0,5.0,34.0,1.0,,,,,,,,,,,,,,
00-0037840,K.Williams,Kyren Williams,RB,RB,,LAR,2025,3,REG,,,,,,,,,,,,,,,,,,20.0,94.0,0.0,,,,,,,,,,,,,,,,,,,,,,,
00-0038041,J.Ferguson,Jake Ferguson,TE,TE,,DAL,2025,3,REG,,,,,,,,,,,,,,,,,,,,,,,,,,13.0,14.0,82.0,0.0,,,,,,,,,,,,,,
00-0038104,T.Thornton,Tyquan Thornton,WR,WR,,KC,2025,3,REG,,,,,,,,,,,,,,,,,,,,,,,,,,5.0,9.0,71.0,1.0,,,,,,,,,,,,,,
00-0038134,K.Walker,Kenneth Walker III,RB,RB,,SEA,2025,3,REG,,,,,,,,,,,,,,,,,,16.0,38.0,2.0,,,,,,,,,,,,,,,,,,,,,,,
00-0038542,B.Robinson,Bijan Robinson,RB,RB,,ATL,2025,3,REG,,,,,,,,,,,,,,,,,,13.0,72.0,0.0,,,,,,,,,,,,,,,,,,,,,,,
00-0038543,J.Smith-Njigba,Jaxon Smith-Njigba,WR,WR,,SEA,2025,3,REG,,,,,,,,,,,,,,,,,,,,,,,,,,5.0,6.0,96.0,1.0,,,,,,,,,,,,,,
00-0038544,Q.Johnston,Quentin Johnston,WR,WR,,LAC,2025,3,REG,,,,,,,,,,,,,,,,,,,,,,,,,,6.0,9.0,89.0,0.0,,,,,,,,,,,,,,
00-0038563,T.Tucker,Tre Tucker,WR,WR,,LV,2025,3,REG,,,,,,,,,,,,,,,,,,,,,,,,,,8.0,9.0,145.0,3.0,,,,,,,,,,,,,,
00-0038597,C.Brown,Chase Brown,RB,RB,,CIN,2025,3,REG,,,,,,,,,,,,,,,,,,10.0,3.0,0.0,,,,,,,,,,,,,,,,,,,,,,,
00-0038606,P.Washington,Parker Washington,WR,WR,,JAX,2025,3,REG,,,,,,,,,,,,,,,,,,,,,,,,,,4.0,11.0,34.0,0.0,,,,,,,,,,,,,,
00-0038611,C.Rodriguez,Chris Rodriguez Jr.,RB,RB,,WAS,2025,3,REG,,,,,,,,,,,,,,,,,,11.0,39.0,0.0,,,,,,,,,,,,,,,,,,,,,,,
00-0038621,D.Douglas,DeMario Douglas,WR,WR,,NE,2025,3,REG,,,,,,,,,,,,,,,,,,,,,,,,,,2.0,5.0,7.0,0.0,,,,,,,,,,,,,,
00-0038933,D.Kincaid,Dalton Kincaid,TE,TE,,BUF,2025,3,REG,,,,,,,,,,,,,,,,,,,,,,,,,,5.0,6.0,66.0,1.0,,,,,,,,,,,,,,
00-0038935,B.Strange,Brenton Strange,TE,TE,,JAX,2025,3,REG,,,,,,,,,,,,,,,,,,,,,,,,,,6.0,7.0,61.0,0.0,,,,,,,,,,,,,,
00-0039040,D.Achane,De'Von Achane,RB,RB,,MIA,2025,3,REG,,,,,,,,,,,,,,,,,,12.0,62.0,0.0,,,,,,,,,,,,,,,,,,,,,,,
00-0039075,P.Nacua,Puka Nacua,WR,WR,,LAR,2025,3,REG,,,,,,,,,,,,,,,,,,,,,,,,,,11.0,15.0,112.0,0.0,,,,,,,,,,,,,,
00-0039139,J.Gibbs,Jahmyr Gibbs,RB,RB,,DET,2025,3,REG,,,,,,,,,,,,,,,,,,22.0,67.0,2.0,,,,,,,,,,,,,,,,,,,,,,,
00-0039150,B.Young,Bryce Young,QB,QB,,CAR,2025,3,REG,,16.0,24.0,121.0,0.0,0.0,,,,,,,,,,,,,,,,,,,,,,,,,,,,,,,,,,,,,
00-0039163,C.Stroud,C.J. Stroud,QB,QB,,HOU,2025,3,REG,,25.0,38.0,204.0,1.0,2.0,,,,,,,,,,,,,,,,,,,,,,,,,,,,,,,,,,,,,
00-0039299,G.Holani,George Holani,RB,RB,,SEA,2025,3,REG,,,,,,,,,,,,,,,,,,10.0,27.0,0.0,,,,,,,,,,,,,,,,,,,,,,,
00-0039337,M.Nabers,Malik Nabers,WR,WR,,NYG,2025,3,REG,,,,,,,,,,,,,,,,,,,,,,,,,,2.0,7.0,13.0,0.0,,,,,,,,,,,,,,
00-0039338,B.Bowers,Brock Bowers,TE,TE,,LV,2025,3,REG,,,,,,,,,,,,,,,,,,,,,,,,,,4.0,5.0,38.0,0.0,,,,,,,,,,,,,,
00-0039361,B.Irving,Bucky Irving,RB,RB,,TB,2025,3,REG,,,,,,,,,,,,,,,,,,25.0,66.0,0.0,,,,,,,,,,,,,,,,,,,,,,,
00-0039376,S.Rattler,Spencer Rattler,QB,QB,,NO,2025,3,REG,,28.0,39.0,218.0,1.0,1.0,,,,,,,,,,,,,,,,,,,,,,,,,,,,,,,,,,,,,
00-0039732,B.Nix,Bo Nix,QB,QB,,DEN,2025,3,REG,,14.0,25.0,153.0,1.0,0.0,,,,,,,,,,,,,,,,,,,,,,,,,,,,,,,,,,,,,
00-0039849,M.Harrison,Marvin Harrison Jr.,WR,WR,,ARI,2025,3,REG,,,,,,,,,,,,,,,,,,,,,,,,,,3.0,6.0,44.0,0.0,,,,,,,,,,,,,,
00-0039851,D.Maye,Drake Maye,QB,QB,,NE,2025,3,REG,,28.0,37.0,268.0,2.0,1.0,,,,,,,,,,,,,,,,,,,,,,,,,,,,,,,,,,,,,
00-0039880,M.Washington,Malik Washington,WR,WR,,MIA,2025,3,REG,,,,,,,,,,,,,,,,,,,,,,,,,,3.0,5.0,12.0,0.0,,,,,,,,,,,,,,
00-0039893,B.Thomas,Brian Thomas Jr.,WR,WR,,JAX,2025,3,REG,,,,,,,,,,,,,,,,,,,,,,,,,,2.0,6.0,55.0,0.0,,,,,,,,,,,,,,
00-0039915,L.McConkey,Ladd McConkey,WR,WR,,LAC,2025,3,REG,,,,,,,,,,,,,,,,,,,,,,,,,,4.0,7.0,41.0,0.0,,,,,,,,,,,,,,
00-0039916,R.Pearsall,Ricky Pearsall,WR,WR,,SF,2025,3,REG,,,,,,,,,,,,,,,,,,,,,,,,,,8.0,11.0,117.0,0.0,,,,,,,,,,,,,,
00-0039917,M.Penix,Michael Penix Jr.,QB,QB,,ATL,2025,3,REG,,18.0,36.0,172.0,0.0,2.0,,,,,,,,,,,,,,,,,,,,,,,,,,,,,,,,,,,,,
00-0039918,C.Williams,Caleb Williams,QB,QB,,CHI,2025,3,REG,,19.0,28.0,298.0,4.0,0.0,,,,,,,,,,,,,,,,,,,,,,,,,,,,,,,,,,,,,
00-0039919,R.Odunze,Rome Odunze,WR,WR,,CHI,2025,3,REG,,,,,,,,,,,,,,,,,,,,,,,,,,3.0,7.0,62.0,1.0,,,,,,,,,,,,,,
00-0039921,T.Benson,Trey Benson,RB,RB,,ARI,2025,3,REG,,,,,,,,,,,,,,,,,,10.0,42.0,0.0,,,,,,,,,,,,,,,,,,,,,,,
00-0040122,A.Jeanty,Ashton Jeanty,RB,RB,,LV,2025,3,REG,,,,,,,,,,,,,,,,,,17.0,63.0,0.0,,,,,,,,,,,,,,,,,,,,,,,
00-0040124,T.McMillan,Tetairoa McMillan,WR,WR,,CAR,2025,3,REG,,,,,,,,,,,,,,,,,,,,,,,,,,3.0,8.0,48.0,0.0,,,,,,,,,,,,,,
00-0040128,T.Warren,Tyler Warren,TE,TE,,IND,2025,3,REG,,,,,,,,,,,,,,,,,,,,,,,,,,3.0,5.0,38.0,0.0,,,,,,,,,,,,,,
00-0040129,E.Egbuka,Emeka Egbuka,WR,WR,,TB,2025,3,REG,,,,,,,,,,,,,,,,,,,,,,,,,,6.0,8.0,85.0,0.0,,,,,,,,,,,,,,
00-0040170,E.Ayomanor,Elic Ayomanor,WR,WR,,TEN,2025,3,REG,,,,,,,,,,,,,,,,,,,,,,,,,,4.0,5.0,38.0,1.0,,,,,,,,,,,,,,
00-0040189,O.Gadsden,Oronde Gadsden II,TE,TE,,LAC,2025,3,REG,,,,,,,,,,,,,,,,,,,,,,,,,,5.0,7.0,46.0,0.0,,,,,,,,,,,,,,
00-0040666,O.Hampton,Omarion Hampton,RB,RB,,LAC,2025,3,REG,,,,,,,,,,,,,,,,,,19.0,70.0,1.0,,,,,,,,,,,,,,,,,,,,,,,
00-0040676,C.Ward,Cam Ward,QB,QB,,TEN,2025,3,REG,,23.0,38.0,219.0,1.0,1.0,,,,,,,,,,,,,,,,,,,,,,,,,,,,,,,,,,,,,
00-0040715,C.Skattebo,Cam Skattebo,RB,RB,,NYG,2025,3,REG,,,,,,,,,,,,,,,,,,10.0,60.0,1.0,,,,,,,,,,,,,,,,,,,,,,,
00-0040734,T.Henderson,TreVeyon Henderson,RB,RB,,NE,2025,3,REG,,,,,,,,,,,,,,,,,,11.0,28.0,0.0,,,,,,,,,,,,,,,,,,,,,,,
00-0040736,M.Taylor,Mason Taylor,TE,TE,,NYJ,2025,3,REG,,,,,,,,,,,,,,,,,,,,,,,,,,4.0,6.0,18.0,0.0,,,,,,,,,,,,,,
00-0040784,Q.Judkins,Quinshon Judkins,RB,RB,,CLE,2025,3,REG,,,,,,,,,,,,,,,,,,18.0,94.0,1.0,,,,,,,,,,,,,,,,,,,,,,,
00-0023459,A.Rodgers,Aaron Rodgers,QB,QB,,PIT,2025,4,REG,,18.0,22.0,200.0,1.0,0.0,,,,,,,,,,,,,,,,,,,,,,,,,,,,,,,,,,,,,
00-0026158,J.Flacco,Joe Flacco,QB,QB,,CLE,2025,4,REG,,16.0,34.0,184.0,0.0,2.0,,,,,,,,,,,,,,,,,,,,,,,,,,,,,,,,,,,,,
00-0026498,M.Stafford,Matthew Stafford,QB,QB,,LAR,2025,4,REG,,29.0,41.0,375.0,3.0,0.0,,,,,,,,,,,,,,,,,,,,,,,,,,,,,,,,,,,,,
00-0030279,K.Allen,Keenan Allen,WR,WR,,LAC,2025,4,REG,,,,,,,,,,,,,,,,,,,,,,,,,,5.0,7.0,37.0,0.0,,,,,,,,,,,,,,
00-0030506,T.Kelce,Travis Kelce,TE,TE,,KC,2025,4,REG,,,,,,,,,,,,,,,,,,,,,,,,,,5.0,5.0,48.0,0.0,,,,,,,,,,,,,,
00-0030565,G.Smith,Geno Smith,QB,QB,,LV,2025,4,REG,,14.0,21.0,117.0,2.0,3.0,,,,,,,,,,,,,,,,,,,,,,,,,,,,,,,,,,,,,
00-0031381,D.Adams,Davante Adams,WR,WR,,LAR,2025,4,REG,,,,,,,,,,,,,,,,,,,,,,,,,,4.0,6.0,56.0,1.0,,,,,,,,,,,,,,
00-0031588,S.Diggs,Stefon Diggs,WR,WR,,NE,2025,4,REG,,,,,,,,,,,,,,,,,,,,,,,,,,6.0,7.0,101.0,0.0,,,,,,,,,,,,,,
00-0032268,M.Mariota,Marcus Mariota,QB,QB,,WAS,2025,4,REG,,16.0,27.0,156.0,2.0,1.0,,,,,,,,,,,,,,,,,,,,,,,,,,,,,,,,,,,,,
00-0032950,C.Wentz,Carson Wentz,QB,QB,,MIN,2025,4,REG,,30.0,46.0,350.0,2.0,2.0,,,,,,,,,,,,,,,,,,,,,,,,,,,,,,,,,,,,,
00-0033040,T.Hill,Tyreek Hill,WR,WR,,MIA,2025,4,REG,,,,,,,,,,,,,,,,,,,,,,,,,,6.0,6.0,67.0,0.0,,,,,,,,,,,,,,
00-0033077,D.Prescott,Dak Prescott,QB,QB,,DAL,2025,4,REG,,31.0,40.0,319.0,3.0,0.0,,,,,,,,,,,,,,,,,,,,,,,,,,,,,,,,,,,,,
00-0033106,J.Goff,Jared Goff,QB,QB,,DET,2025,4,REG,,16.0,27.0,168.0,2.0,1.0,,,,,,,,,,,,,,,,,,,,,,,,,,,,,,,,,,,,,
00-0033110,T.Higbee,Tyler Higbee,TE,TE,,LAR,2025,4,REG,,,,,,,,,,,,,,,,,,,,,,,,,,2.0,5.0,25.0,0.0,,,,,,,,,,,,,,
00-0033280,C.McCaffrey,Christian McCaffrey,RB,RB,,SF,2025,4,REG,,,,,,,,,,,,,,,,,,17.0,49.0,0.0,,,,,,,,,,,,,,,,,,,,,,,
00-0033857,J.Smith-Schuster,JuJu Smith-Schuster,WR,WR,,KC,2025,4,REG,,,,,,,,,,,,,,,,,,,,,,,,,,4.0,6.0,36.0,1.0,,,,,,,,,,,,,,
00-0033873,P.Mahomes,Patrick Mahomes,QB,QB,,KC,2025,4,REG,,25.0,37.0,270.0,4.0,0.0,,,,,,,,,,,,,,,,,,,,,,,,,,,,,,,,,,,,,
00-0033881,E.Engram,Evan Engram,TE,TE,,DEN,2025,4,REG,,,,,,,,,,,,,,,,,,,,,,,,,,4.0,7.0,29.0,0.0,,,,,,,,,,,,,,
00-0033906,A.Kamara,Alvin Kamara,RB,RB,,NO,2025,4,REG,,,,,,,,,,,,,,,,,,15.0,70.0,0.0,,,,,,,,,,,,,,,,,,,,,,,
00-0033908,C.Kupp,Cooper Kupp,WR,WR,,SEA,2025,4,REG,,,,,,,,,,,,,,,,,,,,,,,,,,4.0,5.0,26.0,0.0,,,,,,,,,,,,,,
00-0033921,C.Godwin,Chris Godwin Jr.,WR,WR,,TB,2025,4,REG,,,,,,,,,,,,,,,,,,,,,,,,,,3.0,10.0,26.0,0.0,,,,,,,,,,,,,,
00-0033923,K.Hunt,Kareem Hunt,RB,RB,,KC,2025,4,REG,,,,,,,,,,,,,,,,,,13.0,34.0,0.0,,,,,,,,,,,,,,,,,,,,,,,
00-0034348,C.Sutton,Courtland Sutton,WR,WR,,DEN,2025,4,REG,,,,,,,,,,,,,,,,,,,,,,,,,,5.0,6.0,81.0,1.0,,,,,,,,,,,,,,
00-0034383,D.Schultz,Dalton Schultz,TE,TE,,HOU,2025,4,REG,,,,,,,,,,,,,,,,,,,,,,,,,,5.0,6.0,30.0,0.0,,,,,,,,,,,,,,
00-0034753,M.Andrews,Mark Andrews,TE,TE,,BAL,2025,4,REG,,,,,,,,,,,,,,,,,,,,,,,,,,7.0,8.0,30.0,0.0,,,,,,,,,,,,,,
00-0034791,N.Chubb,Nick Chubb,RB,RB,,HOU,2025,4,REG,,,,,,,,,,,,,,,,,,13.0,47.0,0.0,,,,,,,,,,,,,,,,,,,,,,,
00-0034796,L.Jackson,Lamar Jackson,QB,QB,,BAL,2025,4,REG,,14.0,20.0,147.0,1.0,1.0,,,,,,,,,,,,,,,,,,,,,,,,,,,,,,,,,,,,,
00-0034827,D.Moore,DJ Moore,WR,WR,,CHI,2025,4,REG,,,,,,,,,,,,,,,,,,,,,,,,,,4.0,5.0,38.0,0.0,,,,,,,,,,,,,,
00-0034844,S.Barkley,Saquon Barkley,RB,RB,,PHI,2025,4,REG,,,,,,,,,,,,,,,,,,19.0,43.0,1.0,,,,,,,,,,,,,,,,,,,,,,,
00-0034855,B.Mayfield,Baker Mayfield,QB,QB,,TB,2025,4,REG,,22.0,40.0,289.0,2.0,1.0,,,,,,,,,,,,,,,,,,,,,,,,,,,,,,,,,,,,,
00-0034857,J.Allen,Josh Allen,QB,QB,,BUF,2025,4,REG,,16.0,22.0,209.0,2.0,1.0,,,,,,,,,,,,,,,,,,,,,,,,,,,,,,,,,,,,,
00-0034869,S.Darnold,Sam Darnold,QB,QB,,SEA,2025,4,REG,,18.0,26.0,242.0,1.0,0.0,,,,,,,,,,,,,,,,,,,,,,,,,,,,,,,,,,,,,
00-0034960,J.Meyers,Jakobi Meyers,WR,WR,,LV,2025,4,REG,,,,,,,,,,,,,,,,,,,,,,,,,,4.0,7.0,30.0,0.0,,,,,,,,,,,,,,
00-0035100,J.Browning,Jake Browning,QB,QB,,CIN,2025,4,REG,,14.0,25.0,125.0,0.0,0.0,,,,,,,,,,,,,,,,,,,,,,,,,,,,,,,,,,,,,
00-0035208,O.Zaccheaus,Olamide Zaccheaus,WR,WR,,CHI,2025,4,REG,,,,,,,,,,,,,,,,,,,,,,,,,,5.0,6.0,41.0,0.0,,,,,,,,,,,,,,
00-0035228,K.Murray,Kyler Murray,QB,QB,,ARI,2025,4,REG,,27.0,41.0,200.0,2.0,2.0,,,,,,,,,,,,,,,,,,,,,,,,,,,,,,,,,,,,,
00-0035229,T.Hockenson,T.J. Hockenson,TE,TE,,MIN,2025,4,REG,,,,,,,,,,,,,,,,,,,,,,,,,,4.0,5.0,39.0,0.0,,,,,,,,,,,,,,
00-0035261,T.Pollard,Tony Pollard,RB,RB,,TEN,2025,4,REG,,,,,,,,,,,,,,,,,,14.0,64.0,0.0,,,,,,,,,,,,,,,,,,,,,,,
00-0035500,G.Dortch,Greg Dortch,WR,WR,,ARI,2025,4,REG,,,,,,,,,,,,,,,,,,,,,,,,,,4.0,5.0,35.0,0.0,,,,,,,,,,,,,,
00-0035640,D.Metcalf,DK Metcalf,WR,WR,,PIT,2025,4,REG,,,,,,,,,,,,,,,,,,,,,,,,,,5.0,5.0,126.0,1.0,,,,,,,,,,,,,,
00-0035662,M.Brown,Marquise Brown,WR,WR,,KC,2025,4,REG,,,,,,,,,,,,,,,,,,,,,,,,,,3.0,5.0,38.0,1.0,,,,,,,,,,,,,,
00-0035676,A.Brown,A.J. Brown,WR,WR,,PHI,2025,4,REG,,,,,,,,,,,,,,,,,,,,,,,,,,2.0,9.0,7.0,0.0,,,,,,,,,,,,,,
00-0035700,J.Jacobs,Josh Jacobs,RB,RB,,GB,2025,4,REG,,,,,,,,,,,,,,,,,,22.0,86.0,2.0,,,,,,,,,,,,,,,,,,,,,,,
00-0035710,D.Jones,Daniel Jones,QB,QB,,IND,2025,4,REG,,24.0,33.0,262.0,1.0,2.0,,,,,,,,,,,,,,,,,,,,,,,,,,,,,,,,,,,,,
00-0035719,D.Samuel,Deebo Samuel Sr.,WR,WR,,WAS,2025,4,REG,,,,,,,,,,,,,,,,,,,,,,,,,,6.0,6.0,72.0,1.0,,,,,,,,,,,,,,
00-0036158,J.Dobbins,J.K. Dobbins,RB,RB,,DEN,2025,4,REG,,,,,,,,,,,,,,,,,,16.0,101.0,0.0,,,,,,,,,,,,,,,,,,,,,,,
00-0036212,T.Tagovailoa,Tua Tagovailoa,QB,QB,,MIA,2025,4,REG,,17.0,25.0,177.0,2.0,0.0,,,,,,,,,,,,,,,,,,,,,,,,,,,,,,,,,,,,,
00-0036223,J.Taylor,Jonathan Taylor,RB,RB,,IND,2025,4,REG,,,,,,,,,,,,,,,,,,17.0,76.0,0.0,,,,,,,,,,,,,,,,,,,,,,,
00-0036252,M.Pittman,Michael Pittman,WR,WR,,IND,2025,4,REG,,,,,,,,,,,,,,,,,,,,,,,,,,5.0,10.0,41.0,1.0,,,,,,,,,,,,,,
00-0036264,J.Love,Jordan Love,QB,QB,,GB,2025,4,REG,,31.0,43.0,337.0,3.0,0.0,,,,,,,,,,,,,,,,,,,,,,,,,,,,,,,,,,,,,
00-0036275,D.Swift,D'Andre Swift,RB,RB,,CHI,2025,4,REG,,,,,,,,,,,,,,,,,,14.0,38.0,1.0,,,,,,,,,,,,,,,,,,,,,,,
00-0036290,C.Kmet,Cole Kmet,TE,TE,,CHI,2025,4,REG,,,,,,,,,,,,,,,,,,,,,,,,,,3.0,9.0,46.0,0.0,,,,,,,,,,,,,,
00-0036322,J.Jefferson,Justin Jefferson,WR,WR,,MIN,2025,4,REG,,,,,,,,,,,,,,,,,,,,,,,,,,10.0,11.0,126.0,0.0,,,,,,,,,,,,,,
00-0036355,J.Herbert,Justin Herbert,QB,QB,,LAC,2025,4,REG,,23.0,41.0,203.0,1.0,2.0,,,,,,,,,,,,,,,,,,,,,,,,,,,,,,,,,,,,,
00-0036389,J.Hurts,Jalen Hurts,QB,QB,,PHI,2025,4,REG,,15.0,24.0,130.0,2.0,0.0,,,,,,,,,,,,,,,,,,,,,,,,,,,,,,,,,,,,,
00-0036407,J.Jeudy,Jerry Jeudy,WR,WR,,CLE,2025,4,REG,,,,,,,,,,,,,,,,,,,,,,,,,,3.0,9.0,48.0,0.0,,,,,,,,,,,,,,
00-0036410,T.Higgins,Tee Higgins,WR,WR,,CIN,2025,4,REG,,,,,,,,,,,,,,,,,,,,,,,,,,3.0,6.0,32.0,0.0,,,,,,,,,,,,,,
00-0036554,N.Collins,Nico Collins,WR,WR,,HOU,2025,4,REG,,,,,,,,,,,,,,,,,,,,,,,,,,4.0,6.0,79.0,0.0,,,,,,,,,,,,,,
00-0036555,C.Hubbard,Chuba Hubbard,RB,RB,,CAR,2025,4,REG,,,,,,,,,,,,,,,,,,10.0,49.0,0.0,,,,,,,,,,,,,,,,,,,,,,,
00-0036613,J.Waddle,Jaylen Waddle,WR,WR,,MIA,2025,4,REG,,,,,,,,,,,,,,,,,,,,,,,,,,3.0,6.0,48.0,0.0,,,,,,,,,,,,,,
00-0036900,J.Chase,Ja'Marr Chase,WR,WR,,CIN,2025,4,REG,,,,,,,,,,,,,,,,,,,,,,,,,,5.0,8.0,23.0,0.0,,,,,,,,,,,,,,
00-0036919,K.Gainwell,Kenneth Gainwell,RB,RB,,PIT,2025,4,REG,,,,,,,,,,,,,,,,,,19.0,99.0,2.0,,,,,,,,,,,,,,,,,,,,,,,
00-0036945,J.Fields,Justin Fields,QB,QB,,NYJ,2025,4,REG,,20.0,27.0,226.0,1.0,0.0,,,,,,,,,,,,,,,,,,,,,,,,,,,,,,,,,,,,,
00-0036963,A.St. Brown,Amon-Ra St. Brown,WR,WR,,DET,2025,4,REG,,,,,,,,,,,,,,,,,,,,,,,,,,7.0,7.0,70.0,2.0,,,,,,,,,,,,,,
00-0036970,K.Pitts,Kyle Pitts,TE,TE,,ATL,2025,4,REG,,,,,,,,,,,,,,,,,,,,,,,,,,5.0,5.0,70.0,1.0,,,,,,,,,,,,,,
00-0036971,T.Lawrence,Trevor Lawrence,QB,QB,,JAX,2025,4,REG,,21.0,31.0,174.0,1.0,0.0,,,,,,,,,,,,,,,,,,,,,,,,,,,,,,,,,,,,,
00-0036973,T.Etienne,Travis Etienne,RB,RB,,JAX,2025,4,REG,,,,,,,,,,,,,,,,,,19.0,124.0,1.0,,,,,,,,,,,,,,,,,,,,,,,
00-0036997,J.Williams,Javonte Williams,RB,RB,,DAL,2025,4,REG,,,,,,,,,,,,,,,,,,20.0,85.0,1.0,,,,,,,,,,,,,,,,,,,,,,,
00-0037005,T.Tremble,Tommy Tremble,TE,TE,,CAR,2025,4,REG,,,,,,,,,,,,,,,,,,,,,,,,,,5.0,8.0,42.0,1.0,,,,,,,,,,,,,,
00-0037112,J.Tonges,Jake Tonges,TE,TE,,SF,2025,4,REG,,,,,,,,,,,,,,,,,,,,,,,,,,3.0,5.0,58.0,1.0,,,,,,,,,,,,,,
00-0037238,D.London,Drake London,WR,WR,,ATL,2025,4,REG,,,,,,,,,,,,,,,,,,,,,,,,,,8.0,10.0,110.0,1.0,,,,,,,,,,,,,,
00-0037239,C.Olave,Chris Olave,WR,WR,,NO,2025,4,REG,,,,,,,,,,,,,,,,,,,,,,,,,,3.0,6.0,20.0,1.0,,,,,,,,,,,,,,
00-0037240,J.Williams,Jameson Williams,WR,WR,,DET,2025,4,REG,,,,,,,,,,,,,,,,,,,,,,,,,,2.0,8.0,40.0,0.0,,,,,,,,,,,,,,
00-0037247,G.Pickens,George Pickens,WR,WR,,DAL,2025,4,REG,,,,,,,,,,,,,,,,,,,,,,,,,,8.0,11.0,134.0,2.0,,,,,,,,,,,,,,
00-0037248,J.Cook,James Cook,RB,RB,,BUF,2025,4,REG,,,,,,,,,,,,,,,,,,22.0,117.0,1.0,,,,,,,,,,,,,,,,,,,,,,,
00-0037261,K.Shakir,Khalil Shakir,WR,WR,,BUF,2025,4,REG,,,,,,,,,,,,,,,,,,,,,,,,,,5.0,5.0,69.0,1.0,,,,,,,,,,,,,,
00-0037263,T.Allgeier,Tyler Allgeier,RB,RB,,ATL,2025,4,REG,,,,,,,,,,,,,,,,,,16.0,51.0,1.0,,,,,,,,,,,,,,,,,,,,,,,
00-0037525,J.Mason,Jordan Mason,RB,RB,,MIN,2025,4,REG,,,,,,,,,,,,,,,,,,16.0,57.0,0.0,,,,,,,,,,,,,,,,,,,,,,,
00-0037545,R.Shaheed,Rashid Shaheed,WR,WR,,NO,2025,4,REG,,,,,,,,,,,,,,,,,,,,,,,,,,4.0,5.0,47.0,0.0,,,,,,,,,,,,,,
00-0037666,J.Tolbert,Jalen Tolbert,WR,WR,,DAL,2025,4,REG,,,,,,,,,,,,,,,,,,,,,,,,,,4.0,6.0,61.0,0.0,,,,,,,,,,,,,,
00-0037740,G.Wilson,Garrett Wilson,WR,WR,,NYJ,2025,4,REG,,,,,,,,,,,,,,,,,,,,,,,,,,6.0,8.0,82.0,1.0,,,,,,,,,,,,,,
00-0037744,T.McBride,Trey McBride,TE,TE,,ARI,2025,4,REG,,,,,,,,,,,,,,,,,,,,,,,,,,7.0,11.0,52.0,0.0,,,,,,,,,,,,,,
00-0037816,R.Doubs,Romeo Doubs,WR,WR,,GB,2025,4,REG,,,,,,,,,,,,,,,,,,,,,,,,,,6.0,8.0,58.0,3.0,,,,,,,,,,,,,,
00-0037834,B.Purdy,Brock Purdy,QB,QB,,SF,2025,4,REG,,22.0,38.0,309.0,2.0,2.0,,,,,,,,,,,,,,,,,,,,,,,,,,,,,,,,,,,,,
00-0037840,K.Williams,Kyren Williams,RB,RB,,LAR,2025,4,REG,,,,,,,,,,,,,,,,,,13.0,77.0,0.0,,,,,,,,,,,,,,,,,,,,,,,
00-0038041,J.Ferguson,Jake Ferguson,TE,TE,,DAL,2025,4,REG,,,,,,,,,,,,,,,,,,,,,,,,,,7.0,7.0,40.0,1.0,,,,,,,,,,,,,,
00-0038117,W.Robinson,Wan'Dale Robinson,WR,WR,,NYG,2025,4,REG,,,,,,,,,,,,,,,,,,,,,,,,,,3.0,5.0,14.0,0.0,,,,,,,,,,,,,,
00-0038120,B.Hall,Breece Hall,RB,RB,,NYJ,2025,4,REG,,,,,,,,,,,,,,,,,,14.0,81.0,0.0,,,,,,,,,,,,,,,,,,,,,,,
00-0038134,K.Walker,Kenneth Walker III,RB,RB,,SEA,2025,4,REG,,,,,,,,,,,,,,,,,,19.0,81.0,0.0,,,,,,,,,,,,,,,,,,,,,,,
00-0038542,B.Robinson,Bijan Robinson,RB,RB,,ATL,2025,4,REG,,,,,,,,,,,,,,,,,,17.0,75.0,1.0,,,,,,,,,,,,,,,,,,,,,,,
00-0038543,J.Smith-Njigba,Jaxon Smith-Njigba,WR,WR,,SEA,2025,4,REG,,,,,,,,,,,,,,,,,,,,,,,,,,4.0,5.0,79.0,0.0,,,,,,,,,,,,,,
00-0038544,Q.Johnston,Quentin Johnston,WR,WR,,LAC,2025,4,REG,,,,,,,,,,,,,,,,,,,,,,,,,,8.0,13.0,98.0,1.0,,,,,,,,,,,,,,
00-0038551,K.Miller,Kendre Miller,RB,RB,,NO,2025,4,REG,,,,,,,,,,,,,,,,,,11.0,65.0,1.0,,,,,,,,,,,,,,,,,,,,,,,
00-0038559,Mi.Wilson,Michael Wilson,WR,WR,,ARI,2025,4,REG,,,,,,,,,,,,,,,,,,,,,,,,,,3.0,6.0,15.0,0.0,,,,,,,,,,,,,,
00-0038597,C.Brown,Chase Brown,RB,RB,,CIN,2025,4,REG,,,,,,,,,,,,,,,,,,10.0,40.0,0.0,,,,,,,,,,,,,,,,,,,,,,,
00-0038935,B.Strange,Brenton Strange,TE,TE,,JAX,2025,4,REG,,,,,,,,,,,,,,,,,,,,,,,,,,6.0,7.0,45.0,0.0,,,,,,,,,,,,,,
00-0038976,M.Mims,Marvin Mims Jr.,WR,WR,,DEN,2025,4,REG,,,,,,,,,,,,,,,,,,,,,,,,,,6.0,6.0,69.0,0.0,,,,,,,,,,,,,,
00-0038994,J.Addison,Jordan Addison,WR,WR,,MIN,2025,4,REG,,,,,,,,,,,,,,,,,,,,,,,,,,4.0,8.0,114.0,0.0,,,,,,,,,,,,,,
00-0038996,T.Kraft,Tucker Kraft,TE,TE,,GB,2025,4,REG,,,,,,,,,,,,,,,,,,,,,,,,,,5.0,5.0,56.0,0.0,,,,,,,,,,,,,,
00-0038997,J.Downs,Josh Downs,WR,WR,,IND,2025,4,REG,,,,,,,,,,,,,,,,,,,,,,,,,,4.0,5.0,24.0,0.0,,,,,,,,,,,,,,
00-0039040,D.Achane,De'Von Achane,RB,RB,,MIA,2025,4,REG,,,,,,,,,,,,,,,,,,20.0,99.0,1.0,,,,,,,,,,,,,,,,,,,,,,,
00-0039064,Z.Flowers,Zay Flowers,WR,WR,,BAL,2025,4,REG,,,,,,,,,,,,,,,,,,,,,,,,,,7.0,8.0,74.0,0.0,,,,,,,,,,,,,,
00-0039075,P.Nacua,Puka Nacua,WR,WR,,LAR,2025,4,REG,,,,,,,,,,,,,,,,,,,,,,,,,,13.0,15.0,170.0,1.0,,,,,,,,,,,,,,
00-0039139,J.Gibbs,Jahmyr Gibbs,RB,RB,,DET,2025,4,REG,,,,,,,,,,,,,,,,,,15.0,91.0,1.0,,,,,,,,,,,,,,,,,,,,,,,
00-0039150,B.Young,Bryce Young,QB,QB,,CAR,2025,4,REG,,18.0,30.0,150.0,1.0,0.0,,,,,,,,,,,,,,,,,,,,,,,,,,,,,,,,,,,,,
00-0039163,C.Stroud,C.J. Stroud,QB,QB,,HOU,2025,4,REG,,22.0,28.0,233.0,2.0,0.0,,,,,,,,,,,,,,,,,,,,,,,,,,,,,,,,,,,,,
00-0039165,Z.Charbonnet,Zach Charbonnet,RB,RB,,SEA,2025,4,REG,,,,,,,,,,,,,,,,,,12.0,39.0,1.0,,,,,,,,,,,,,,,,,,,,,,,
00-0039338,B.Bowers,Brock Bowers,TE,TE,,LV,2025,4,REG,,,,,,,,,,,,,,,,,,,,,,,,,,5.0,6.0,46.0,0.0,,,,,,,,,,,,,,
00-0039361,B.Irving,Bucky Irving,RB,RB,,TB,2025,4,REG,,,,,,,,,,,,,,,,,,15.0,63.0,0.0,,,,,,,,,,,,,,,,,,,,,,,
00-0039376,S.Rattler,Spencer Rattler,QB,QB,,NO,2025,4,REG,,18.0,27.0,126.0,1.0,0.0,,,,,,,,,,,,,,,,,,,,,,,,,,,,,,,,,,,,,
00-0039732,B.Nix,Bo Nix,QB,QB,,DEN,2025,4,REG,,29.0,42.0,326.0,2.0,1.0,,,,,,,,,,,,,,,,,,,,,,,,,,,,,,,,,,,,,
00-0039847,T.Johnson,Theo Johnson,TE,TE,,NYG,2025,4,REG,,,,,,,,,,,,,,,,,,,,,,,,,,3.0,5.0,17.0,1.0,,,,,,,,,,,,,,
00-0039849,M.Harrison,Marvin Harrison Jr.,WR,WR,,ARI,2025,4,REG,,,,,,,,,,,,,,,,,,,,,,,,,,6.0,10.0,66.0,1.0,,,,,,,,,,,,,,
00-0039851,D.Maye,Drake Maye,QB,QB,,NE,2025,4,REG,,14.0,17.0,203.0,2.0,0.0,,,,,,,,,,,,,,,,,,,,,,,,,,,,,,,,,,,,,
00-0039868,T.Franklin,Troy Franklin,WR,WR,,DEN,2025,4,REG,,,,,,,,,,,,,,,,,,,,,,,,,,4.0,8.0,55.0,0.0,,,,,,,,,,,,,,
00-0039893,B.Thomas,Brian Thomas Jr.,WR,WR,,JAX,2025,4,REG,,,,,,,,,,,,,,,,,,,,,,,,,,5.0,7.0,49.0,0.0,,,,,,,,,,,,,,
00-0039894,X.Worthy,Xavier Worthy,WR,WR,,KC,2025,4,REG,,,,,,,,,,,,,,,,,,,,,,,,,,5.0,8.0,83.0,0.0,,,,,,,,,,,,,,
00-0039915,L.McConkey,Ladd McConkey,WR,WR,,LAC,2025,4,REG,,,,,,,,,,,,,,,,,,,,,,,,,,1.0,6.0,11.0,0.0,,,,,,,,,,,,,,
00-0039916,R.Pearsall,Ricky Pearsall,WR,WR,,SF,2025,4,REG,,,,,,,,,,,,,,,,,,,,,,,,,,4.0,5.0,46.0,0.0,,,,,,,,,,,,,,
00-0039917,M.Penix,Michael Penix Jr.,QB,QB,,ATL,2025,4,REG,,20.0,26.0,313.0,2.0,1.0,,,,,,,,,,,,,,,,,,,,,,,,,,,,,,,,,,,,,
00-0039918,C.Williams,Caleb Williams,QB,QB,,CHI,2025,4,REG,,22.0,37.0,212.0,1.0,1.0,,,,,,,,,,,,,,,,,,,,,,,,,,,,,,,,,,,,,
00-0039919,R.Odunze,Rome Odunze,WR,WR,,CHI,2025,4,REG,,,,,,,,,,,,,,,,,,,,,,,,,,4.0,8.0,69.0,1.0,,,,,,,,,,,,,,
00-0040122,A.Jeanty,Ashton Jeanty,RB,RB,,LV,2025,4,REG,,,,,,,,,,,,,,,,,,21.0,138.0,1.0,,,,,,,,,,,,,,,,,,,,,,,
00-0040124,T.McMillan,Tetairoa McMillan,WR,WR,,CAR,2025,4,REG,,,,,,,,,,,,,,,,,,,,,,,,,,4.0,8.0,62.0,0.0,,,,,,,,,,,,,,
00-0040128,T.Warren,Tyler Warren,TE,TE,,IND,2025,4,REG,,,,,,,,,,,,,,,,,,,,,,,,,,5.0,6.0,70.0,0.0,,,,,,,,,,,,,,
00-0040129,E.Egbuka,Emeka Egbuka,WR,WR,,TB,2025,4,REG,,,,,,,,,,,,,,,,,,,,,,,,,,4.0,10.0,101.0,1.0,,,,,,,,,,,,,,
00-0040170,E.Ayomanor,Elic Ayomanor,WR,WR,,TEN,2025,4,REG,,,,,,,,,,,,,,,,,,,,,,,,,,2.0,7.0,44.0,0.0,,,,,,,,,,,,,,
00-0040583,W.Marks,Woody Marks,RB,RB,,HOU,2025,4,REG,,,,,,,,,,,,,,,,,,17.0,69.0,1.0,,,,,,,,,,,,,,,,,,,,,,,
00-0040663,H.Fannin,Harold Fannin Jr.,TE,TE,,CLE,2025,4,REG,,,,,,,,,,,,,,,,,,,,,,,,,,2.0,6.0,24.0,0.0,,,,,,,,,,,,,,
00-0040666,O.Hampton,Omarion Hampton,RB,RB,,LAC,2025,4,REG,,,,,,,,,,,,,,,,,,12.0,128.0,1.0,,,,,,,,,,,,,,,,,,,,,,,
00-0040667,M.Golden,Matthew Golden,WR,WR,,GB,2025,4,REG,,,,,,,,,,,,,,,,,,,,,,,,,,5.0,6.0,58.0,0.0,,,,,,,,,,,,,,
00-0040676,C.Ward,Cam Ward,QB,QB,,TEN,2025,4,REG,,10.0,26.0,108.0,0.0,1.0,,,,,,,,,,,,,,,,,,,,,,,,,,,,,,,,,,,,,
00-0040691,J.Dart,Jaxson Dart,QB,QB,,NYG,2025,4,REG,,13.0,20.0,111.0,1.0,0.0,,,,,,,,,,,,,,,,,,,,,,,,,,,,,,,,,,,,,
00-0040715,C.Skattebo,Cam Skattebo,RB,RB,,NYG,2025,4,REG,,,,,,,,,,,,,,,,,,25.0,79.0,0.0,,,,,,,,,,,,,,,,,,,,,,,
00-0040718,T.Hunter,Travis Hunter,WR,WR,,JAX,2025,4,REG,,,,,,,,,,,,,,,,,,,,,,,,,,3.0,5.0,42.0,0.0,,,,,,,,,,,,,,
00-0040730,R.Harvey,RJ Harvey,RB,RB,,DEN,2025,4,REG,,,,,,,,,,,,,,,,,,14.0,58.0,0.0,,,,,,,,,,,,,,,,,,,,,,,
00-0040736,M.Taylor,Mason Taylor,TE,TE,,NYJ,2025,4,REG,,,,,,,,,,,,,,,,,,,,,,,,,,5.0,7.0,65.0,0.0,,,,,,,,,,,,,,
00-0040782,I.Bond,Isaiah Bond,WR,WR,,CLE,2025,4,REG,,,,,,,,,,,,,,,,,,,,,,,,,,3.0,6.0,58.0,0.0,,,,,,,,,,,,,,
00-0040784,Q.Judkins,Quinshon Judkins,RB,RB,,CLE,2025,4,REG,,,,,,,,,,,,,,,,,,21.0,82.0,1.0,,,,,,,,,,,,,,,,,,,,,,,
00-0026498,M.Stafford,Matthew Stafford,QB,QB,,LAR,2025,5,REG,,30.0,47.0,389.0,3.0,0.0,,,,,,,,,,,,,,,,,,,,,,,,,,,,,,,,,,,,,
00-0030279,K.Allen,Keenan Allen,WR,WR,,LAC,2025,5,REG,,,,,,,,,,,,,,,,,,,,,,,,,,5.0,9.0,58.0,0.0,,,,,,,,,,,,,,
00-0030506,T.Kelce,Travis Kelce,TE,TE,,KC,2025,5,REG,,,,,,,,,,,,,,,,,,,,,,,,,,7.0,8.0,61.0,1.0,,,,,,,,,,,,,,
00-0030565,G.Smith,Geno Smith,QB,QB,,LV,2025,5,REG,,25.0,36.0,228.0,0.0,2.0,,,,,,,,,,,,,,,,,,,,,,,,,,,,,,,,,,,,,
00-0031381,D.Adams,Davante Adams,WR,WR,,LAR,2025,5,REG,,,,,,,,,,,,,,,,,,,,,,,,,,5.0,11.0,88.0,0.0,,,,,,,,,,,,,,
00-0031588,S.Diggs,Stefon Diggs,WR,WR,,NE,2025,5,REG,,,,,,,,,,,,,,,,,,,,,,,,,,10.0,12.0,146.0,0.0,,,,,,,,,,,,,,
00-0031610,D.Waller,Darren Waller,TE,TE,,MIA,2025,5,REG,,,,,,,,,,,,,,,,,,,,,,,,,,5.0,5.0,78.0,1.0,,,,,,,,,,,,,,
00-0032385,S.Shepard,Sterling Shepard,WR,WR,,TB,2025,5,REG,,,,,,,,,,,,,,,,,,,,,,,,,,4.0,5.0,24.0,1.0,,,,,,,,,,,,,,
00-0032764,D.Henry,Derrick Henry,RB,RB,,BAL,2025,5,REG,,,,,,,,,,,,,,,,,,15.0,33.0,1.0,,,,,,,,,,,,,,,,,,,,,,,
00-0032775,D.Robinson,Demarcus Robinson,WR,WR,,SF,2025,5,REG,,,,,,,,,,,,,,,,,,,,,,,,,,3.0,7.0,39.0,0.0,,,,,,,,,,,,,,
00-0032950,C.Wentz,Carson Wentz,QB,QB,,MIN,2025,5,REG,,25.0,34.0,236.0,1.0,0.0,,,,,,,,,,,,,,,,,,,,,,,,,,,,,,,,,,,,,
00-0033077,D.Prescott,Dak Prescott,QB,QB,,DAL,2025,5,REG,,18.0,29.0,237.0,4.0,0.0,,,,,,,,,,,,,,,,,,,,,,,,,,,,,,,,,,,,,
00-0033106,J.Goff,Jared Goff,QB,QB,,DET,2025,5,REG,,19.0,23.0,258.0,3.0,0.0,,,,,,,,,,,,,,,,,,,,,,,,,,,,,,,,,,,,,
00-0033280,C.McCaffrey,Christian McCaffrey,RB,RB,,SF,2025,5,REG,,,,,,,,,,,,,,,,,,22.0,57.0,0.0,,,,,,,,,,,,,,,,,,,,,,,
00-0033307,K.Bourne,Kendrick Bourne,WR,WR,,SF,2025,5,REG,,,,,,,,,,,,,,,,,,,,,,,,,,10.0,11.0,142.0,0.0,,,,,,,,,,,,,,
00-0033662,C.Rush,Cooper Rush,QB,QB,,BAL,2025,5,REG,,14.0,20.0,179.0,0.0,3.0,,,,,,,,,,,,,,,,,,,,,,,,,,,,,,,,,,,,,
00-0033873,P.Mahomes,Patrick Mahomes,QB,QB,,KC,2025,5,REG,,29.0,41.0,318.0,1.0,1.0,,,,,,,,,,,,,,,,,,,,,,,,,,,,,,,,,,,,,
00-0033881,E.Engram,Evan Engram,TE,TE,,DEN,2025,5,REG,,,,,,,,,,,,,,,,,,,,,,,,,,4.0,6.0,33.0,1.0,,,,,,,,,,,,,,
00-0033885,D.Njoku,David Njoku,TE,TE,,CLE,2025,5,REG,,,,,,,,,,,,,,,,,,,,,,,,,,6.0,9.0,67.0,1.0,,,,,,,,,,,,,,
00-0033908,C.Kupp,Cooper Kupp,WR,WR,,SEA,2025,5,REG,,,,,,,,,,,,,,,,,,,,,,,,,,6.0,9.0,59.0,0.0,,,,,,,,,,,,,,
00-0034348,C.Sutton,Courtland Sutton,WR,WR,,DEN,2025,5,REG,,,,,,,,,,,,,,,,,,,,,,,,,,8.0,10.0,99.0,0.0,,,,,,,,,,,,,,
00-0034351,D.Goedert,Dallas Goedert,TE,TE,,PHI,2025,5,REG,,,,,,,,,,,,,,,,,,,,,,,,,,3.0,9.0,19.0,1.0,,,,,,,,,,,,,,
00-0034383,D.Schultz,Dalton Schultz,TE,TE,,HOU,2025,5,REG,,,,,,,,,,,,,,,,,,,,,,,,,,5.0,6.0,60.0,0.0,,,,,,,,,,,,,,
00-0034791,N.Chubb,Nick Chubb,RB,RB,,HOU,2025,5,REG,,,,,,,,,,,,,,,,,,11.0,61.0,1.0,,,,,,,,,,,,,,,,,,,,,,,
00-0034829,M.Gesicki,Mike Gesicki,TE,TE,,CIN,2025,5,REG,,,,,,,,,,,,,,,,,,,,,,,,,,2.0,5.0,15.0,0.0,,,,,,,,,,,,,,
00-0034837,C.Ridley,Calvin Ridley,WR,WR,,TEN,2025,5,REG,,,,,,,,,,,,,,,,,,,,,,,,,,5.0,10.0,131.0,0.0,,,,,,,,,,,,,,
00-0034855,B.Mayfield,Baker Mayfield,QB,QB,,TB,2025,5,REG,,29.0,33.0,379.0,2.0,0.0,,,,,,,,,,,,,,,,,,,,,,,,,,,,,,,,,,,,,
00-0034857,J.Allen,Josh Allen,QB,QB,,BUF,2025,5,REG,,22.0,31.0,253.0,2.0,1.0,,,,,,,,,,,,,,,,,,,,,,,,,,,,,,,,,,,,,
00-0034869,S.Darnold,Sam Darnold,QB,QB,,SEA,2025,5,REG,,28.0,34.0,341.0,4.0,1.0,,,,,,,,,,,,,,,,,,,,,,,,,,,,,,,,,,,,,
00-0034960,J.Meyers,Jakobi Meyers,WR,WR,,LV,2025,5,REG,,,,,,,,,,,,,,,,,,,,,,,,,,4.0,6.0,32.0,0.0,,,,,,,,,,,,,,
00-0035021,A.Dulin,Ashton Dulin,WR,WR,,IND,2025,5,REG,,,,,,,,,,,,,,,,,,,,,,,,,,2.0,5.0,55.0,0.0,,,,,,,,,,,,,,
00-0035100,J.Browning,Jake Browning,QB,QB,,CIN,2025,5,REG,,26.0,40.0,251.0,3.0,3.0,,,,,,,,,,,,,,,,,,,,,,,,,,,,,,,,,,,,,
00-0035228,K.Murray,Kyler Murray,QB,QB,,ARI,2025,5,REG,,23.0,31.0,220.0,0.0,0.0,,,,,,,,,,,,,,,,,,,,,,,,,,,,,,,,,,,,,
00-0035229,T.Hockenson,T.J. Hockenson,TE,TE,,MIN,2025,5,REG,,,,,,,,,,,,,,,,,,,,,,,,,,6.0,6.0,38.0,0.0,,,,,,,,,,,,,,
00-0035261,T.Pollard,Tony Pollard,RB,RB,,TEN,2025,5,REG,,,,,,,,,,,,,,,,,,14.0,67.0,1.0,,,,,,,,,,,,,,,,,,,,,,,
00-0035535,D.Slayton,Darius Slayton,WR,WR,,NYG,2025,5,REG,,,,,,,,,,,,,,,,,,,,,,,,,,3.0,6.0,31.0,0.0,,,,,,,,,,,,,,
00-0035662,M.Brown,Marquise Brown,WR,WR,,KC,2025,5,REG,,,,,,,,,,,,,,,,,,,,,,,,,,4.0,8.0,48.0,0.0,,,,,,,,,,,,,,
00-0035676,A.Brown,A.J. Brown,WR,WR,,PHI,2025,5,REG,,,,,,,,,,,,,,,,,,,,,,,,,,5.0,8.0,43.0,0.0,,,,,,,,,,,,,,
00-0035685,D.Montgomery,David Montgomery,RB,RB,,DET,2025,5,REG,,,,,,,,,,,,,,,,,,18.0,65.0,1.0,,,,,,,,,,,,,,,,,,,,,,,
00-0035710,D.Jones,Daniel Jones,QB,QB,,IND,2025,5,REG,,20.0,29.0,212.0,2.0,0.0,,,,,,,,,,,,,,,,,,,,,,,,,,,,,,,,,,,,,
00-0035719,D.Samuel,Deebo Samuel Sr.,WR,WR,,WAS,2025,5,REG,,,,,,,,,,,,,,,,,,,,,,,,,,8.0,11.0,96.0,1.0,,,,,,,,,,,,,,
00-0036139,R.Dowdle,Rico Dowdle,RB,RB,,CAR,2025,5,REG,,,,,,,,,,,,,,,,,,23.0,206.0,1.0,,,,,,,,,,,,,,,,,,,,,,,
00-0036158,J.Dobbins,J.K. Dobbins,RB,RB,,DEN,2025,5,REG,,,,,,,,,,,,,,,,,,20.0,79.0,1.0,,,,,,,,,,,,,,,,,,,,,,,
00-0036212,T.Tagovailoa,Tua Tagovailoa,QB,QB,,MIA,2025,5,REG,,27.0,36.0,256.0,3.0,0.0,,,,,,,,,,,,,,,,,,,,,,,,,,,,,,,,,,,,,
00-0036223,J.Taylor,Jonathan Taylor,RB,RB,,IND,2025,5,REG,,,,,,,,,,,,,,,,,,17.0,66.0,3.0,,,,,,,,,,,,,,,,,,,,,,,
00-0036252,M.Pittman,Michael Pittman,WR,WR,,IND,2025,5,REG,,,,,,,,,,,,,,,,,,,,,,,,,,5.0,6.0,39.0,1.0,,,,,,,,,,,,,,
00-0036322,J.Jefferson,Justin Jefferson,WR,WR,,MIN,2025,5,REG,,,,,,,,,,,,,,,,,,,,,,,,,,7.0,11.0,123.0,0.0,,,,,,,,,,,,,,
00-0036355,J.Herbert,Justin Herbert,QB,QB,,LAC,2025,5,REG,,22.0,29.0,166.0,1.0,1.0,,,,,,,,,,,,,,,,,,,,,,,,,,,,,,,,,,,,,
00-0036389,J.Hurts,Jalen Hurts,QB,QB,,PHI,2025,5,REG,,23.0,38.0,280.0,2.0,0.0,,,,,,,,,,,,,,,,,,,,,,,,,,,,,,,,,,,,,
00-0036407,J.Jeudy,Jerry Jeudy,WR,WR,,CLE,2025,5,REG,,,,,,,,,,,,,,,,,,,,,,,,,,2.0,5.0,15.0,0.0,,,,,,,,,,,,,,
00-0036410,T.Higgins,Tee Higgins,WR,WR,,CIN,2025,5,REG,,,,,,,,,,,,,,,,,,,,,,,,,,3.0,7.0,22.0,1.0,,,,,,,,,,,,,,
00-0036423,A.Okwuegbunam,Albert Okwuegbunam,TE,TE,,LV,2025,5,REG,,,,,,,,,,,,,,,,,,,,,,,,,,5.0,6.0,36.0,0.0,,,,,,,,,,,,,,
00-0036554,N.Collins,Nico Collins,WR,WR,,HOU,2025,5,REG,,,,,,,,,,,,,,,,,,,,,,,,,,4.0,5.0,52.0,1.0,,,,,,,,,,,,,,
00-0036613,J.Waddle,Jaylen Waddle,WR,WR,,MIA,2025,5,REG,,,,,,,,,,,,,,,,,,,,,,,,,,6.0,9.0,110.0,1.0,,,,,,,,,,,,,,
00-0036900,J.Chase,Ja'Marr Chase,WR,WR,,CIN,2025,5,REG,,,,,,,,,,,,,,,,,,,,,,,,,,6.0,10.0,110.0,2.0,,,,,,,,,,,,,,
00-0036912,D.Smith,DeVonta Smith,WR,WR,,PHI,2025,5,REG,,,,,,,,,,,,,,,,,,,,,,,,,,8.0,10.0,114.0,0.0,,,,,,,,,,,,,,
00-0036924,M.Carter,Michael Carter,RB,RB,,ARI,2025,5,REG,,,,,,,,,,,,,,,,,,18.0,51.0,1.0,,,,,,,,,,,,,,,,,,,,,,,
00-0036945,J.Fields,Justin Fields,QB,QB,,NYJ,2025,5,REG,,32.0,46.0,283.0,2.0,0.0,,,,,,,,,,,,,,,,,,,,,,,,,,,,,,,,,,,,,
00-0036963,A.St. Brown,Amon-Ra St. Brown,WR,WR,,DET,2025,5,REG,,,,,,,,,,,,,,,,,,,,,,,,,,8.0,9.0,100.0,0.0,,,,,,,,,,,,,,
00-0036971,T.Lawrence,Trevor Lawrence,QB,QB,,JAX,2025,5,REG,,18.0,25.0,221.0,1.0,1.0,,,,,,,,,,,,,,,,,,,,,,,,,,,,,,,,,,,,,
00-0036972,M.Jones,Mac Jones,QB,QB,,SF,2025,5,REG,,33.0,49.0,342.0,2.0,0.0,,,,,,,,,,,,,,,,,,,,,,,,,,,,,,,,,,,,,
00-0036973,T.Etienne,Travis Etienne,RB,RB,,JAX,2025,5,REG,,,,,,,,,,,,,,,,,,12.0,49.0,0.0,,,,,,,,,,,,,,,,,,,,,,,
00-0036997,J.Williams,Javonte Williams,RB,RB,,DAL,2025,5,REG,,,,,,,,,,,,,,,,,,16.0,135.0,1.0,,,,,,,,,,,,,,,,,,,,,,,
00-0037112,J.Tonges,Jake Tonges,TE,TE,,SF,2025,5,REG,,,,,,,,,,,,,,,,,,,,,,,,,,7.0,11.0,41.0,1.0,,,,,,,,,,,,,,
00-0037239,C.Olave,Chris Olave,WR,WR,,NO,2025,5,REG,,,,,,,,,,,,,,,,,,,,,,,,,,7.0,11.0,59.0,0.0,,,,,,,,,,,,,,
00-0037248,J.Cook,James Cook,RB,RB,,BUF,2025,5,REG,,,,,,,,,,,,,,,,,,15.0,49.0,0.0,,,,,,,,,,,,,,,,,,,,,,,
00-0037256,R.White,Rachaad White,RB,RB,,TB,2025,5,REG,,,,,,,,,,,,,,,,,,14.0,41.0,2.0,,,,,,,,,,,,,,,,,,,,,,,
00-0037261,K.Shakir,Khalil Shakir,WR,WR,,BUF,2025,5,REG,,,,,,,,,,,,,,,,,,,,,,,,,,6.0,9.0,45.0,0.0,,,,,,,,,,,,,,
00-0037525,J.Mason,Jordan Mason,RB,RB,,MIN,2025,5,REG,,,,,,,,,,,,,,,,,,13.0,52.0,1.0,,,,,,,,,,,,,,,,,,,,,,,
00-0037545,R.Shaheed,Rashid Shaheed,WR,WR,,NO,2025,5,REG,,,,,,,,,,,,,,,,,,,,,,,,,,4.0,5.0,114.0,1.0,,,,,,,,,,,,,,
00-0037740,G.Wilson,Garrett Wilson,WR,WR,,NYJ,2025,5,REG,,,,,,,,,,,,,,,,,,,,,,,,,,6.0,10.0,71.0,1.0,,,,,,,,,,,,,,
00-0037744,T.McBride,Trey McBride,TE,TE,,ARI,2025,5,REG,,,,,,,,,,,,,,,,,,,,,,,,,,5.0,7.0,41.0,0.0,,,,,,,,,,,,,,
00-0037809,C.Okonkwo,Chig Okonkwo,TE,TE,,TEN,2025,5,REG,,,,,,,,,,,,,,,,,,,,,,,,,,4.0,5.0,48.0,0.0,,,,,,,,,,,,,,
00-0037840,K.Williams,Kyren Williams,RB,RB,,LAR,2025,5,REG,,,,,,,,,,,,,,,,,,14.0,65.0,0.0,,,,,,,,,,,,,,,,,,,,,,,
00-0038041,J.Ferguson,Jake Ferguson,TE,TE,,DAL,2025,5,REG,,,,,,,,,,,,,,,,,,,,,,,,,,7.0,9.0,49.0,2.0,,,,,,,,,,,,,,
00-0038104,T.Thornton,Tyquan Thornton,WR,WR,,KC,2025,5,REG,,,,,,,,,,,,,,,,,,,,,,,,,,3.0,5.0,90.0,0.0,,,,,,,,,,,,,,
00-0038117,W.Robinson,Wan'Dale Robinson,WR,WR,,NYG,2025,5,REG,,,,,,,,,,,,,,,,,,,,,,,,,,5.0,7.0,30.0,0.0,,,,,,,,,,,,,,
00-0038120,B.Hall,Breece Hall,RB,RB,,NYJ,2025,5,REG,,,,,,,,,,,,,,,,,,14.0,113.0,0.0,,,,,,,,,,,,,,,,,,,,,,,
00-0038129,C.Otton,Cade Otton,TE,TE,,TB,2025,5,REG,,,,,,,,,,,,,,,,,,,,,,,,,,4.0,5.0,81.0,0.0,,,,,,,,,,,,,,
00-0038134,K.Walker,Kenneth Walker III,RB,RB,,SEA,2025,5,REG,,,,,,,,,,,,,,,,,,10.0,86.0,0.0,,,,,,,,,,,,,,,,,,,,,,,
00-0038543,J.Smith-Njigba,Jaxon Smith-Njigba,WR,WR,,SEA,2025,5,REG,,,,,,,,,,,,,,,,,,,,,,,,,,8.0,9.0,132.0,1.0,,,,,,,,,,,,,,
00-0038551,K.Miller,Kendre Miller,RB,RB,,NO,2025,5,REG,,,,,,,,,,,,,,,,,,10.0,41.0,0.0,,,,,,,,,,,,,,,,,,,,,,,
00-0038563,T.Tucker,Tre Tucker,WR,WR,,LV,2025,5,REG,,,,,,,,,,,,,,,,,,,,,,,,,,4.0,6.0,62.0,0.0,,,,,,,,,,,,,,
00-0038619,A.Iosivas,Andrei Iosivas,WR,WR,,CIN,2025,5,REG,,,,,,,,,,,,,,,,,,,,,,,,,,5.0,7.0,82.0,0.0,,,,,,,,,,,,,,
00-0038720,J.Hill,Julian Hill,TE,TE,,MIA,2025,5,REG,,,,,,,,,,,,,,,,,,,,,,,,,,4.0,5.0,22.0,0.0,,,,,,,,,,,,,,
00-0038933,D.Kincaid,Dalton Kincaid,TE,TE,,BUF,2025,5,REG,,,,,,,,,,,,,,,,,,,,,,,,,,6.0,6.0,108.0,0.0,,,,,,,,,,,,,,
00-0038976,M.Mims,Marvin Mims Jr.,WR,WR,,DEN,2025,5,REG,,,,,,,,,,,,,,,,,,,,,,,,,,2.0,5.0,10.0,0.0,,,,,,,,,,,,,,
00-0038994,J.Addison,Jordan Addison,WR,WR,,MIN,2025,5,REG,,,,,,,,,,,,,,,,,,,,,,,,,,5.0,6.0,41.0,1.0,,,,,,,,,,,,,,
00-0038997,J.Downs,Josh Downs,WR,WR,,IND,2025,5,REG,,,,,,,,,,,,,,,,,,,,,,,,,,6.0,8.0,54.0,0.0,,,,,,,,,,,,,,
00-0039040,D.Achane,De'Von Achane,RB,RB,,MIA,2025,5,REG,,,,,,,,,,,,,,,,,,10.0,16.0,0.0,,,,,,,,,,,,,,,,,,,,,,,
00-0039064,Z.Flowers,Zay Flowers,WR,WR,,BAL,2025,5,REG,,,,,,,,,,,,,,,,,,,,,,,,,,5.0,5.0,72.0,0.0,,,,,,,,,,,,,,
00-0039065,S.LaPorta,Sam LaPorta,TE,TE,,DET,2025,5,REG,,,,,,,,,,,,,,,,,,,,,,,,,,5.0,6.0,92.0,1.0,,,,,,,,,,,,,,
00-0039075,P.Nacua,Puka Nacua,WR,WR,,LAR,2025,5,REG,,,,,,,,,,,,,,,,,,,,,,,,,,10.0,12.0,85.0,1.0,,,,,,,,,,,,,,
00-0039139,J.Gibbs,Jahmyr Gibbs,RB,RB,,DET,2025,5,REG,,,,,,,,,,,,,,,,,,12.0,54.0,0.0,,,,,,,,,,,,,,,,,,,,,,,
00-0039150,B.Young,Bryce Young,QB,QB,,CAR,2025,5,REG,,19.0,30.0,198.0,2.0,1.0,,,,,,,,,,,,,,,,,,,,,,,,,,,,,,,,,,,,,
00-0039163,C.Stroud,C.J. Stroud,QB,QB,,HOU,2025,5,REG,,23.0,27.0,244.0,4.0,0.0,,,,,,,,,,,,,,,,,,,,,,,,,,,,,,,,,,,,,
00-0039376,S.Rattler,Spencer Rattler,QB,QB,,NO,2025,5,REG,,21.0,31.0,225.0,1.0,0.0,,,,,,,,,,,,,,,,,,,,,,,,,,,,,,,,,,,,,
00-0039410,R.Flournoy,Ryan Flournoy,WR,WR,,DAL,2025,5,REG,,,,,,,,,,,,,,,,,,,,,,,,,,6.0,9.0,114.0,0.0,,,,,,,,,,,,,,
00-0039732,B.Nix,Bo Nix,QB,QB,,DEN,2025,5,REG,,24.0,39.0,242.0,1.0,0.0,,,,,,,,,,,,,,,,,,,,,,,,,,,,,,,,,,,,,
00-0039793,A.Barner,AJ Barner,TE,TE,,SEA,2025,5,REG,,,,,,,,,,,,,,,,,,,,,,,,,,7.0,7.0,53.0,2.0,,,,,,,,,,,,,,
00-0039847,T.Johnson,Theo Johnson,TE,TE,,NYG,2025,5,REG,,,,,,,,,,,,,,,,,,,,,,,,,,6.0,7.0,33.0,2.0,,,,,,,,,,,,,,
00-0039849,M.Harrison,Marvin Harrison Jr.,WR,WR,,ARI,2025,5,REG,,,,,,,,,,,,,,,,,,,,,,,,,,4.0,5.0,98.0,0.0,,,,,,,,,,,,,,
00-0039851,D.Maye,Drake Maye,QB,QB,,NE,2025,5,REG,,22.0,30.0,273.0,0.0,0.0,,,,,,,,,,,,,,,,,,,,,,,,,,,,,,,,,,,,,
00-0039868,T.Franklin,Troy Franklin,WR,WR,,DEN,2025,5,REG,,,,,,,,,,,,,,,,,,,,,,,,,,3.0,5.0,35.0,0.0,,,,,,,,,,,,,,
00-0039880,M.Washington,Malik Washington,WR,WR,,MIA,2025,5,REG,,,,,,,,,,,,,,,,,,,,,,,,,,4.0,5.0,0.0,0.0,,,,,,,,,,,,,,
00-0039893,B.Thomas,Brian Thomas Jr.,WR,WR,,JAX,2025,5,REG,,,,,,,,,,,,,,,,,,,,,,,,,,4.0,6.0,80.0,0.0,,,,,,,,,,,,,,
00-0039894,X.Worthy,Xavier Worthy,WR,WR,,KC,2025,5,REG,,,,,,,,,,,,,,,,,,,,,,,,,,6.0,9.0,42.0,0.0,,,,,,,,,,,,,,
00-0039901,K.Coleman,Keon Coleman,WR,WR,,BUF,2025,5,REG,,,,,,,,,,,,,,,,,,,,,,,,,,4.0,7.0,23.0,1.0,,,,,,,,,,,,,,
00-0039910,J.Daniels,Jayden Daniels,QB,QB,,WAS,2025,5,REG,,15.0,26.0,231.0,1.0,0.0,,,,,,,,,,,,,,,,,,,,,,,,,,,,,,,,,,,,,
00-0039915,L.McConkey,Ladd McConkey,WR,WR,,LAC,2025,5,REG,,,,,,,,,,,,,,,,,,,,,,,,,,5.0,7.0,39.0,1.0,,,,,,,,,,,,,,
00-0040122,A.Jeanty,Ashton Jeanty,RB,RB,,LV,2025,5,REG,,,,,,,,,,,,,,,,,,14.0,67.0,0.0,,,,,,,,,,,,,,,,,,,,,,,
00-0040124,T.McMillan,Tetairoa McMillan,WR,WR,,CAR,2025,5,REG,,,,,,,,,,,,,,,,,,,,,,,,,,6.0,8.0,73.0,0.0,,,,,,,,,,,,,,
00-0040129,E.Egbuka,Emeka Egbuka,WR,WR,,TB,2025,5,REG,,,,,,,,,,,,,,,,,,,,,,,,,,7.0,7.0,163.0,1.0,,,,,,,,,,,,,,
00-0040242,J.Croskey-Merritt,Jacory Croskey-Merritt,RB,RB,,WAS,2025,5,REG,,,,,,,,,,,,,,,,,,14.0,111.0,2.0,,,,,,,,,,,,,,,,,,,,,,,
00-0040584,G.Helm,Gunnar Helm,TE,TE,,TEN,2025,5,REG,,,,,,,,,,,,,,,,,,,,,,,,,,4.0,5.0,34.0,0.0,,,,,,,,,,,,,,
00-0040666,O.Hampton,Omarion Hampton,RB,RB,,LAC,2025,5,REG,,,,,,,,,,,,,,,,,,12.0,44.0,0.0,,,,,,,,,,,,,,,,,,,,,,,
00-0040676,C.Ward,Cam Ward,QB,QB,,TEN,2025,5,REG,,21.0,39.0,265.0,0.0,1.0,,,,,,,,,,,,,,,,,,,,,,,,,,,,,,,,,,,,,
00-0040691,J.Dart,Jaxson Dart,QB,QB,,NYG,2025,5,REG,,26.0,40.0,202.0,2.0,2.0,,,,,,,,,,,,,,,,,,,,,,,,,,,,,,,,,,,,,
00-0040704,D.Gabriel,Dillon Gabriel,QB,QB,,CLE,2025,5,REG,,19.0,33.0,190.0,2.0,0.0,,,,,,,,,,,,,,,,,,,,,,,,,,,,,,,,,,,,,
00-0040705,C.Dike,Chimere Dike,WR,WR,,TEN,2025,5,REG,,,,,,,,,,,,,,,,,,,,,,,,,,2.0,5.0,17.0,0.0,,,,,,,,,,,,,,
00-0040715,C.Skattebo,Cam Skattebo,RB,RB,,NYG,2025,5,REG,,,,,,,,,,,,,,,,,,15.0,59.0,0.0,,,,,,,,,,,,,,,,,,,,,,,
00-0040729,J.Bech,Jack Bech,WR,WR,,LV,2025,5,REG,,,,,,,,,,,,,,,,,,,,,,,,,,3.0,5.0,27.0,0.0,,,,,,,,,,,,,,
00-0040736,M.Taylor,Mason Taylor,TE,TE,,NYJ,2025,5,REG,,,,,,,,,,,,,,,,,,,,,,,,,,9.0,12.0,67.0,0.0,,,,,,,,,,,,,,
00-0040782,I.Bond,Isaiah Bond,WR,WR,,CLE,2025,5,REG,,,,,,,,,,,,,,,,,,,,,,,,,,2.0,7.0,29.0,0.0,,,,,,,,,,,,,,
00-0040784,Q.Judkins,Quinshon Judkins,RB,RB,,CLE,2025,5,REG,,,,,,,,,,,,,,,,,,23.0,110.0,0.0,,,,,,,,,,,,,,,,,,,,,,,
00-0023459,A.Rodgers,Aaron Rodgers,QB,QB,,PIT,2025,6,REG,,21.0,30.0,235.0,2.0,0.0,,,,,,,,,,,,,,,,,,,,,,,,,,,,,,,,,,,,,
00-0026158,J.Flacco,Joe Flacco,QB,QB,,CIN,2025,6,REG,,29.0,45.0,219.0,2.0,0.0,,,,,,,,,,,,,,,,,,,,,,,,,,,,,,,,,,,,,
00-0026498,M.Stafford,Matthew Stafford,QB,QB,,LAR,2025,6,REG,,17.0,26.0,181.0,1.0,0.0,,,,,,,,,,,,,,,,,,,,,,,,,,,,,,,,,,,,,
00-0030061,Z.Ertz,Zach Ertz,TE,TE,,WAS,2025,6,REG,,,,,,,,,,,,,,,,,,,,,,,,,,6.0,6.0,43.0,1.0,,,,,,,,,,,,,,
00-0030279,K.Allen,Keenan Allen,WR,WR,,LAC,2025,6,REG,,,,,,,,,,,,,,,,,,,,,,,,,,4.0,7.0,27.0,0.0,,,,,,,,,,,,,,
00-0030506,T.Kelce,Travis Kelce,TE,TE,,KC,2025,6,REG,,,,,,,,,,,,,,,,,,,,,,,,,,6.0,7.0,78.0,0.0,,,,,,,,,,,,,,
00-0030565,G.Smith,Geno Smith,QB,QB,,LV,2025,6,REG,,17.0,23.0,174.0,1.0,1.0,,,,,,,,,,,,,,,,,,,,,,,,,,,,,,,,,,,,,
00-0031381,D.Adams,Davante Adams,WR,WR,,LAR,2025,6,REG,,,,,,,,,,,,,,,,,,,,,,,,,,4.0,9.0,39.0,0.0,,,,,,,,,,,,,,
00-0032398,C.Moore,Chris Moore,WR,WR,,WAS,2025,6,REG,,,,,,,,,,,,,,,,,,,,,,,,,,3.0,5.0,46.0,1.0,,,,,,,,,,,,,,
00-0032764,D.Henry,Derrick Henry,RB,RB,,BAL,2025,6,REG,,,,,,,,,,,,,,,,,,24.0,122.0,0.0,,,,,,,,,,,,,,,,,,,,,,,
00-0033077,D.Prescott,Dak Prescott,QB,QB,,DAL,2025,6,REG,,25.0,34.0,261.0,3.0,0.0,,,,,,,,,,,,,,,,,,,,,,,,,,,,,,,,,,,,,
00-0033106,J.Goff,Jared Goff,QB,QB,,DET,2025,6,REG,,23.0,29.0,203.0,2.0,0.0,,,,,,,,,,,,,,,,,,,,,,,,,,,,,,,,,,,,,
00-0033119,J.Brissett,Jacoby Brissett,QB,QB,,ARI,2025,6,REG,,27.0,44.0,320.0,2.0,1.0,,,,,,,,,,,,,,,,,,,,,,,,,,,,,,,,,,,,,
00-0033280,C.McCaffrey,Christian McCaffrey,RB,RB,,SF,2025,6,REG,,,,,,,,,,,,,,,,,,17.0,54.0,1.0,,,,,,,,,,,,,,,,,,,,,,,
00-0033307,K.Bourne,Kendrick Bourne,WR,WR,,SF,2025,6,REG,,,,,,,,,,,,,,,,,,,,,,,,,,5.0,9.0,142.0,0.0,,,,,,,,,,,,,,
00-0033662,C.Rush,Cooper Rush,QB,QB,,BAL,2025,6,REG,,11.0,19.0,72.0,0.0,1.0,,,,,,,,,,,,,,,,,,,,,,,,,,,,,,,,,,,,,
00-0033873,P.Mahomes,Patrick Mahomes,QB,QB,,KC,2025,6,REG,,22.0,30.0,257.0,3.0,0.0,,,,,,,,,,,,,,,,,,,,,,,,,,,,,,,,,,,,,
00-0033881,E.Engram,Evan Engram,TE,TE,,DEN,2025,6,REG,,,,,,,,,,,,,,,,,,,,,,,,,,5.0,6.0,42.0,0.0,,,,,,,,,,,,,,
00-0033885,D.Njoku,David Njoku,TE,TE,,CLE,2025,6,REG,,,,,,,,,,,,,,,,,,,,,,,,,,3.0,6.0,28.0,0.0,,,,,,,,,,,,,,
00-0033891,Z.Jones,Zay Jones,WR,WR,,ARI,2025,6,REG,,,,,,,,,,,,,,,,,,,,,,,,,,5.0,8.0,79.0,0.0,,,,,,,,,,,,,,
00-0033906,A.Kamara,Alvin Kamara,RB,RB,,NO,2025,6,REG,,,,,,,,,,,,,,,,,,10.0,31.0,0.0,,,,,,,,,,,,,,,,,,,,,,,
00-0034351,D.Goedert,Dallas Goedert,TE,TE,,PHI,2025,6,REG,,,,,,,,,,,,,,,,,,,,,,,,,,9.0,11.0,110.0,1.0,,,,,,,,,,,,,,
00-0034613,T.Hudson,Tanner Hudson,TE,TE,,CIN,2025,6,REG,,,,,,,,,,,,,,,,,,,,,,,,,,4.0,5.0,10.0,1.0,,,,,,,,,,,,,,
00-0034753,M.Andrews,Mark Andrews,TE,TE,,BAL,2025,6,REG,,,,,,,,,,,,,,,,,,,,,,,,,,4.0,6.0,24.0,0.0,,,,,,,,,,,,,,
00-0034827,D.Moore,DJ Moore,WR,WR,,CHI,2025,6,REG,,,,,,,,,,,,,,,,,,,,,,,,,,3.0,5.0,42.0,0.0,,,,,,,,,,,,,,
00-0034844,S.Barkley,Saquon Barkley,RB,RB,,PHI,2025,6,REG,,,,,,,,,,,,,,,,,,12.0,58.0,0.0,,,,,,,,,,,,,,,,,,,,,,,
00-0034855,B.Mayfield,Baker Mayfield,QB,QB,,TB,2025,6,REG,,17.0,23.0,256.0,2.0,0.0,,,,,,,,,,,,,,,,,,,,,,,,,,,,,,,,,,,,,
00-0034857,J.Allen,Josh Allen,QB,QB,,BUF,2025,6,REG,,15.0,26.0,180.0,2.0,2.0,,,,,,,,,,,,,,,,,,,,,,,,,,,,,,,,,,,,,
00-0034869,S.Darnold,Sam Darnold,QB,QB,,SEA,2025,6,REG,,16.0,27.0,295.0,2.0,0.0,,,,,,,,,,,,,,,,,,,,,,,,,,,,,,,,,,,,,
00-0035208,O.Zaccheaus,Olamide Zaccheaus,WR,WR,,CHI,2025,6,REG,,,,,,,,,,,,,,,,,,,,,,,,,,2.0,6.0,24.0,0.0,,,,,,,,,,,,,,
00-0035261,T.Pollard,Tony Pollard,RB,RB,,TEN,2025,6,REG,,,,,,,,,,,,,,,,,,10.0,34.0,0.0,,,,,,,,,,,,,,,,,,,,,,,
00-0035406,L.Humphrey,Lil'Jordan Humphrey,WR,WR,,NYG,2025,6,REG,,,,,,,,,,,,,,,,,,,,,,,,,,4.0,8.0,55.0,0.0,,,,,,,,,,,,,,
00-0035640,D.Metcalf,DK Metcalf,WR,WR,,PIT,2025,6,REG,,,,,,,,,,,,,,,,,,,,,,,,,,4.0,9.0,95.0,1.0,,,,,,,,,,,,,,
00-0035676,A.Brown,A.J. Brown,WR,WR,,PHI,2025,6,REG,,,,,,,,,,,,,,,,,,,,,,,,,,6.0,9.0,80.0,0.0,,,,,,,,,,,,,,
00-0035700,J.Jacobs,Josh Jacobs,RB,RB,,GB,2025,6,REG,,,,,,,,,,,,,,,,,,18.0,93.0,2.0,,,,,,,,,,,,,,,,,,,,,,,
00-0035710,D.Jones,Daniel Jones,QB,QB,,IND,2025,6,REG,,22.0,30.0,212.0,2.0,1.0,,,,,,,,,,,,,,,,,,,,,,,,,,,,,,,,,,,,,
00-0035719,D.Samuel,Deebo Samuel Sr.,WR,WR,,WAS,2025,6,REG,,,,,,,,,,,,,,,,,,,,,,,,,,4.0,5.0,15.0,0.0,,,,,,,,,,,,,,
00-0035993,T.Huntley,Tyler Huntley,QB,QB,,BAL,2025,6,REG,,10.0,15.0,68.0,0.0,0.0,,,,,,,,,,,,,,,,,,,,,,,,,,,,,,,,,,,,,
00-0036139,R.Dowdle,Rico Dowdle,RB,RB,,CAR,2025,6,REG,,,,,,,,,,,,,,,,,,30.0,183.0,0.0,,,,,,,,,,,,,,,,,,,,,,,
00-0036158,J.Dobbins,J.K. Dobbins,RB,RB,,DEN,2025,6,REG,,,,,,,,,,,,,,,,,,14.0,40.0,0.0,,,,,,,,,,,,,,,,,,,,,,,
00-0036212,T.Tagovailoa,Tua Tagovailoa,QB,QB,,MIA,2025,6,REG,,21.0,32.0,205.0,1.0,3.0,,,,,,,,,,,,,,,,,,,,,,,,,,,,,,,,,,,,,
00-0036223,J.Taylor,Jonathan Taylor,RB,RB,,IND,2025,6,REG,,,,,,,,,,,,,,,,,,21.0,123.0,1.0,,,,,,,,,,,,,,,,,,,,,,,
00-0036264,J.Love,Jordan Love,QB,QB,,GB,2025,6,REG,,19.0,26.0,259.0,1.0,1.0,,,,,,,,,,,,,,,,,,,,,,,,,,,,,,,,,,,,,
00-0036275,D.Swift,D'Andre Swift,RB,RB,,CHI,2025,6,REG,,,,,,,,,,,,,,,,,,14.0,108.0,0.0,,,,,,,,,,,,,,,,,,,,,,,
00-0036355,J.Herbert,Justin Herbert,QB,QB,,LAC,2025,6,REG,,29.0,38.0,264.0,2.0,0.0,,,,,,,,,,,,,,,,,,,,,,,,,,,,,,,,,,,,,
00-0036389,J.Hurts,Jalen Hurts,QB,QB,,PHI,2025,6,REG,,24.0,33.0,283.0,1.0,1.0,,,,,,,,,,,,,,,,,,,,,,,,,,,,,,,,,,,,,
00-0036407,J.Jeudy,Jerry Jeudy,WR,WR,,CLE,2025,6,REG,,,,,,,,,,,,,,,,,,,,,,,,,,5.0,13.0,43.0,0.0,,,,,,,,,,,,,,
00-0036410,T.Higgins,Tee Higgins,WR,WR,,CIN,2025,6,REG,,,,,,,,,,,,,,,,,,,,,,,,,,5.0,8.0,62.0,0.0,,,,,,,,,,,,,,
00-0036415,V.Jefferson,Van Jefferson,WR,WR,,TEN,2025,6,REG,,,,,,,,,,,,,,,,,,,,,,,,,,4.0,6.0,75.0,0.0,,,,,,,,,,,,,,
00-0036613,J.Waddle,Jaylen Waddle,WR,WR,,MIA,2025,6,REG,,,,,,,,,,,,,,,,,,,,,,,,,,6.0,8.0,95.0,0.0,,,,,,,,,,,,,,
00-0036626,D.Brown,Dyami Brown,WR,WR,,JAX,2025,6,REG,,,,,,,,,,,,,,,,,,,,,,,,,,2.0,5.0,13.0,0.0,,,,,,,,,,,,,,
00-0036875,R.Stevenson,Rhamondre Stevenson,RB,RB,,NE,2025,6,REG,,,,,,,,,,,,,,,,,,13.0,18.0,0.0,,,,,,,,,,,,,,,,,,,,,,,
00-0036900,J.Chase,Ja'Marr Chase,WR,WR,,CIN,2025,6,REG,,,,,,,,,,,,,,,,,,,,,,,,,,10.0,12.0,94.0,1.0,,,,,,,,,,,,,,
00-0036912,D.Smith,DeVonta Smith,WR,WR,,PHI,2025,6,REG,,,,,,,,,,,,,,,,,,,,,,,,,,4.0,5.0,49.0,0.0,,,,,,,,,,,,,,
00-0036945,J.Fields,Justin Fields,QB,QB,,NYJ,2025,6,REG,,9.0,17.0,45.0,0.0,0.0,,,,,,,,,,,,,,,,,,,,,,,,,,,,,,,,,,,,,
00-0036963,A.St. Brown,Amon-Ra St. Brown,WR,WR,,DET,2025,6,REG,,,,,,,,,,,,,,,,,,,,,,,,,,9.0,10.0,45.0,0.0,,,,,,,,,,,,,,
00-0036971,T.Lawrence,Trevor Lawrence,QB,QB,,JAX,2025,6,REG,,27.0,42.0,258.0,2.0,0.0,,,,,,,,,,,,,,,,,,,,,,,,,,,,,,,,,,,,,
00-0036972,M.Jones,Mac Jones,QB,QB,,SF,2025,6,REG,,27.0,39.0,347.0,0.0,2.0,,,,,,,,,,,,,,,,,,,,,,,,,,,,,,,,,,,,,
00-0036973,T.Etienne,Travis Etienne,RB,RB,,JAX,2025,6,REG,,,,,,,,,,,,,,,,,,12.0,27.0,0.0,,,,,,,,,,,,,,,,,,,,,,,
00-0036997,J.Williams,Javonte Williams,RB,RB,,DAL,2025,6,REG,,,,,,,,,,,,,,,,,,13.0,29.0,0.0,,,,,,,,,,,,,,,,,,,,,,,
00-0037112,J.Tonges,Jake Tonges,TE,TE,,SF,2025,6,REG,,,,,,,,,,,,,,,,,,,,,,,,,,6.0,7.0,58.0,0.0,,,,,,,,,,,,,,
00-0037157,Z.Knight,Bam Knight,RB,RB,,ARI,2025,6,REG,,,,,,,,,,,,,,,,,,11.0,34.0,1.0,,,,,,,,,,,,,,,,,,,,,,,
00-0037197,I.Pacheco,Isiah Pacheco,RB,RB,,KC,2025,6,REG,,,,,,,,,,,,,,,,,,12.0,51.0,0.0,,,,,,,,,,,,,,,,,,,,,,,
00-0037228,J.Warren,Jaylen Warren,RB,RB,,PIT,2025,6,REG,,,,,,,,,,,,,,,,,,11.0,52.0,0.0,,,,,,,,,,,,,,,,,,,,,,,
00-0037238,D.London,Drake London,WR,WR,,ATL,2025,6,REG,,,,,,,,,,,,,,,,,,,,,,,,,,10.0,16.0,158.0,1.0,,,,,,,,,,,,,,
00-0037239,C.Olave,Chris Olave,WR,WR,,NO,2025,6,REG,,,,,,,,,,,,,,,,,,,,,,,,,,6.0,10.0,98.0,0.0,,,,,,,,,,,,,,
00-0037240,J.Williams,Jameson Williams,WR,WR,,DET,2025,6,REG,,,,,,,,,,,,,,,,,,,,,,,,,,6.0,7.0,66.0,1.0,,,,,,,,,,,,,,
00-0037247,G.Pickens,George Pickens,WR,WR,,DAL,2025,6,REG,,,,,,,,,,,,,,,,,,,,,,,,,,9.0,11.0,168.0,1.0,,,,,,,,,,,,,,
00-0037248,J.Cook,James Cook,RB,RB,,BUF,2025,6,REG,,,,,,,,,,,,,,,,,,17.0,87.0,0.0,,,,,,,,,,,,,,,,,,,,,,,
00-0037256,R.White,Rachaad White,RB,RB,,TB,2025,6,REG,,,,,,,,,,,,,,,,,,17.0,65.0,1.0,,,,,,,,,,,,,,,,,,,,,,,
00-0037261,K.Shakir,Khalil Shakir,WR,WR,,BUF,2025,6,REG,,,,,,,,,,,,,,,,,,,,,,,,,,3.0,5.0,33.0,0.0,,,,,,,,,,,,,,
00-0037263,T.Allgeier,Tyler Allgeier,RB,RB,,ATL,2025,6,REG,,,,,,,,,,,,,,,,,,10.0,32.0,1.0,,,,,,,,,,,,,,,,,,,,,,,
00-0037545,R.Shaheed,Rashid Shaheed,WR,WR,,NO,2025,6,REG,,,,,,,,,,,,,,,,,,,,,,,,,,4.0,6.0,28.0,0.0,,,,,,,,,,,,,,
00-0037740,G.Wilson,Garrett Wilson,WR,WR,,NYJ,2025,6,REG,,,,,,,,,,,,,,,,,,,,,,,,,,3.0,8.0,13.0,0.0,,,,,,,,,,,,,,
00-0037744,T.McBride,Trey McBride,TE,TE,,ARI,2025,6,REG,,,,,,,,,,,,,,,,,,,,,,,,,,8.0,11.0,72.0,1.0,,,,,,,,,,,,,,
00-0037809,C.Okonkwo,Chig Okonkwo,TE,TE,,TEN,2025,6,REG,,,,,,,,,,,,,,,,,,,,,,,,,,6.0,6.0,46.0,0.0,,,,,,,,,,,,,,
00-0037816,R.Doubs,Romeo Doubs,WR,WR,,GB,2025,6,REG,,,,,,,,,,,,,,,,,,,,,,,,,,5.0,9.0,55.0,0.0,,,,,,,,,,,,,,
00-0037840,K.Williams,Kyren Williams,RB,RB,,LAR,2025,6,REG,,,,,,,,,,,,,,,,,,13.0,50.0,1.0,,,,,,,,,,,,,,,,,,,,,,,
00-0038117,W.Robinson,Wan'Dale Robinson,WR,WR,,NYG,2025,6,REG,,,,,,,,,,,,,,,,,,,,,,,,,,6.0,7.0,84.0,1.0,,,,,,,,,,,,,,
00-0038120,B.Hall,Breece Hall,RB,RB,,NYJ,2025,6,REG,,,,,,,,,,,,,,,,,,21.0,58.0,0.0,,,,,,,,,,,,,,,,,,,,,,,
00-0038129,C.Otton,Cade Otton,TE,TE,,TB,2025,6,REG,,,,,,,,,,,,,,,,,,,,,,,,,,5.0,6.0,51.0,0.0,,,,,,,,,,,,,,
00-0038134,K.Walker,Kenneth Walker III,RB,RB,,SEA,2025,6,REG,,,,,,,,,,,,,,,,,,10.0,34.0,0.0,,,,,,,,,,,,,,,,,,,,,,,
00-0038542,B.Robinson,Bijan Robinson,RB,RB,,ATL,2025,6,REG,,,,,,,,,,,,,,,,,,19.0,170.0,1.0,,,,,,,,,,,,,,,,,,,,,,,
00-0038543,J.Smith-Njigba,Jaxon Smith-Njigba,WR,WR,,SEA,2025,6,REG,,,,,,,,,,,,,,,,,,,,,,,,,,8.0,13.0,162.0,1.0,,,,,,,,,,,,,,
00-0038558,D.Washington,Darnell Washington,TE,TE,,PIT,2025,6,REG,,,,,,,,,,,,,,,,,,,,,,,,,,3.0,5.0,62.0,0.0,,,,,,,,,,,,,,
00-0038559,Mi.Wilson,Michael Wilson,WR,WR,,ARI,2025,6,REG,,,,,,,,,,,,,,,,,,,,,,,,,,4.0,5.0,44.0,0.0,,,,,,,,,,,,,,
00-0038563,T.Tucker,Tre Tucker,WR,WR,,LV,2025,6,REG,,,,,,,,,,,,,,,,,,,,,,,,,,5.0,5.0,70.0,0.0,,,,,,,,,,,,,,
00-0038608,K.Boutte,Kayshon Boutte,WR,WR,,NE,2025,6,REG,,,,,,,,,,,,,,,,,,,,,,,,,,5.0,5.0,93.0,2.0,,,,,,,,,,,,,,
00-0038679,T.Shavers,Tyrell Shavers,WR,WR,,BUF,2025,6,REG,,,,,,,,,,,,,,,,,,,,,,,,,,3.0,5.0,27.0,0.0,,,,,,,,,,,,,,
00-0038938,J.Hyatt,Jalin Hyatt,WR,WR,,NYG,2025,6,REG,,,,,,,,,,,,,,,,,,,,,,,,,,3.0,5.0,17.0,0.0,,,,,,,,,,,,,,
00-0038997,J.Downs,Josh Downs,WR,WR,,IND,2025,6,REG,,,,,,,,,,,,,,,,,,,,,,,,,,6.0,7.0,42.0,1.0,,,,,,,,,,,,,,
00-0039040,D.Achane,De'Von Achane,RB,RB,,MIA,2025,6,REG,,,,,,,,,,,,,,,,,,16.0,128.0,2.0,,,,,,,,,,,,,,,,,,,,,,,
00-0039064,Z.Flowers,Zay Flowers,WR,WR,,BAL,2025,6,REG,,,,,,,,,,,,,,,,,,,,,,,,,,6.0,10.0,46.0,0.0,,,,,,,,,,,,,,
00-0039065,S.LaPorta,Sam LaPorta,TE,TE,,DET,2025,6,REG,,,,,,,,,,,,,,,,,,,,,,,,,,5.0,6.0,55.0,1.0,,,,,,,,,,,,,,
00-0039066,M.Mayer,Michael Mayer,TE,TE,,LV,2025,6,REG,,,,,,,,,,,,,,,,,,,,,,,,,,5.0,7.0,50.0,1.0,,,,,,,,,,,,,,
00-0039139,J.Gibbs,Jahmyr Gibbs,RB,RB,,DET,2025,6,REG,,,,,,,,,,,,,,,,,,17.0,65.0,0.0,,,,,,,,,,,,,,,,,,,,,,,
00-0039150,B.Young,Bryce Young,QB,QB,,CAR,2025,6,REG,,17.0,25.0,199.0,3.0,1.0,,,,,,,,,,,,,,,,,,,,,,,,,,,,,,,,,,,,,
00-0039165,Z.Charbonnet,Zach Charbonnet,RB,RB,,SEA,2025,6,REG,,,,,,,,,,,,,,,,,,12.0,24.0,0.0,,,,,,,,,,,,,,,,,,,,,,,
00-0039376,S.Rattler,Spencer Rattler,QB,QB,,NO,2025,6,REG,,20.0,26.0,227.0,0.0,0.0,,,,,,,,,,,,,,,,,,,,,,,,,,,,,,,,,,,,,
00-0039391,K.Vidal,Kimani Vidal,RB,RB,,LAC,2025,6,REG,,,,,,,,,,,,,,,,,,18.0,124.0,0.0,,,,,,,,,,,,,,,,,,,,,,,
00-0039410,R.Flournoy,Ryan Flournoy,WR,WR,,DAL,2025,6,REG,,,,,,,,,,,,,,,,,,,,,,,,,,3.0,6.0,30.0,0.0,,,,,,,,,,,,,,
00-0039732,B.Nix,Bo Nix,QB,QB,,DEN,2025,6,REG,,19.0,30.0,174.0,1.0,0.0,,,,,,,,,,,,,,,,,,,,,,,,,,,,,,,,,,,,,
00-0039851,D.Maye,Drake Maye,QB,QB,,NE,2025,6,REG,,18.0,26.0,261.0,3.0,0.0,,,,,,,,,,,,,,,,,,,,,,,,,,,,,,,,,,,,,
00-0039880,M.Washington,Malik Washington,WR,WR,,MIA,2025,6,REG,,,,,,,,,,,,,,,,,,,,,,,,,,4.0,5.0,22.0,0.0,,,,,,,,,,,,,,
00-0039893,B.Thomas,Brian Thomas Jr.,WR,WR,,JAX,2025,6,REG,,,,,,,,,,,,,,,,,,,,,,,,,,8.0,10.0,90.0,1.0,,,,,,,,,,,,,,
00-0039901,K.Coleman,Keon Coleman,WR,WR,,BUF,2025,6,REG,,,,,,,,,,,,,,,,,,,,,,,,,,3.0,6.0,11.0,0.0,,,,,,,,,,,,,,
00-0039910,J.Daniels,Jayden Daniels,QB,QB,,WAS,2025,6,REG,,19.0,26.0,211.0,3.0,1.0,,,,,,,,,,,,,,,,,,,,,,,,,,,,,,,,,,,,,
00-0039915,L.McConkey,Ladd McConkey,WR,WR,,LAC,2025,6,REG,,,,,,,,,,,,,,,,,,,,,,,,,,7.0,9.0,100.0,1.0,,,,,,,,,,,,,,
00-0039917,M.Penix,Michael Penix Jr.,QB,QB,,ATL,2025,6,REG,,20.0,32.0,250.0,1.0,0.0,,,,,,,,,,,,,,,,,,,,,,,,,,,,,,,,,,,,,
00-0039918,C.Williams,Caleb Williams,QB,QB,,CHI,2025,6,REG,,17.0,29.0,252.0,1.0,0.0,,,,,,,,,,,,,,,,,,,,,,,,,,,,,,,,,,,,,
00-0039919,R.Odunze,Rome Odunze,WR,WR,,CHI,2025,6,REG,,,,,,,,,,,,,,,,,,,,,,,,,,2.0,5.0,32.0,0.0,,,,,,,,,,,,,,
00-0040122,A.Jeanty,Ashton Jeanty,RB,RB,,LV,2025,6,REG,,,,,,,,,,,,,,,,,,23.0,75.0,1.0,,,,,,,,,,,,,,,,,,,,,,,
00-0040124,T.McMillan,Tetairoa McMillan,WR,WR,,CAR,2025,6,REG,,,,,,,,,,,,,,,,,,,,,,,,,,3.0,5.0,29.0,2.0,,,,,,,,,,,,,,
00-0040128,T.Warren,Tyler Warren,TE,TE,,IND,2025,6,REG,,,,,,,,,,,,,,,,,,,,,,,,,,6.0,9.0,63.0,1.0,,,,,,,,,,,,,,
00-0040170,E.Ayomanor,Elic Ayomanor,WR,WR,,TEN,2025,6,REG,,,,,,,,,,,,,,,,,,,,,,,,,,3.0,5.0,27.0,0.0,,,,,,,,,,,,,,
00-0040189,O.Gadsden,Oronde Gadsden II,TE,TE,,LAC,2025,6,REG,,,,,,,,,,,,,,,,,,,,,,,,,,7.0,8.0,68.0,0.0,,,,,,,,,,,,,,
00-0040242,J.Croskey-Merritt,Jacory Croskey-Merritt,RB,RB,,WAS,2025,6,REG,,,,,,,,,,,,,,,,,,17.0,61.0,0.0,,,,,,,,,,,,,,,,,,,,,,,
00-0040663,H.Fannin,Harold Fannin Jr.,TE,TE,,CLE,2025,6,REG,,,,,,,,,,,,,,,,,,,,,,,,,,7.0,10.0,81.0,0.0,,,,,,,,,,,,,,
00-0040667,M.Golden,Matthew Golden,WR,WR,,GB,2025,6,REG,,,,,,,,,,,,,,,,,,,,,,,,,,3.0,5.0,86.0,0.0,,,,,,,,,,,,,,
00-0040676,C.Ward,Cam Ward,QB,QB,,TEN,2025,6,REG,,26.0,38.0,222.0,1.0,1.0,,,,,,,,,,,,,,,,,,,,,,,,,,,,,,,,,,,,,
00-0040691,J.Dart,Jaxson Dart,QB,QB,,NYG,2025,6,REG,,17.0,25.0,195.0,1.0,0.0,,,,,,,,,,,,,,,,,,,,,,,,,,,,,,,,,,,,,
00-0040704,D.Gabriel,Dillon Gabriel,QB,QB,,CLE,2025,6,REG,,29.0,52.0,221.0,0.0,0.0,,,,,,,,,,,,,,,,,,,,,,,,,,,,,,,,,,,,,
00-0040715,C.Skattebo,Cam Skattebo,RB,RB,,NYG,2025,6,REG,,,,,,,,,,,,,,,,,,19.0,98.0,3.0,,,,,,,,,,,,,,,,,,,,,,,
00-0040718,T.Hunter,Travis Hunter,WR,WR,,JAX,2025,6,REG,,,,,,,,,,,,,,,,,,,,,,,,,,4.0,7.0,15.0,0.0,,,,,,,,,,,,,,
00-0040727,T.Harris,Tre Harris,WR,WR,,LAC,2025,6,REG,,,,,,,,,,,,,,,,,,,,,,,,,,4.0,5.0,27.0,0.0,,,,,,,,,,,,,,
00-0040782,I.Bond,Isaiah Bond,WR,WR,,CLE,2025,6,REG,,,,,,,,,,,,,,,,,,,,,,,,,,2.0,5.0,9.0,0.0,,,,,,,,,,,,,,
00-0040784,Q.Judkins,Quinshon Judkins,RB,RB,,CLE,2025,6,REG,,,,,,,,,,,,,,,,,,12.0,36.0,0.0,,,,,,,,,,,,,,,,,,,,,,,
00-0023459,A.Rodgers,Aaron Rodgers,QB,QB,,PIT,2025,7,REG,,23.0,34.0,249.0,4.0,2.0,,,,,,,,,,,,,,,,,,,,,,,,,,,,,,,,,,,,,
00-0026158,J.Flacco,Joe Flacco,QB,QB,,CIN,2025,7,REG,,31.0,47.0,342.0,3.0,0.0,,,,,,,,,,,,,,,,,,,,,,,,,,,,,,,,,,,,,
00-0026498,M.Stafford,Matthew Stafford,QB,QB,,LAR,2025,7,REG,,21.0,33.0,182.0,5.0,0.0,,,,,,,,,,,,,,,,,,,,,,,,,,,,,,,,,,,,,
00-0028118,T.Taylor,Tyrod Taylor,QB,QB,,NYJ,2025,7,REG,,10.0,22.0,126.0,0.0,2.0,,,,,,,,,,,,,,,,,,,,,,,,,,,,,,,,,,,,,
00-0030061,Z.Ertz,Zach Ertz,TE,TE,,WAS,2025,7,REG,,,,,,,,,,,,,,,,,,,,,,,,,,3.0,7.0,37.0,1.0,,,,,,,,,,,,,,
00-0030279,K.Allen,Keenan Allen,WR,WR,,LAC,2025,7,REG,,,,,,,,,,,,,,,,,,,,,,,,,,11.0,14.0,119.0,1.0,,,,,,,,,,,,,,
00-0030565,G.Smith,Geno Smith,QB,QB,,LV,2025,7,REG,,10.0,16.0,67.0,0.0,0.0,,,,,,,,,,,,,,,,,,,,,,,,,,,,,,,,,,,,,
00-0031381,D.Adams,Davante Adams,WR,WR,,LAR,2025,7,REG,,,,,,,,,,,,,,,,,,,,,,,,,,5.0,8.0,35.0,3.0,,,,,,,,,,,,,,
00-0031588,S.Diggs,Stefon Diggs,WR,WR,,NE,2025,7,REG,,,,,,,,,,,,,,,,,,,,,,,,,,7.0,7.0,69.0,0.0,,,,,,,,,,,,,,
00-0032385,S.Shepard,Sterling Shepard,WR,WR,,TB,2025,7,REG,,,,,,,,,,,,,,,,,,,,,,,,,,7.0,7.0,25.0,0.0,,,,,,,,,,,,,,
00-0032398,C.Moore,Chris Moore,WR,WR,,WAS,2025,7,REG,,,,,,,,,,,,,,,,,,,,,,,,,,2.0,5.0,59.0,0.0,,,,,,,,,,,,,,
00-0032950,C.Wentz,Carson Wentz,QB,QB,,MIN,2025,7,REG,,26.0,42.0,313.0,0.0,2.0,,,,,,,,,,,,,,,,,,,,,,,,,,,,,,,,,,,,,
00-0033077,D.Prescott,Dak Prescott,QB,QB,,DAL,2025,7,REG,,21.0,30.0,264.0,3.0,0.0,,,,,,,,,,,,,,,,,,,,,,,,,,,,,,,,,,,,,
00-0033090,H.Henry,Hunter Henry,TE,TE,,NE,2025,7,REG,,,,,,,,,,,,,,,,,,,,,,,,,,4.0,5.0,33.0,0.0,,,,,,,,,,,,,,
00-0033106,J.Goff,Jared Goff,QB,QB,,DET,2025,7,REG,,20.0,29.0,241.0,1.0,1.0,,,,,,,,,,,,,,,,,,,,,,,,,,,,,,,,,,,,,
00-0033110,T.Higbee,Tyler Higbee,TE,TE,,LAR,2025,7,REG,,,,,,,,,,,,,,,,,,,,,,,,,,3.0,6.0,19.0,0.0,,,,,,,,,,,,,,
00-0033119,J.Brissett,Jacoby Brissett,QB,QB,,ARI,2025,7,REG,,25.0,36.0,279.0,2.0,0.0,,,,,,,,,,,,,,,,,,,,,,,,,,,,,,,,,,,,,
00-0033280,C.McCaffrey,Christian McCaffrey,RB,RB,,SF,2025,7,REG,,,,,,,,,,,,,,,,,,24.0,129.0,2.0,,,,,,,,,,,,,,,,,,,,,,,
00-0033858,J.Smith,Jonnu Smith,TE,TE,,PIT,2025,7,REG,,,,,,,,,,,,,,,,,,,,,,,,,,3.0,6.0,28.0,1.0,,,,,,,,,,,,,,
00-0033873,P.Mahomes,Patrick Mahomes,QB,QB,,KC,2025,7,REG,,26.0,35.0,286.0,3.0,0.0,,,,,,,,,,,,,,,,,,,,,,,,,,,,,,,,,,,,,
00-0033881,E.Engram,Evan Engram,TE,TE,,DEN,2025,7,REG,,,,,,,,,,,,,,,,,,,,,,,,,,5.0,8.0,42.0,0.0,,,,,,,,,,,,,,
00-0033906,A.Kamara,Alvin Kamara,RB,RB,,NO,2025,7,REG,,,,,,,,,,,,,,,,,,11.0,28.0,0.0,,,,,,,,,,,,,,,,,,,,,,,
00-0033943,J.Reynolds,Josh Reynolds,WR,WR,,NYJ,2025,7,REG,,,,,,,,,,,,,,,,,,,,,,,,,,3.0,9.0,29.0,0.0,,,,,,,,,,,,,,
00-0034348,C.Sutton,Courtland Sutton,WR,WR,,DEN,2025,7,REG,,,,,,,,,,,,,,,,,,,,,,,,,,6.0,10.0,87.0,0.0,,,,,,,,,,,,,,
00-0034383,D.Schultz,Dalton Schultz,TE,TE,,HOU,2025,7,REG,,,,,,,,,,,,,,,,,,,,,,,,,,9.0,10.0,98.0,0.0,,,,,,,,,,,,,,
00-0034827,D.Moore,DJ Moore,WR,WR,,CHI,2025,7,REG,,,,,,,,,,,,,,,,,,,,,,,,,,3.0,5.0,43.0,0.0,,,,,,,,,,,,,,
00-0034844,S.Barkley,Saquon Barkley,RB,RB,,PHI,2025,7,REG,,,,,,,,,,,,,,,,,,18.0,44.0,0.0,,,,,,,,,,,,,,,,,,,,,,,
00-0034855,B.Mayfield,Baker Mayfield,QB,QB,,TB,2025,7,REG,,28.0,50.0,228.0,1.0,1.0,,,,,,,,,,,,,,,,,,,,,,,,,,,,,,,,,,,,,
00-0034869,S.Darnold,Sam Darnold,QB,QB,,SEA,2025,7,REG,,17.0,31.0,213.0,1.0,1.0,,,,,,,,,,,,,,,,,,,,,,,,,,,,,,,,,,,,,
00-0035229,T.Hockenson,T.J. Hockenson,TE,TE,,MIN,2025,7,REG,,,,,,,,,,,,,,,,,,,,,,,,,,6.0,9.0,43.0,0.0,,,,,,,,,,,,,,
00-0035640,D.Metcalf,DK Metcalf,WR,WR,,PIT,2025,7,REG,,,,,,,,,,,,,,,,,,,,,,,,,,3.0,5.0,50.0,0.0,,,,,,,,,,,,,,
00-0035676,A.Brown,A.J. Brown,WR,WR,,PHI,2025,7,REG,,,,,,,,,,,,,,,,,,,,,,,,,,4.0,6.0,121.0,2.0,,,,,,,,,,,,,,
00-0035685,D.Montgomery,David Montgomery,RB,RB,,DET,2025,7,REG,,,,,,,,,,,,,,,,,,13.0,21.0,0.0,,,,,,,,,,,,,,,,,,,,,,,
00-0035700,J.Jacobs,Josh Jacobs,RB,RB,,GB,2025,7,REG,,,,,,,,,,,,,,,,,,13.0,55.0,2.0,,,,,,,,,,,,,,,,,,,,,,,
00-0035710,D.Jones,Daniel Jones,QB,QB,,IND,2025,7,REG,,23.0,34.0,288.0,2.0,0.0,,,,,,,,,,,,,,,,,,,,,,,,,,,,,,,,,,,,,
00-0036040,J.Johnson,Juwan Johnson,TE,TE,,NO,2025,7,REG,,,,,,,,,,,,,,,,,,,,,,,,,,5.0,7.0,79.0,0.0,,,,,,,,,,,,,,
00-0036139,R.Dowdle,Rico Dowdle,RB,RB,,CAR,2025,7,REG,,,,,,,,,,,,,,,,,,17.0,79.0,0.0,,,,,,,,,,,,,,,,,,,,,,,
00-0036158,J.Dobbins,J.K. Dobbins,RB,RB,,DEN,2025,7,REG,,,,,,,,,,,,,,,,,,14.0,81.0,0.0,,,,,,,,,,,,,,,,,,,,,,,
00-0036212,T.Tagovailoa,Tua Tagovailoa,QB,QB,,MIA,2025,7,REG,,12.0,23.0,100.0,0.0,3.0,,,,,,,,,,,,,,,,,,,,,,,,,,,,,,,,,,,,,
00-0036223,J.Taylor,Jonathan Taylor,RB,RB,,IND,2025,7,REG,,,,,,,,,,,,,,,,,,16.0,94.0,3.0,,,,,,,,,,,,,,,,,,,,,,,
00-0036252,M.Pittman,Michael Pittman,WR,WR,,IND,2025,7,REG,,,,,,,,,,,,,,,,,,,,,,,,,,7.0,9.0,58.0,1.0,,,,,,,,,,,,,,
00-0036259,J.Jennings,Jauan Jennings,WR,WR,,SF,2025,7,REG,,,,,,,,,,,,,,,,,,,,,,,,,,4.0,7.0,31.0,0.0,,,,,,,,,,,,,,
00-0036264,J.Love,Jordan Love,QB,QB,,GB,2025,7,REG,,19.0,29.0,179.0,1.0,0.0,,,,,,,,,,,,,,,,,,,,,,,,,,,,,,,,,,,,,
00-0036275,D.Swift,D'Andre Swift,RB,RB,,CHI,2025,7,REG,,,,,,,,,,,,,,,,,,19.0,124.0,1.0,,,,,,,,,,,,,,,,,,,,,,,
00-0036309,D.Mooney,Darnell Mooney,WR,WR,,ATL,2025,7,REG,,,,,,,,,,,,,,,,,,,,,,,,,,3.0,5.0,68.0,0.0,,,,,,,,,,,,,,
00-0036322,J.Jefferson,Justin Jefferson,WR,WR,,MIN,2025,7,REG,,,,,,,,,,,,,,,,,,,,,,,,,,5.0,10.0,79.0,0.0,,,,,,,,,,,,,,
00-0036355,J.Herbert,Justin Herbert,QB,QB,,LAC,2025,7,REG,,37.0,55.0,420.0,3.0,2.0,,,,,,,,,,,,,,,,,,,,,,,,,,,,,,,,,,,,,
00-0036358,C.Lamb,CeeDee Lamb,WR,WR,,DAL,2025,7,REG,,,,,,,,,,,,,,,,,,,,,,,,,,5.0,8.0,110.0,1.0,,,,,,,,,,,,,,
00-0036389,J.Hurts,Jalen Hurts,QB,QB,,PHI,2025,7,REG,,19.0,23.0,326.0,3.0,0.0,,,,,,,,,,,,,,,,,,,,,,,,,,,,,,,,,,,,,
00-0036410,T.Higgins,Tee Higgins,WR,WR,,CIN,2025,7,REG,,,,,,,,,,,,,,,,,,,,,,,,,,6.0,10.0,96.0,1.0,,,,,,,,,,,,,,
00-0036554,N.Collins,Nico Collins,WR,WR,,HOU,2025,7,REG,,,,,,,,,,,,,,,,,,,,,,,,,,4.0,10.0,27.0,0.0,,,,,,,,,,,,,,
00-0036555,C.Hubbard,Chuba Hubbard,RB,RB,,CAR,2025,7,REG,,,,,,,,,,,,,,,,,,14.0,31.0,0.0,,,,,,,,,,,,,,,,,,,,,,,
00-0036875,R.Stevenson,Rhamondre Stevenson,RB,RB,,NE,2025,7,REG,,,,,,,,,,,,,,,,,,18.0,88.0,1.0,,,,,,,,,,,,,,,,,,,,,,,
00-0036894,P.Freiermuth,Pat Freiermuth,TE,TE,,PIT,2025,7,REG,,,,,,,,,,,,,,,,,,,,,,,,,,5.0,6.0,111.0,2.0,,,,,,,,,,,,,,
00-0036900,J.Chase,Ja'Marr Chase,WR,WR,,CIN,2025,7,REG,,,,,,,,,,,,,,,,,,,,,,,,,,16.0,23.0,161.0,1.0,,,,,,,,,,,,,,
00-0036912,D.Smith,DeVonta Smith,WR,WR,,PHI,2025,7,REG,,,,,,,,,,,,,,,,,,,,,,,,,,9.0,11.0,183.0,1.0,,,,,,,,,,,,,,
00-0036963,A.St. Brown,Amon-Ra St. Brown,WR,WR,,DET,2025,7,REG,,,,,,,,,,,,,,,,,,,,,,,,,,6.0,10.0,86.0,1.0,,,,,,,,,,,,,,
00-0036970,K.Pitts,Kyle Pitts,TE,TE,,ATL,2025,7,REG,,,,,,,,,,,,,,,,,,,,,,,,,,7.0,10.0,62.0,0.0,,,,,,,,,,,,,,
00-0036971,T.Lawrence,Trevor Lawrence,QB,QB,,JAX,2025,7,REG,,23.0,48.0,296.0,1.0,0.0,,,,,,,,,,,,,,,,,,,,,,,,,,,,,,,,,,,,,
00-0036972,M.Jones,Mac Jones,QB,QB,,SF,2025,7,REG,,17.0,26.0,152.0,0.0,1.0,,,,,,,,,,,,,,,,,,,,,,,,,,,,,,,,,,,,,
00-0036997,J.Williams,Javonte Williams,RB,RB,,DAL,2025,7,REG,,,,,,,,,,,,,,,,,,19.0,116.0,1.0,,,,,,,,,,,,,,,,,,,,,,,
00-0037157,Z.Knight,Bam Knight,RB,RB,,ARI,2025,7,REG,,,,,,,,,,,,,,,,,,14.0,57.0,0.0,,,,,,,,,,,,,,,,,,,,,,,
00-0037197,I.Pacheco,Isiah Pacheco,RB,RB,,KC,2025,7,REG,,,,,,,,,,,,,,,,,,15.0,57.0,1.0,,,,,,,,,,,,,,,,,,,,,,,
00-0037228,J.Warren,Jaylen Warren,RB,RB,,PIT,2025,7,REG,,,,,,,,,,,,,,,,,,16.0,127.0,0.0,,,,,,,,,,,,,,,,,,,,,,,
00-0037238,D.London,Drake London,WR,WR,,ATL,2025,7,REG,,,,,,,,,,,,,,,,,,,,,,,,,,4.0,10.0,42.0,0.0,,,,,,,,,,,,,,
00-0037239,C.Olave,Chris Olave,WR,WR,,NO,2025,7,REG,,,,,,,,,,,,,,,,,,,,,,,,,,5.0,7.0,98.0,2.0,,,,,,,,,,,,,,
00-0037247,G.Pickens,George Pickens,WR,WR,,DAL,2025,7,REG,,,,,,,,,,,,,,,,,,,,,,,,,,4.0,6.0,82.0,0.0,,,,,,,,,,,,,,
00-0037256,R.White,Rachaad White,RB,RB,,TB,2025,7,REG,,,,,,,,,,,,,,,,,,10.0,38.0,0.0,,,,,,,,,,,,,,,,,,,,,,,
00-0037525,J.Mason,Jordan Mason,RB,RB,,MIN,2025,7,REG,,,,,,,,,,,,,,,,,,15.0,57.0,1.0,,,,,,,,,,,,,,,,,,,,,,,
00-0037545,R.Shaheed,Rashid Shaheed,WR,WR,,NO,2025,7,REG,,,,,,,,,,,,,,,,,,,,,,,,,,4.0,9.0,40.0,0.0,,,,,,,,,,,,,,
00-0037664,A.Pierce,Alec Pierce,WR,WR,,IND,2025,7,REG,,,,,,,,,,,,,,,,,,,,,,,,,,5.0,10.0,98.0,0.0,,,,,,,,,,,,,,
00-0037744,T.McBride,Trey McBride,TE,TE,,ARI,2025,7,REG,,,,,,,,,,,,,,,,,,,,,,,,,,10.0,13.0,74.0,2.0,,,,,,,,,,,,,,
00-0037816,R.Doubs,Romeo Doubs,WR,WR,,GB,2025,7,REG,,,,,,,,,,,,,,,,,,,,,,,,,,6.0,8.0,72.0,0.0,,,,,,,,,,,,,,
00-0037840,K.Williams,Kyren Williams,RB,RB,,LAR,2025,7,REG,,,,,,,,,,,,,,,,,,12.0,54.0,0.0,,,,,,,,,,,,,,,,,,,,,,,
00-0038041,J.Ferguson,Jake Ferguson,TE,TE,,DAL,2025,7,REG,,,,,,,,,,,,,,,,,,,,,,,,,,7.0,7.0,29.0,2.0,,,,,,,,,,,,,,
00-0038117,W.Robinson,Wan'Dale Robinson,WR,WR,,NYG,2025,7,REG,,,,,,,,,,,,,,,,,,,,,,,,,,6.0,12.0,95.0,0.0,,,,,,,,,,,,,,
00-0038120,B.Hall,Breece Hall,RB,RB,,NYJ,2025,7,REG,,,,,,,,,,,,,,,,,,11.0,38.0,0.0,,,,,,,,,,,,,,,,,,,,,,,
00-0038129,C.Otton,Cade Otton,TE,TE,,TB,2025,7,REG,,,,,,,,,,,,,,,,,,,,,,,,,,7.0,9.0,65.0,0.0,,,,,,,,,,,,,,
00-0038134,K.Walker,Kenneth Walker III,RB,RB,,SEA,2025,7,REG,,,,,,,,,,,,,,,,,,17.0,66.0,0.0,,,,,,,,,,,,,,,,,,,,,,,
00-0038542,B.Robinson,Bijan Robinson,RB,RB,,ATL,2025,7,REG,,,,,,,,,,,,,,,,,,14.0,40.0,0.0,,,,,,,,,,,,,,,,,,,,,,,
00-0038543,J.Smith-Njigba,Jaxon Smith-Njigba,WR,WR,,SEA,2025,7,REG,,,,,,,,,,,,,,,,,,,,,,,,,,8.0,14.0,123.0,1.0,,,,,,,,,,,,,,
00-0038544,Q.Johnston,Quentin Johnston,WR,WR,,LAC,2025,7,REG,,,,,,,,,,,,,,,,,,,,,,,,,,2.0,6.0,30.0,1.0,,,,,,,,,,,,,,
00-0038558,D.Washington,Darnell Washington,TE,TE,,PIT,2025,7,REG,,,,,,,,,,,,,,,,,,,,,,,,,,3.0,5.0,2.0,1.0,,,,,,,,,,,,,,
00-0038563,T.Tucker,Tre Tucker,WR,WR,,LV,2025,7,REG,,,,,,,,,,,,,,,,,,,,,,,,,,5.0,6.0,33.0,0.0,,,,,,,,,,,,,,
00-0038597,C.Brown,Chase Brown,RB,RB,,CIN,2025,7,REG,,,,,,,,,,,,,,,,,,11.0,108.0,0.0,,,,,,,,,,,,,,,,,,,,,,,
00-0038606,P.Washington,Parker Washington,WR,WR,,JAX,2025,7,REG,,,,,,,,,,,,,,,,,,,,,,,,,,4.0,10.0,52.0,0.0,,,,,,,,,,,,,,
00-0038976,M.Mims,Marvin Mims Jr.,WR,WR,,DEN,2025,7,REG,,,,,,,,,,,,,,,,,,,,,,,,,,6.0,7.0,85.0,0.0,,,,,,,,,,,,,,
00-0038994,J.Addison,Jordan Addison,WR,WR,,MIN,2025,7,REG,,,,,,,,,,,,,,,,,,,,,,,,,,9.0,12.0,128.0,0.0,,,,,,,,,,,,,,
00-0038996,T.Kraft,Tucker Kraft,TE,TE,,GB,2025,7,REG,,,,,,,,,,,,,,,,,,,,,,,,,,5.0,10.0,58.0,1.0,,,,,,,,,,,,,,
00-0039040,D.Achane,De'Von Achane,RB,RB,,MIA,2025,7,REG,,,,,,,,,,,,,,,,,,13.0,82.0,0.0,,,,,,,,,,,,,,,,,,,,,,,
00-0039067,R.Rice,Rashee Rice,WR,WR,,KC,2025,7,REG,,,,,,,,,,,,,,,,,,,,,,,,,,7.0,10.0,42.0,2.0,,,,,,,,,,,,,,
00-0039139,J.Gibbs,Jahmyr Gibbs,RB,RB,,DET,2025,7,REG,,,,,,,,,,,,,,,,,,17.0,136.0,2.0,,,,,,,,,,,,,,,,,,,,,,,
00-0039150,B.Young,Bryce Young,QB,QB,,CAR,2025,7,REG,,15.0,25.0,138.0,1.0,0.0,,,,,,,,,,,,,,,,,,,,,,,,,,,,,,,,,,,,,
00-0039163,C.Stroud,C.J. Stroud,QB,QB,,HOU,2025,7,REG,,23.0,49.0,229.0,1.0,1.0,,,,,,,,,,,,,,,,,,,,,,,,,,,,,,,,,,,,,
00-0039165,Z.Charbonnet,Zach Charbonnet,RB,RB,,SEA,2025,7,REG,,,,,,,,,,,,,,,,,,12.0,49.0,2.0,,,,,,,,,,,,,,,,,,,,,,,
00-0039342,X.Legette,Xavier Legette,WR,WR,,CAR,2025,7,REG,,,,,,,,,,,,,,,,,,,,,,,,,,9.0,11.0,92.0,1.0,,,,,,,,,,,,,,
00-0039376,S.Rattler,Spencer Rattler,QB,QB,,NO,2025,7,REG,,20.0,32.0,233.0,2.0,3.0,,,,,,,,,,,,,,,,,,,,,,,,,,,,,,,,,,,,,
00-0039732,B.Nix,Bo Nix,QB,QB,,DEN,2025,7,REG,,27.0,50.0,279.0,2.0,0.0,,,,,,,,,,,,,,,,,,,,,,,,,,,,,,,,,,,,,
00-0039738,B.Corum,Blake Corum,RB,RB,,LAR,2025,7,REG,,,,,,,,,,,,,,,,,,12.0,37.0,0.0,,,,,,,,,,,,,,,,,,,,,,,
00-0039847,T.Johnson,Theo Johnson,TE,TE,,NYG,2025,7,REG,,,,,,,,,,,,,,,,,,,,,,,,,,3.0,7.0,66.0,1.0,,,,,,,,,,,,,,
00-0039849,M.Harrison,Marvin Harrison Jr.,WR,WR,,ARI,2025,7,REG,,,,,,,,,,,,,,,,,,,,,,,,,,2.0,6.0,58.0,0.0,,,,,,,,,,,,,,
00-0039851,D.Maye,Drake Maye,QB,QB,,NE,2025,7,REG,,21.0,23.0,222.0,2.0,0.0,,,,,,,,,,,,,,,,,,,,,,,,,,,,,,,,,,,,,
00-0039868,T.Franklin,Troy Franklin,WR,WR,,DEN,2025,7,REG,,,,,,,,,,,,,,,,,,,,,,,,,,3.0,10.0,19.0,1.0,,,,,,,,,,,,,,
00-0039880,M.Washington,Malik Washington,WR,WR,,MIA,2025,7,REG,,,,,,,,,,,,,,,,,,,,,,,,,,5.0,8.0,30.0,0.0,,,,,,,,,,,,,,
00-0039893,B.Thomas,Brian Thomas Jr.,WR,WR,,JAX,2025,7,REG,,,,,,,,,,,,,,,,,,,,,,,,,,3.0,7.0,31.0,0.0,,,,,,,,,,,,,,
00-0039910,J.Daniels,Jayden Daniels,QB,QB,,WAS,2025,7,REG,,12.0,22.0,156.0,1.0,0.0,,,,,,,,,,,,,,,,,,,,,,,,,,,,,,,,,,,,,
00-0039915,L.McConkey,Ladd McConkey,WR,WR,,LAC,2025,7,REG,,,,,,,,,,,,,,,,,,,,,,,,,,9.0,15.0,67.0,0.0,,,,,,,,,,,,,,
00-0039917,M.Penix,Michael Penix Jr.,QB,QB,,ATL,2025,7,REG,,21.0,38.0,241.0,1.0,0.0,,,,,,,,,,,,,,,,,,,,,,,,,,,,,,,,,,,,,
00-0039918,C.Williams,Caleb Williams,QB,QB,,CHI,2025,7,REG,,15.0,26.0,172.0,0.0,1.0,,,,,,,,,,,,,,,,,,,,,,,,,,,,,,,,,,,,,
00-0039919,R.Odunze,Rome Odunze,WR,WR,,CHI,2025,7,REG,,,,,,,,,,,,,,,,,,,,,,,,,,2.0,6.0,31.0,0.0,,,,,,,,,,,,,,
00-0040078,B.Smith,Brashard Smith,RB,RB,,KC,2025,7,REG,,,,,,,,,,,,,,,,,,14.0,39.0,0.0,,,,,,,,,,,,,,,,,,,,,,,
00-0040124,T.McMillan,Tetairoa McMillan,WR,WR,,CAR,2025,7,REG,,,,,,,,,,,,,,,,,,,,,,,,,,3.0,5.0,33.0,0.0,,,,,,,,,,,,,,
00-0040128,T.Warren,Tyler Warren,TE,TE,,IND,2025,7,REG,,,,,,,,,,,,,,,,,,,,,,,,,,4.0,5.0,69.0,1.0,,,,,,,,,,,,,,
00-0040129,E.Egbuka,Emeka Egbuka,WR,WR,,TB,2025,7,REG,,,,,,,,,,,,,,,,,,,,,,,,,,4.0,12.0,58.0,0.0,,,,,,,,,,,,,,
00-0040138,J.Noel,Jaylin Noel,WR,WR,,HOU,2025,7,REG,,,,,,,,,,,,,,,,,,,,,,,,,,4.0,7.0,77.0,0.0,,,,,,,,,,,,,,
00-0040164,J.Lane,Jaylin Lane,WR,WR,,WAS,2025,7,REG,,,,,,,,,,,,,,,,,,,,,,,,,,3.0,6.0,60.0,0.0,,,,,,,,,,,,,,
00-0040170,E.Ayomanor,Elic Ayomanor,WR,WR,,TEN,2025,7,REG,,,,,,,,,,,,,,,,,,,,,,,,,,2.0,5.0,29.0,0.0,,,,,,,,,,,,,,
00-0040189,O.Gadsden,Oronde Gadsden II,TE,TE,,LAC,2025,7,REG,,,,,,,,,,,,,,,,,,,,,,,,,,7.0,9.0,164.0,1.0,,,,,,,,,,,,,,
00-0040236,K.Monangai,Kyle Monangai,RB,RB,,CHI,2025,7,REG,,,,,,,,,,,,,,,,,,13.0,81.0,1.0,,,,,,,,,,,,,,,,,,,,,,,
00-0040237,T.Johnson,Tez Johnson,WR,WR,,TB,2025,7,REG,,,,,,,,,,,,,,,,,,,,,,,,,,4.0,9.0,58.0,1.0,,,,,,,,,,,,,,
00-0040242,J.Croskey-Merritt,Jacory Croskey-Merritt,RB,RB,,WAS,2025,7,REG,,,,,,,,,,,,,,,,,,13.0,33.0,0.0,,,,,,,,,,,,,,,,,,,,,,,
00-0040583,W.Marks,Woody Marks,RB,RB,,HOU,2025,7,REG,,,,,,,,,,,,,,,,,,10.0,15.0,0.0,,,,,,,,,,,,,,,,,,,,,,,
00-0040584,G.Helm,Gunnar Helm,TE,TE,,TEN,2025,7,REG,,,,,,,,,,,,,,,,,,,,,,,,,,4.0,5.0,36.0,0.0,,,,,,,,,,,,,,
00-0040663,H.Fannin,Harold Fannin Jr.,TE,TE,,CLE,2025,7,REG,,,,,,,,,,,,,,,,,,,,,,,,,,4.0,5.0,36.0,0.0,,,,,,,,,,,,,,
00-0040676,C.Ward,Cam Ward,QB,QB,,TEN,2025,7,REG,,25.0,34.0,255.0,1.0,1.0,,,,,,,,,,,,,,,,,,,,,,,,,,,,,,,,,,,,,
00-0040691,J.Dart,Jaxson Dart,QB,QB,,NYG,2025,7,REG,,15.0,33.0,283.0,3.0,1.0,,,,,,,,,,,,,,,,,,,,,,,,,,,,,,,,,,,,,
00-0040704,D.Gabriel,Dillon Gabriel,QB,QB,,CLE,2025,7,REG,,13.0,18.0,116.0,0.0,0.0,,,,,,,,,,,,,,,,,,,,,,,,,,,,,,,,,,,,,
00-0040715,C.Skattebo,Cam Skattebo,RB,RB,,NYG,2025,7,REG,,,,,,,,,,,,,,,,,,16.0,60.0,0.0,,,,,,,,,,,,,,,,,,,,,,,
00-0040718,T.Hunter,Travis Hunter,WR,WR,,JAX,2025,7,REG,,,,,,,,,,,,,,,,,,,,,,,,,,8.0,14.0,101.0,1.0,,,,,,,,,,,,,,
00-0040736,M.Taylor,Mason Taylor,TE,TE,,NYJ,2025,7,REG,,,,,,,,,,,,,,,,,,,,,,,,,,3.0,5.0,31.0,0.0,,,,,,,,,,,,,,
00-0040739,E.Arroyo,Elijah Arroyo,TE,TE,,SEA,2025,7,REG,,,,,,,,,,,,,,,,,,,,,,,,,,4.0,5.0,42.0,0.0,,,,,,,,,,,,,,
00-0040784,Q.Judkins,Quinshon Judkins,RB,RB,,CLE,2025,7,REG,,,,,,,,,,,,,,,,,,25.0,84.0,3.0,,,,,,,,,,,,,,,,,,,,,,,
00-0023459,A.Rodgers,Aaron Rodgers,QB,QB,,PIT,2025,8,REG,,24.0,36.0,219.0,2.0,0.0,,,,,,,,,,,,,,,,,,,,,,,,,,,,,,,,,,,,,
00-0026158,J.Flacco,Joe Flacco,QB,QB,,CIN,2025,8,REG,,21.0,34.0,223.0,2.0,0.0,,,,,,,,,,,,,,,,,,,,,,,,,,,,,,,,,,,,,
00-0027973,A.Dalton,Andy Dalton,QB,QB,,CAR,2025,8,REG,,16.0,24.0,175.0,0.0,1.0,,,,,,,,,,,,,,,,,,,,,,,,,,,,,,,,,,,,,
00-0029604,K.Cousins,Kirk Cousins,QB,QB,,ATL,2025,8,REG,,21.0,31.0,173.0,0.0,0.0,,,,,,,,,,,,,,,,,,,,,,,,,,,,,,,,,,,,,
00-0030061,Z.Ertz,Zach Ertz,TE,TE,,WAS,2025,8,REG,,,,,,,,,,,,,,,,,,,,,,,,,,4.0,6.0,16.0,0.0,,,,,,,,,,,,,,
00-0030279,K.Allen,Keenan Allen,WR,WR,,LAC,2025,8,REG,,,,,,,,,,,,,,,,,,,,,,,,,,4.0,5.0,44.0,0.0,,,,,,,,,,,,,,
00-0030506,T.Kelce,Travis Kelce,TE,TE,,KC,2025,8,REG,,,,,,,,,,,,,,,,,,,,,,,,,,6.0,8.0,99.0,1.0,,,,,,,,,,,,,,
00-0031588,S.Diggs,Stefon Diggs,WR,WR,,NE,2025,8,REG,,,,,,,,,,,,,,,,,,,,,,,,,,3.0,5.0,14.0,1.0,,,,,,,,,,,,,,
00-0032268,M.Mariota,Marcus Mariota,QB,QB,,WAS,2025,8,REG,,21.0,30.0,213.0,1.0,2.0,,,,,,,,,,,,,,,,,,,,,,,,,,,,,,,,,,,,,
00-0032764,D.Henry,Derrick Henry,RB,RB,,BAL,2025,8,REG,,,,,,,,,,,,,,,,,,21.0,71.0,2.0,,,,,,,,,,,,,,,,,,,,,,,
00-0032950,C.Wentz,Carson Wentz,QB,QB,,MIN,2025,8,REG,,15.0,27.0,144.0,1.0,1.0,,,,,,,,,,,,,,,,,,,,,,,,,,,,,,,,,,,,,
00-0033077,D.Prescott,Dak Prescott,QB,QB,,DAL,2025,8,REG,,19.0,31.0,188.0,0.0,2.0,,,,,,,,,,,,,,,,,,,,,,,,,,,,,,,,,,,,,
00-0033288,G.Kittle,George Kittle,TE,TE,,SF,2025,8,REG,,,,,,,,,,,,,,,,,,,,,,,,,,4.0,5.0,43.0,1.0,,,,,,,,,,,,,,
00-0033555,M.Hollins,Mack Hollins,WR,WR,,NE,2025,8,REG,,,,,,,,,,,,,,,,,,,,,,,,,,7.0,7.0,89.0,0.0,,,,,,,,,,,,,,
00-0033873,P.Mahomes,Patrick Mahomes,QB,QB,,KC,2025,8,REG,,25.0,34.0,299.0,3.0,2.0,,,,,,,,,,,,,,,,,,,,,,,,,,,,,,,,,,,,,
00-0033885,D.Njoku,David Njoku,TE,TE,,CLE,2025,8,REG,,,,,,,,,,,,,,,,,,,,,,,,,,4.0,5.0,37.0,1.0,,,,,,,,,,,,,,
00-0034348,C.Sutton,Courtland Sutton,WR,WR,,DEN,2025,8,REG,,,,,,,,,,,,,,,,,,,,,,,,,,4.0,6.0,67.0,0.0,,,,,,,,,,,,,,
00-0034419,B.Berrios,Braxton Berrios,WR,WR,,HOU,2025,8,REG,,,,,,,,,,,,,,,,,,,,,,,,,,5.0,5.0,38.0,0.0,,,,,,,,,,,,,,
00-0034791,N.Chubb,Nick Chubb,RB,RB,,HOU,2025,8,REG,,,,,,,,,,,,,,,,,,17.0,56.0,0.0,,,,,,,,,,,,,,,,,,,,,,,
00-0034827,D.Moore,DJ Moore,WR,WR,,CHI,2025,8,REG,,,,,,,,,,,,,,,,,,,,,,,,,,4.0,7.0,73.0,0.0,,,,,,,,,,,,,,
00-0034844,S.Barkley,Saquon Barkley,RB,RB,,PHI,2025,8,REG,,,,,,,,,,,,,,,,,,14.0,150.0,1.0,,,,,,,,,,,,,,,,,,,,,,,
00-0034854,K.Hodge,KhaDarel Hodge,WR,WR,,ATL,2025,8,REG,,,,,,,,,,,,,,,,,,,,,,,,,,3.0,8.0,31.0,0.0,,,,,,,,,,,,,,
00-0034855,B.Mayfield,Baker Mayfield,QB,QB,,TB,2025,8,REG,,15.0,24.0,152.0,0.0,0.0,,,,,,,,,,,,,,,,,,,,,,,,,,,,,,,,,,,,,
00-0034857,J.Allen,Josh Allen,QB,QB,,BUF,2025,8,REG,,12.0,19.0,163.0,1.0,0.0,,,,,,,,,,,,,,,,,,,,,,,,,,,,,,,,,,,,,
00-0035208,O.Zaccheaus,Olamide Zaccheaus,WR,WR,,CHI,2025,8,REG,,,,,,,,,,,,,,,,,,,,,,,,,,7.0,7.0,33.0,0.0,,,,,,,,,,,,,,
00-0035261,T.Pollard,Tony Pollard,RB,RB,,TEN,2025,8,REG,,,,,,,,,,,,,,,,,,11.0,44.0,0.0,,,,,,,,,,,,,,,,,,,,,,,
00-0035535,D.Slayton,Darius Slayton,WR,WR,,NYG,2025,8,REG,,,,,,,,,,,,,,,,,,,,,,,,,,2.0,5.0,26.0,0.0,,,,,,,,,,,,,,
00-0035640,D.Metcalf,DK Metcalf,WR,WR,,PIT,2025,8,REG,,,,,,,,,,,,,,,,,,,,,,,,,,5.0,7.0,55.0,1.0,,,,,,,,,,,,,,
00-0035700,J.Jacobs,Josh Jacobs,RB,RB,,GB,2025,8,REG,,,,,,,,,,,,,,,,,,13.0,33.0,1.0,,,,,,,,,,,,,,,,,,,,,,,
00-0035710,D.Jones,Daniel Jones,QB,QB,,IND,2025,8,REG,,21.0,29.0,272.0,3.0,0.0,,,,,,,,,,,,,,,,,,,,,,,,,,,,,,,,,,,,,
00-0035719,D.Samuel,Deebo Samuel Sr.,WR,WR,,WAS,2025,8,REG,,,,,,,,,,,,,,,,,,,,,,,,,,3.0,6.0,11.0,0.0,,,,,,,,,,,,,,
00-0035993,T.Huntley,Tyler Huntley,QB,QB,,BAL,2025,8,REG,,17.0,22.0,186.0,1.0,0.0,,,,,,,,,,,,,,,,,,,,,,,,,,,,,,,,,,,,,
00-0036040,J.Johnson,Juwan Johnson,TE,TE,,NO,2025,8,REG,,,,,,,,,,,,,,,,,,,,,,,,,,5.0,8.0,53.0,0.0,,,,,,,,,,,,,,
00-0036158,J.Dobbins,J.K. Dobbins,RB,RB,,DEN,2025,8,REG,,,,,,,,,,,,,,,,,,15.0,111.0,0.0,,,,,,,,,,,,,,,,,,,,,,,
00-0036212,T.Tagovailoa,Tua Tagovailoa,QB,QB,,MIA,2025,8,REG,,20.0,26.0,205.0,4.0,0.0,,,,,,,,,,,,,,,,,,,,,,,,,,,,,,,,,,,,,
00-0036223,J.Taylor,Jonathan Taylor,RB,RB,,IND,2025,8,REG,,,,,,,,,,,,,,,,,,12.0,153.0,2.0,,,,,,,,,,,,,,,,,,,,,,,
00-0036252,M.Pittman,Michael Pittman,WR,WR,,IND,2025,8,REG,,,,,,,,,,,,,,,,,,,,,,,,,,8.0,9.0,95.0,1.0,,,,,,,,,,,,,,
00-0036259,J.Jennings,Jauan Jennings,WR,WR,,SF,2025,8,REG,,,,,,,,,,,,,,,,,,,,,,,,,,4.0,7.0,45.0,0.0,,,,,,,,,,,,,,
00-0036264,J.Love,Jordan Love,QB,QB,,GB,2025,8,REG,,29.0,37.0,360.0,3.0,0.0,,,,,,,,,,,,,,,,,,,,,,,,,,,,,,,,,,,,,
00-0036275,D.Swift,D'Andre Swift,RB,RB,,CHI,2025,8,REG,,,,,,,,,,,,,,,,,,11.0,45.0,1.0,,,,,,,,,,,,,,,,,,,,,,,
00-0036322,J.Jefferson,Justin Jefferson,WR,WR,,MIN,2025,8,REG,,,,,,,,,,,,,,,,,,,,,,,,,,7.0,11.0,74.0,0.0,,,,,,,,,,,,,,
00-0036355,J.Herbert,Justin Herbert,QB,QB,,LAC,2025,8,REG,,18.0,25.0,227.0,3.0,1.0,,,,,,,,,,,,,,,,,,,,,,,,,,,,,,,,,,,,,
00-0036358,C.Lamb,CeeDee Lamb,WR,WR,,DAL,2025,8,REG,,,,,,,,,,,,,,,,,,,,,,,,,,7.0,10.0,74.0,0.0,,,,,,,,,,,,,,
00-0036389,J.Hurts,Jalen Hurts,QB,QB,,PHI,2025,8,REG,,15.0,20.0,179.0,4.0,0.0,,,,,,,,,,,,,,,,,,,,,,,,,,,,,,,,,,,,,
00-0036415,V.Jefferson,Van Jefferson,WR,WR,,TEN,2025,8,REG,,,,,,,,,,,,,,,,,,,,,,,,,,1.0,8.0,6.0,0.0,,,,,,,,,,,,,,
00-0036427,T.Johnson,Tyler Johnson,WR,WR,,NYJ,2025,8,REG,,,,,,,,,,,,,,,,,,,,,,,,,,3.0,5.0,64.0,1.0,,,,,,,,,,,,,,
00-0036555,C.Hubbard,Chuba Hubbard,RB,RB,,CAR,2025,8,REG,,,,,,,,,,,,,,,,,,12.0,34.0,1.0,,,,,,,,,,,,,,,,,,,,,,,
00-0036613,J.Waddle,Jaylen Waddle,WR,WR,,MIA,2025,8,REG,,,,,,,,,,,,,,,,,,,,,,,,,,5.0,6.0,99.0,1.0,,,,,,,,,,,,,,
00-0036755,J.Patterson,Jaret Patterson,RB,RB,,LAC,2025,8,REG,,,,,,,,,,,,,,,,,,11.0,30.0,0.0,,,,,,,,,,,,,,,,,,,,,,,
00-0036875,R.Stevenson,Rhamondre Stevenson,RB,RB,,NE,2025,8,REG,,,,,,,,,,,,,,,,,,14.0,34.0,0.0,,,,,,,,,,,,,,,,,,,,,,,
00-0036900,J.Chase,Ja'Marr Chase,WR,WR,,CIN,2025,8,REG,,,,,,,,,,,,,,,,,,,,,,,,,,12.0,19.0,91.0,0.0,,,,,,,,,,,,,,
00-0036912,D.Smith,DeVonta Smith,WR,WR,,PHI,2025,8,REG,,,,,,,,,,,,,,,,,,,,,,,,,,6.0,9.0,84.0,0.0,,,,,,,,,,,,,,
00-0036945,J.Fields,Justin Fields,QB,QB,,NYJ,2025,8,REG,,21.0,32.0,244.0,1.0,0.0,,,,,,,,,,,,,,,,,,,,,,,,,,,,,,,,,,,,,
00-0036970,K.Pitts,Kyle Pitts,TE,TE,,ATL,2025,8,REG,,,,,,,,,,,,,,,,,,,,,,,,,,9.0,9.0,59.0,0.0,,,,,,,,,,,,,,
00-0036972,M.Jones,Mac Jones,QB,QB,,SF,2025,8,REG,,19.0,32.0,193.0,2.0,1.0,,,,,,,,,,,,,,,,,,,,,,,,,,,,,,,,,,,,,
00-0036997,J.Williams,Javonte Williams,RB,RB,,DAL,2025,8,REG,,,,,,,,,,,,,,,,,,13.0,41.0,2.0,,,,,,,,,,,,,,,,,,,,,,,
00-0037197,I.Pacheco,Isiah Pacheco,RB,RB,,KC,2025,8,REG,,,,,,,,,,,,,,,,,,12.0,58.0,0.0,,,,,,,,,,,,,,,,,,,,,,,
00-0037228,J.Warren,Jaylen Warren,RB,RB,,PIT,2025,8,REG,,,,,,,,,,,,,,,,,,13.0,62.0,0.0,,,,,,,,,,,,,,,,,,,,,,,
00-0037239,C.Olave,Chris Olave,WR,WR,,NO,2025,8,REG,,,,,,,,,,,,,,,,,,,,,,,,,,8.0,12.0,63.0,0.0,,,,,,,,,,,,,,
00-0037247,G.Pickens,George Pickens,WR,WR,,DAL,2025,8,REG,,,,,,,,,,,,,,,,,,,,,,,,,,7.0,9.0,78.0,0.0,,,,,,,,,,,,,,
00-0037248,J.Cook,James Cook,RB,RB,,BUF,2025,8,REG,,,,,,,,,,,,,,,,,,19.0,216.0,2.0,,,,,,,,,,,,,,,,,,,,,,,
00-0037256,R.White,Rachaad White,RB,RB,,TB,2025,8,REG,,,,,,,,,,,,,,,,,,13.0,35.0,0.0,,,,,,,,,,,,,,,,,,,,,,,
00-0037261,K.Shakir,Khalil Shakir,WR,WR,,BUF,2025,8,REG,,,,,,,,,,,,,,,,,,,,,,,,,,6.0,7.0,88.0,1.0,,,,,,,,,,,,,,
00-0037545,R.Shaheed,Rashid Shaheed,WR,WR,,NO,2025,8,REG,,,,,,,,,,,,,,,,,,,,,,,,,,9.0,12.0,75.0,0.0,,,,,,,,,,,,,,
00-0037664,A.Pierce,Alec Pierce,WR,WR,,IND,2025,8,REG,,,,,,,,,,,,,,,,,,,,,,,,,,2.0,5.0,69.0,0.0,,,,,,,,,,,,,,
00-0037801,K.Turpin,KaVontae Turpin,WR,WR,,DAL,2025,8,REG,,,,,,,,,,,,,,,,,,,,,,,,,,1.0,5.0,-2.0,0.0,,,,,,,,,,,,,,
00-0037809,C.Okonkwo,Chig Okonkwo,TE,TE,,TEN,2025,8,REG,,,,,,,,,,,,,,,,,,,,,,,,,,4.0,5.0,53.0,0.0,,,,,,,,,,,,,,
00-0037816,R.Doubs,Romeo Doubs,WR,WR,,GB,2025,8,REG,,,,,,,,,,,,,,,,,,,,,,,,,,3.0,6.0,44.0,0.0,,,,,,,,,,,,,,
00-0037837,C.Austin,Calvin Austin III,WR,WR,,PIT,2025,8,REG,,,,,,,,,,,,,,,,,,,,,,,,,,4.0,6.0,28.0,0.0,,,,,,,,,,,,,,
00-0038120,B.Hall,Breece Hall,RB,RB,,NYJ,2025,8,REG,,,,,,,,,,,,,,,,,,18.0,133.0,2.0,,,,,,,,,,,,,,,,,,,,,,,
00-0038129,C.Otton,Cade Otton,TE,TE,,TB,2025,8,REG,,,,,,,,,,,,,,,,,,,,,,,,,,4.0,5.0,40.0,0.0,,,,,,,,,,,,,,
00-0038597,C.Brown,Chase Brown,RB,RB,,CIN,2025,8,REG,,,,,,,,,,,,,,,,,,12.0,73.0,1.0,,,,,,,,,,,,,,,,,,,,,,,
00-0038608,K.Boutte,Kayshon Boutte,WR,WR,,NE,2025,8,REG,,,,,,,,,,,,,,,,,,,,,,,,,,3.0,5.0,75.0,1.0,,,,,,,,,,,,,,
00-0038618,X.Hutchinson,Xavier Hutchinson,WR,WR,,HOU,2025,8,REG,,,,,,,,,,,,,,,,,,,,,,,,,,5.0,6.0,69.0,1.0,,,,,,,,,,,,,,
00-0038797,E.Wilson,Emanuel Wilson,RB,RB,,GB,2025,8,REG,,,,,,,,,,,,,,,,,,11.0,61.0,0.0,,,,,,,,,,,,,,,,,,,,,,,
00-0038951,S.Tucker,Sean Tucker,RB,RB,,TB,2025,8,REG,,,,,,,,,,,,,,,,,,12.0,42.0,1.0,,,,,,,,,,,,,,,,,,,,,,,
00-0038996,T.Kraft,Tucker Kraft,TE,TE,,GB,2025,8,REG,,,,,,,,,,,,,,,,,,,,,,,,,,7.0,9.0,143.0,2.0,,,,,,,,,,,,,,
00-0039040,D.Achane,De'Von Achane,RB,RB,,MIA,2025,8,REG,,,,,,,,,,,,,,,,,,18.0,67.0,0.0,,,,,,,,,,,,,,,,,,,,,,,
00-0039064,Z.Flowers,Zay Flowers,WR,WR,,BAL,2025,8,REG,,,,,,,,,,,,,,,,,,,,,,,,,,7.0,9.0,63.0,0.0,,,,,,,,,,,,,,
00-0039067,R.Rice,Rashee Rice,WR,WR,,KC,2025,8,REG,,,,,,,,,,,,,,,,,,,,,,,,,,9.0,9.0,93.0,1.0,,,,,,,,,,,,,,
00-0039163,C.Stroud,C.J. Stroud,QB,QB,,HOU,2025,8,REG,,30.0,39.0,318.0,2.0,1.0,,,,,,,,,,,,,,,,,,,,,,,,,,,,,,,,,,,,,
00-0039376,S.Rattler,Spencer Rattler,QB,QB,,NO,2025,8,REG,,15.0,21.0,136.0,0.0,1.0,,,,,,,,,,,,,,,,,,,,,,,,,,,,,,,,,,,,,
00-0039384,T.Tracy,Tyrone Tracy Jr.,RB,RB,,NYG,2025,8,REG,,,,,,,,,,,,,,,,,,10.0,39.0,0.0,,,,,,,,,,,,,,,,,,,,,,,
00-0039391,K.Vidal,Kimani Vidal,RB,RB,,LAC,2025,8,REG,,,,,,,,,,,,,,,,,,23.0,117.0,1.0,,,,,,,,,,,,,,,,,,,,,,,
00-0039424,D.Vele,Devaughn Vele,WR,WR,,NO,2025,8,REG,,,,,,,,,,,,,,,,,,,,,,,,,,1.0,5.0,10.0,0.0,,,,,,,,,,,,,,
00-0039732,B.Nix,Bo Nix,QB,QB,,DEN,2025,8,REG,,19.0,29.0,247.0,4.0,1.0,,,,,,,,,,,,,,,,,,,,,,,,,,,,,,,,,,,,,
00-0039739,R.Wilson,Roman Wilson,WR,WR,,PIT,2025,8,REG,,,,,,,,,,,,,,,,,,,,,,,,,,4.0,5.0,74.0,1.0,,,,,,,,,,,,,,
00-0039851,D.Maye,Drake Maye,QB,QB,,NE,2025,8,REG,,18.0,24.0,282.0,3.0,1.0,,,,,,,,,,,,,,,,,,,,,,,,,,,,,,,,,,,,,
00-0039868,T.Franklin,Troy Franklin,WR,WR,,DEN,2025,8,REG,,,,,,,,,,,,,,,,,,,,,,,,,,6.0,8.0,89.0,2.0,,,,,,,,,,,,,,
00-0039880,M.Washington,Malik Washington,WR,WR,,MIA,2025,8,REG,,,,,,,,,,,,,,,,,,,,,,,,,,4.0,5.0,36.0,1.0,,,,,,,,,,,,,,
00-0039894,X.Worthy,Xavier Worthy,WR,WR,,KC,2025,8,REG,,,,,,,,,,,,,,,,,,,,,,,,,,5.0,7.0,53.0,0.0,,,,,,,,,,,,,,
00-0039915,L.McConkey,Ladd McConkey,WR,WR,,LAC,2025,8,REG,,,,,,,,,,,,,,,,,,,,,,,,,,6.0,10.0,88.0,1.0,,,,,,,,,,,,,,
00-0039918,C.Williams,Caleb Williams,QB,QB,,CHI,2025,8,REG,,25.0,38.0,285.0,0.0,1.0,,,,,,,,,,,,,,,,,,,,,,,,,,,,,,,,,,,,,
00-0039919,R.Odunze,Rome Odunze,WR,WR,,CHI,2025,8,REG,,,,,,,,,,,,,,,,,,,,,,,,,,7.0,10.0,114.0,0.0,,,,,,,,,,,,,,
00-0040124,T.McMillan,Tetairoa McMillan,WR,WR,,CAR,2025,8,REG,,,,,,,,,,,,,,,,,,,,,,,,,,7.0,10.0,99.0,0.0,,,,,,,,,,,,,,
00-0040126,C.Loveland,Colston Loveland,TE,TE,,CHI,2025,8,REG,,,,,,,,,,,,,,,,,,,,,,,,,,3.0,5.0,38.0,0.0,,,,,,,,,,,,,,
00-0040128,T.Warren,Tyler Warren,TE,TE,,IND,2025,8,REG,,,,,,,,,,,,,,,,,,,,,,,,,,4.0,5.0,53.0,0.0,,,,,,,,,,,,,,
00-0040129,E.Egbuka,Emeka Egbuka,WR,WR,,TB,2025,8,REG,,,,,,,,,,,,,,,,,,,,,,,,,,3.0,9.0,35.0,0.0,,,,,,,,,,,,,,
00-0040130,J.Higgins,Jayden Higgins,WR,WR,,HOU,2025,8,REG,,,,,,,,,,,,,,,,,,,,,,,,,,4.0,8.0,34.0,1.0,,,,,,,,,,,,,,
00-0040138,J.Noel,Jaylin Noel,WR,WR,,HOU,2025,8,REG,,,,,,,,,,,,,,,,,,,,,,,,,,5.0,6.0,63.0,0.0,,,,,,,,,,,,,,
00-0040170,E.Ayomanor,Elic Ayomanor,WR,WR,,TEN,2025,8,REG,,,,,,,,,,,,,,,,,,,,,,,,,,4.0,8.0,52.0,0.0,,,,,,,,,,,,,,
00-0040189,O.Gadsden,Oronde Gadsden II,TE,TE,,LAC,2025,8,REG,,,,,,,,,,,,,,,,,,,,,,,,,,5.0,5.0,77.0,1.0,,,,,,,,,,,,,,
00-0040198,O.Gordon,Ollie Gordon II,RB,RB,,MIA,2025,8,REG,,,,,,,,,,,,,,,,,,10.0,46.0,0.0,,,,,,,,,,,,,,,,,,,,,,,
00-0040237,T.Johnson,Tez Johnson,WR,WR,,TB,2025,8,REG,,,,,,,,,,,,,,,,,,,,,,,,,,5.0,6.0,43.0,0.0,,,,,,,,,,,,,,
00-0040583,W.Marks,Woody Marks,RB,RB,,HOU,2025,8,REG,,,,,,,,,,,,,,,,,,11.0,62.0,0.0,,,,,,,,,,,,,,,,,,,,,,,
00-0040663,H.Fannin,Harold Fannin Jr.,TE,TE,,CLE,2025,8,REG,,,,,,,,,,,,,,,,,,,,,,,,,,6.0,8.0,62.0,1.0,,,,,,,,,,,,,,
00-0040676,C.Ward,Cam Ward,QB,QB,,TEN,2025,8,REG,,22.0,38.0,259.0,1.0,1.0,,,,,,,,,,,,,,,,,,,,,,,,,,,,,,,,,,,,,
00-0040691,J.Dart,Jaxson Dart,QB,QB,,NYG,2025,8,REG,,14.0,24.0,193.0,1.0,0.0,,,,,,,,,,,,,,,,,,,,,,,,,,,,,,,,,,,,,
00-0040704,D.Gabriel,Dillon Gabriel,QB,QB,,CLE,2025,8,REG,,21.0,35.0,156.0,2.0,2.0,,,,,,,,,,,,,,,,,,,,,,,,,,,,,,,,,,,,,
00-0040705,C.Dike,Chimere Dike,WR,WR,,TEN,2025,8,REG,,,,,,,,,,,,,,,,,,,,,,,,,,7.0,8.0,93.0,0.0,,,,,,,,,,,,,,
00-0040734,T.Henderson,TreVeyon Henderson,RB,RB,,NE,2025,8,REG,,,,,,,,,,,,,,,,,,10.0,75.0,0.0,,,,,,,,,,,,,,,,,,,,,,,
00-0040736,M.Taylor,Mason Taylor,TE,TE,,NYJ,2025,8,REG,,,,,,,,,,,,,,,,,,,,,,,,,,5.0,8.0,34.0,1.0,,,,,,,,,,,,,,
00-0040743,T.Shough,Tyler Shough,QB,QB,,NO,2025,8,REG,,17.0,30.0,128.0,0.0,1.0,,,,,,,,,,,,,,,,,,,,,,,,,,,,,,,,,,,,,
00-0023459,A.Rodgers,Aaron Rodgers,QB,QB,,PIT,2025,9,REG,,25.0,35.0,203.0,1.0,0.0,,,,,,,,,,,,,,,,,,,,,,,,,,,,,,,,,,,,,
00-0026158,J.Flacco,Joe Flacco,QB,QB,,CIN,2025,9,REG,,31.0,47.0,470.0,4.0,2.0,,,,,,,,,,,,,,,,,,,,,,,,,,,,,,,,,,,,,
00-0026498,M.Stafford,Matthew Stafford,QB,QB,,LAR,2025,9,REG,,24.0,32.0,281.0,4.0,0.0,,,,,,,,,,,,,,,,,,,,,,,,,,,,,,,,,,,,,
00-0030279,K.Allen,Keenan Allen,WR,WR,,LAC,2025,9,REG,,,,,,,,,,,,,,,,,,,,,,,,,,2.0,5.0,41.0,0.0,,,,,,,,,,,,,,
00-0030506,T.Kelce,Travis Kelce,TE,TE,,KC,2025,9,REG,,,,,,,,,,,,,,,,,,,,,,,,,,4.0,5.0,66.0,0.0,,,,,,,,,,,,,,
00-0030565,G.Smith,Geno Smith,QB,QB,,LV,2025,9,REG,,29.0,39.0,284.0,4.0,1.0,,,,,,,,,,,,,,,,,,,,,,,,,,,,,,,,,,,,,
00-0031381,D.Adams,Davante Adams,WR,WR,,LAR,2025,9,REG,,,,,,,,,,,,,,,,,,,,,,,,,,5.0,7.0,60.0,2.0,,,,,,,,,,,,,,
00-0032764,D.Henry,Derrick Henry,RB,RB,,BAL,2025,9,REG,,,,,,,,,,,,,,,,,,19.0,119.0,0.0,,,,,,,,,,,,,,,,,,,,,,,
00-0033077,D.Prescott,Dak Prescott,QB,QB,,DAL,2025,9,REG,,24.0,39.0,250.0,1.0,1.0,,,,,,,,,,,,,,,,,,,,,,,,,,,,,,,,,,,,,
00-0033090,H.Henry,Hunter Henry,TE,TE,,NE,2025,9,REG,,,,,,,,,,,,,,,,,,,,,,,,,,4.0,6.0,51.0,0.0,,,,,,,,,,,,,,
00-0033106,J.Goff,Jared Goff,QB,QB,,DET,2025,9,REG,,25.0,37.0,284.0,2.0,0.0,,,,,,,,,,,,,,,,,,,,,,,,,,,,,,,,,,,,,
00-0033119,J.Brissett,Jacoby Brissett,QB,QB,,ARI,2025,9,REG,,21.0,31.0,261.0,2.0,0.0,,,,,,,,,,,,,,,,,,,,,,,,,,,,,,,,,,,,,
00-0033280,C.McCaffrey,Christian McCaffrey,RB,RB,,SF,2025,9,REG,,,,,,,,,,,,,,,,,,28.0,106.0,1.0,,,,,,,,,,,,,,,,,,,,,,,
00-0033858,J.Smith,Jonnu Smith,TE,TE,,PIT,2025,9,REG,,,,,,,,,,,,,,,,,,,,,,,,,,3.0,5.0,25.0,0.0,,,,,,,,,,,,,,
00-0033873,P.Mahomes,Patrick Mahomes,QB,QB,,KC,2025,9,REG,,15.0,34.0,250.0,0.0,1.0,,,,,,,,,,,,,,,,,,,,,,,,,,,,,,,,,,,,,
00-0033923,K.Hunt,Kareem Hunt,RB,RB,,KC,2025,9,REG,,,,,,,,,,,,,,,,,,11.0,49.0,1.0,,,,,,,,,,,,,,,,,,,,,,,
00-0034348,C.Sutton,Courtland Sutton,WR,WR,,DEN,2025,9,REG,,,,,,,,,,,,,,,,,,,,,,,,,,1.0,6.0,30.0,1.0,,,,,,,,,,,,,,
00-0034383,D.Schultz,Dalton Schultz,TE,TE,,HOU,2025,9,REG,,,,,,,,,,,,,,,,,,,,,,,,,,6.0,8.0,77.0,0.0,,,,,,,,,,,,,,
00-0034775,C.Kirk,Christian Kirk,WR,WR,,HOU,2025,9,REG,,,,,,,,,,,,,,,,,,,,,,,,,,4.0,8.0,26.0,0.0,,,,,,,,,,,,,,
00-0034791,N.Chubb,Nick Chubb,RB,RB,,HOU,2025,9,REG,,,,,,,,,,,,,,,,,,11.0,34.0,0.0,,,,,,,,,,,,,,,,,,,,,,,
00-0034796,L.Jackson,Lamar Jackson,QB,QB,,BAL,2025,9,REG,,18.0,23.0,204.0,4.0,0.0,,,,,,,,,,,,,,,,,,,,,,,,,,,,,,,,,,,,,
00-0034827,D.Moore,DJ Moore,WR,WR,,CHI,2025,9,REG,,,,,,,,,,,,,,,,,,,,,,,,,,4.0,6.0,72.0,0.0,,,,,,,,,,,,,,
00-0034857,J.Allen,Josh Allen,QB,QB,,BUF,2025,9,REG,,23.0,26.0,273.0,1.0,0.0,,,,,,,,,,,,,,,,,,,,,,,,,,,,,,,,,,,,,
00-0034869,S.Darnold,Sam Darnold,QB,QB,,SEA,2025,9,REG,,21.0,24.0,330.0,4.0,1.0,,,,,,,,,,,,,,,,,,,,,,,,,,,,,,,,,,,,,
00-0034960,J.Meyers,Jakobi Meyers,WR,WR,,LV,2025,9,REG,,,,,,,,,,,,,,,,,,,,,,,,,,4.0,6.0,23.0,0.0,,,,,,,,,,,,,,
00-0035208,O.Zaccheaus,Olamide Zaccheaus,WR,WR,,CHI,2025,9,REG,,,,,,,,,,,,,,,,,,,,,,,,,,6.0,8.0,58.0,1.0,,,,,,,,,,,,,,
00-0035261,T.Pollard,Tony Pollard,RB,RB,,TEN,2025,9,REG,,,,,,,,,,,,,,,,,,10.0,56.0,0.0,,,,,,,,,,,,,,,,,,,,,,,
00-0035535,D.Slayton,Darius Slayton,WR,WR,,NYG,2025,9,REG,,,,,,,,,,,,,,,,,,,,,,,,,,5.0,7.0,62.0,0.0,,,,,,,,,,,,,,
00-0035685,D.Montgomery,David Montgomery,RB,RB,,DET,2025,9,REG,,,,,,,,,,,,,,,,,,11.0,40.0,1.0,,,,,,,,,,,,,,,,,,,,,,,
00-0035700,J.Jacobs,Josh Jacobs,RB,RB,,GB,2025,9,REG,,,,,,,,,,,,,,,,,,17.0,87.0,1.0,,,,,,,,,,,,,,,,,,,,,,,
00-0035710,D.Jones,Daniel Jones,QB,QB,,IND,2025,9,REG,,31.0,50.0,342.0,1.0,3.0,,,,,,,,,,,,,,,,,,,,,,,,,,,,,,,,,,,,,
00-0035719,D.Samuel,Deebo Samuel Sr.,WR,WR,,WAS,2025,9,REG,,,,,,,,,,,,,,,,,,,,,,,,,,5.0,6.0,41.0,0.0,,,,,,,,,,,,,,
00-0036139,R.Dowdle,Rico Dowdle,RB,RB,,CAR,2025,9,REG,,,,,,,,,,,,,,,,,,25.0,130.0,2.0,,,,,,,,,,,,,,,,,,,,,,,
00-0036158,J.Dobbins,J.K. Dobbins,RB,RB,,DEN,2025,9,REG,,,,,,,,,,,,,,,,,,15.0,61.0,0.0,,,,,,,,,,,,,,,,,,,,,,,
00-0036212,T.Tagovailoa,Tua Tagovailoa,QB,QB,,MIA,2025,9,REG,,25.0,40.0,261.0,0.0,1.0,,,,,,,,,,,,,,,,,,,,,,,,,,,,,,,,,,,,,
00-0036223,J.Taylor,Jonathan Taylor,RB,RB,,IND,2025,9,REG,,,,,,,,,,,,,,,,,,14.0,45.0,0.0,,,,,,,,,,,,,,,,,,,,,,,
00-0036252,M.Pittman,Michael Pittman,WR,WR,,IND,2025,9,REG,,,,,,,,,,,,,,,,,,,,,,,,,,9.0,12.0,115.0,0.0,,,,,,,,,,,,,,
00-0036259,J.Jennings,Jauan Jennings,WR,WR,,SF,2025,9,REG,,,,,,,,,,,,,,,,,,,,,,,,,,4.0,5.0,41.0,1.0,,,,,,,,,,,,,,
00-0036264,J.Love,Jordan Love,QB,QB,,GB,2025,9,REG,,26.0,37.0,273.0,0.0,1.0,,,,,,,,,,,,,,,,,,,,,,,,,,,,,,,,,,,,,
00-0036322,J.Jefferson,Justin Jefferson,WR,WR,,MIN,2025,9,REG,,,,,,,,,,,,,,,,,,,,,,,,,,6.0,9.0,47.0,1.0,,,,,,,,,,,,,,
00-0036355,J.Herbert,Justin Herbert,QB,QB,,LAC,2025,9,REG,,19.0,29.0,250.0,2.0,1.0,,,,,,,,,,,,,,,,,,,,,,,,,,,,,,,,,,,,,
00-0036358,C.Lamb,CeeDee Lamb,WR,WR,,DAL,2025,9,REG,,,,,,,,,,,,,,,,,,,,,,,,,,7.0,12.0,85.0,0.0,,,,,,,,,,,,,,
00-0036410,T.Higgins,Tee Higgins,WR,WR,,CIN,2025,9,REG,,,,,,,,,,,,,,,,,,,,,,,,,,7.0,9.0,121.0,2.0,,,,,,,,,,,,,,
00-0036554,N.Collins,Nico Collins,WR,WR,,HOU,2025,9,REG,,,,,,,,,,,,,,,,,,,,,,,,,,7.0,11.0,75.0,0.0,,,,,,,,,,,,,,
00-0036613,J.Waddle,Jaylen Waddle,WR,WR,,MIA,2025,9,REG,,,,,,,,,,,,,,,,,,,,,,,,,,6.0,9.0,82.0,0.0,,,,,,,,,,,,,,
00-0036626,D.Brown,Dyami Brown,WR,WR,,JAX,2025,9,REG,,,,,,,,,,,,,,,,,,,,,,,,,,3.0,7.0,25.0,0.0,,,,,,,,,,,,,,
00-0036898,D.Mills,Davis Mills,QB,QB,,HOU,2025,9,REG,,17.0,30.0,137.0,0.0,0.0,,,,,,,,,,,,,,,,,,,,,,,,,,,,,,,,,,,,,
00-0036900,J.Chase,Ja'Marr Chase,WR,WR,,CIN,2025,9,REG,,,,,,,,,,,,,,,,,,,,,,,,,,6.0,8.0,111.0,0.0,,,,,,,,,,,,,,
00-0036963,A.St. Brown,Amon-Ra St. Brown,WR,WR,,DET,2025,9,REG,,,,,,,,,,,,,,,,,,,,,,,,,,9.0,13.0,97.0,0.0,,,,,,,,,,,,,,
00-0036970,K.Pitts,Kyle Pitts,TE,TE,,ATL,2025,9,REG,,,,,,,,,,,,,,,,,,,,,,,,,,4.0,7.0,38.0,0.0,,,,,,,,,,,,,,
00-0036971,T.Lawrence,Trevor Lawrence,QB,QB,,JAX,2025,9,REG,,23.0,34.0,220.0,0.0,1.0,,,,,,,,,,,,,,,,,,,,,,,,,,,,,,,,,,,,,
00-0036972,M.Jones,Mac Jones,QB,QB,,SF,2025,9,REG,,19.0,24.0,235.0,2.0,0.0,,,,,,,,,,,,,,,,,,,,,,,,,,,,,,,,,,,,,
00-0036973,T.Etienne,Travis Etienne,RB,RB,,JAX,2025,9,REG,,,,,,,,,,,,,,,,,,22.0,84.0,0.0,,,,,,,,,,,,,,,,,,,,,,,
00-0036997,J.Williams,Javonte Williams,RB,RB,,DAL,2025,9,REG,,,,,,,,,,,,,,,,,,15.0,83.0,0.0,,,,,,,,,,,,,,,,,,,,,,,
00-0037228,J.Warren,Jaylen Warren,RB,RB,,PIT,2025,9,REG,,,,,,,,,,,,,,,,,,16.0,31.0,2.0,,,,,,,,,,,,,,,,,,,,,,,
00-0037238,D.London,Drake London,WR,WR,,ATL,2025,9,REG,,,,,,,,,,,,,,,,,,,,,,,,,,9.0,14.0,118.0,3.0,,,,,,,,,,,,,,
00-0037240,J.Williams,Jameson Williams,WR,WR,,DET,2025,9,REG,,,,,,,,,,,,,,,,,,,,,,,,,,4.0,6.0,66.0,1.0,,,,,,,,,,,,,,
00-0037247,G.Pickens,George Pickens,WR,WR,,DAL,2025,9,REG,,,,,,,,,,,,,,,,,,,,,,,,,,6.0,9.0,79.0,0.0,,,,,,,,,,,,,,
00-0037248,J.Cook,James Cook,RB,RB,,BUF,2025,9,REG,,,,,,,,,,,,,,,,,,27.0,114.0,0.0,,,,,,,,,,,,,,,,,,,,,,,
00-0037252,G.Dulcich,Greg Dulcich,TE,TE,,MIA,2025,9,REG,,,,,,,,,,,,,,,,,,,,,,,,,,5.0,5.0,49.0,0.0,,,,,,,,,,,,,,
00-0037261,K.Shakir,Khalil Shakir,WR,WR,,BUF,2025,9,REG,,,,,,,,,,,,,,,,,,,,,,,,,,7.0,8.0,43.0,0.0,,,,,,,,,,,,,,
00-0037525,J.Mason,Jordan Mason,RB,RB,,MIN,2025,9,REG,,,,,,,,,,,,,,,,,,10.0,36.0,0.0,,,,,,,,,,,,,,,,,,,,,,,
00-0037545,R.Shaheed,Rashid Shaheed,WR,WR,,NO,2025,9,REG,,,,,,,,,,,,,,,,,,,,,,,,,,5.0,9.0,68.0,0.0,,,,,,,,,,,,,,
00-0037664,A.Pierce,Alec Pierce,WR,WR,,IND,2025,9,REG,,,,,,,,,,,,,,,,,,,,,,,,,,6.0,13.0,115.0,0.0,,,,,,,,,,,,,,
00-0037744,T.McBride,Trey McBride,TE,TE,,ARI,2025,9,REG,,,,,,,,,,,,,,,,,,,,,,,,,,5.0,9.0,55.0,1.0,,,,,,,,,,,,,,
00-0037816,R.Doubs,Romeo Doubs,WR,WR,,GB,2025,9,REG,,,,,,,,,,,,,,,,,,,,,,,,,,7.0,10.0,91.0,0.0,,,,,,,,,,,,,,
00-0037837,C.Austin,Calvin Austin III,WR,WR,,PIT,2025,9,REG,,,,,,,,,,,,,,,,,,,,,,,,,,5.0,6.0,56.0,0.0,,,,,,,,,,,,,,
00-0037840,K.Williams,Kyren Williams,RB,RB,,LAR,2025,9,REG,,,,,,,,,,,,,,,,,,25.0,114.0,1.0,,,,,,,,,,,,,,,,,,,,,,,
00-0038041,J.Ferguson,Jake Ferguson,TE,TE,,DAL,2025,9,REG,,,,,,,,,,,,,,,,,,,,,,,,,,5.0,7.0,50.0,0.0,,,,,,,,,,,,,,
00-0038117,W.Robinson,Wan'Dale Robinson,WR,WR,,NYG,2025,9,REG,,,,,,,,,,,,,,,,,,,,,,,,,,9.0,11.0,46.0,0.0,,,,,,,,,,,,,,
00-0038134,K.Walker,Kenneth Walker III,RB,RB,,SEA,2025,9,REG,,,,,,,,,,,,,,,,,,11.0,42.0,0.0,,,,,,,,,,,,,,,,,,,,,,,
00-0038542,B.Robinson,Bijan Robinson,RB,RB,,ATL,2025,9,REG,,,,,,,,,,,,,,,,,,12.0,46.0,0.0,,,,,,,,,,,,,,,,,,,,,,,
00-0038543,J.Smith-Njigba,Jaxon Smith-Njigba,WR,WR,,SEA,2025,9,REG,,,,,,,,,,,,,,,,,,,,,,,,,,8.0,9.0,129.0,0.0,,,,,,,,,,,,,,
00-0038544,Q.Johnston,Quentin Johnston,WR,WR,,LAC,2025,9,REG,,,,,,,,,,,,,,,,,,,,,,,,,,4.0,6.0,53.0,1.0,,,,,,,,,,,,,,
00-0038558,D.Washington,Darnell Washington,TE,TE,,PIT,2025,9,REG,,,,,,,,,,,,,,,,,,,,,,,,,,4.0,6.0,43.0,0.0,,,,,,,,,,,,,,
00-0038597,C.Brown,Chase Brown,RB,RB,,CIN,2025,9,REG,,,,,,,,,,,,,,,,,,11.0,37.0,0.0,,,,,,,,,,,,,,,,,,,,,,,
00-0038606,P.Washington,Parker Washington,WR,WR,,JAX,2025,9,REG,,,,,,,,,,,,,,,,,,,,,,,,,,8.0,9.0,90.0,0.0,,,,,,,,,,,,,,
00-0038611,C.Rodriguez,Chris Rodriguez Jr.,RB,RB,,WAS,2025,9,REG,,,,,,,,,,,,,,,,,,12.0,65.0,1.0,,,,,,,,,,,,,,,,,,,,,,,
00-0038618,X.Hutchinson,Xavier Hutchinson,WR,WR,,HOU,2025,9,REG,,,,,,,,,,,,,,,,,,,,,,,,,,3.0,5.0,30.0,0.0,,,,,,,,,,,,,,
00-0038619,A.Iosivas,Andrei Iosivas,WR,WR,,CIN,2025,9,REG,,,,,,,,,,,,,,,,,,,,,,,,,,5.0,7.0,66.0,1.0,,,,,,,,,,,,,,
00-0038621,D.Douglas,DeMario Douglas,WR,WR,,NE,2025,9,REG,,,,,,,,,,,,,,,,,,,,,,,,,,4.0,6.0,100.0,1.0,,,,,,,,,,,,,,
00-0038705,E.Demercado,Emari Demercado,RB,RB,,ARI,2025,9,REG,,,,,,,,,,,,,,,,,,14.0,79.0,0.0,,,,,,,,,,,,,,,,,,,,,,,
00-0038933,D.Kincaid,Dalton Kincaid,TE,TE,,BUF,2025,9,REG,,,,,,,,,,,,,,,,,,,,,,,,,,6.0,6.0,101.0,1.0,,,,,,,,,,,,,,
00-0038997,J.Downs,Josh Downs,WR,WR,,IND,2025,9,REG,,,,,,,,,,,,,,,,,,,,,,,,,,6.0,9.0,50.0,1.0,,,,,,,,,,,,,,
00-0039040,D.Achane,De'Von Achane,RB,RB,,MIA,2025,9,REG,,,,,,,,,,,,,,,,,,14.0,67.0,0.0,,,,,,,,,,,,,,,,,,,,,,,
00-0039064,Z.Flowers,Zay Flowers,WR,WR,,BAL,2025,9,REG,,,,,,,,,,,,,,,,,,,,,,,,,,5.0,5.0,64.0,0.0,,,,,,,,,,,,,,
00-0039065,S.LaPorta,Sam LaPorta,TE,TE,,DET,2025,9,REG,,,,,,,,,,,,,,,,,,,,,,,,,,6.0,8.0,97.0,1.0,,,,,,,,,,,,,,
00-0039066,M.Mayer,Michael Mayer,TE,TE,,LV,2025,9,REG,,,,,,,,,,,,,,,,,,,,,,,,,,3.0,7.0,26.0,0.0,,,,,,,,,,,,,,
00-0039067,R.Rice,Rashee Rice,WR,WR,,KC,2025,9,REG,,,,,,,,,,,,,,,,,,,,,,,,,,4.0,7.0,80.0,0.0,,,,,,,,,,,,,,
00-0039075,P.Nacua,Puka Nacua,WR,WR,,LAR,2025,9,REG,,,,,,,,,,,,,,,,,,,,,,,,,,7.0,8.0,95.0,1.0,,,,,,,,,,,,,,
00-0039150,B.Young,Bryce Young,QB,QB,,CAR,2025,9,REG,,11.0,20.0,102.0,0.0,1.0,,,,,,,,,,,,,,,,,,,,,,,,,,,,,,,,,,,,,
00-0039338,B.Bowers,Brock Bowers,TE,TE,,LV,2025,9,REG,,,,,,,,,,,,,,,,,,,,,,,,,,12.0,13.0,127.0,3.0,,,,,,,,,,,,,,
00-0039391,K.Vidal,Kimani Vidal,RB,RB,,LAC,2025,9,REG,,,,,,,,,,,,,,,,,,12.0,30.0,0.0,,,,,,,,,,,,,,,,,,,,,,,
00-0039732,B.Nix,Bo Nix,QB,QB,,DEN,2025,9,REG,,18.0,37.0,173.0,2.0,1.0,,,,,,,,,,,,,,,,,,,,,,,,,,,,,,,,,,,,,
00-0039738,B.Corum,Blake Corum,RB,RB,,LAR,2025,9,REG,,,,,,,,,,,,,,,,,,13.0,58.0,0.0,,,,,,,,,,,,,,,,,,,,,,,
00-0039757,T.Jennings,Terrell Jennings,RB,RB,,NE,2025,9,REG,,,,,,,,,,,,,,,,,,11.0,35.0,1.0,,,,,,,,,,,,,,,,,,,,,,,
00-0039847,T.Johnson,Theo Johnson,TE,TE,,NYG,2025,9,REG,,,,,,,,,,,,,,,,,,,,,,,,,,3.0,6.0,27.0,1.0,,,,,,,,,,,,,,
00-0039849,M.Harrison,Marvin Harrison Jr.,WR,WR,,ARI,2025,9,REG,,,,,,,,,,,,,,,,,,,,,,,,,,7.0,10.0,96.0,1.0,,,,,,,,,,,,,,
00-0039851,D.Maye,Drake Maye,QB,QB,,NE,2025,9,REG,,19.0,29.0,259.0,2.0,1.0,,,,,,,,,,,,,,,,,,,,,,,,,,,,,,,,,,,,,
00-0039868,T.Franklin,Troy Franklin,WR,WR,,DEN,2025,9,REG,,,,,,,,,,,,,,,,,,,,,,,,,,4.0,10.0,27.0,0.0,,,,,,,,,,,,,,
00-0039893,B.Thomas,Brian Thomas Jr.,WR,WR,,JAX,2025,9,REG,,,,,,,,,,,,,,,,,,,,,,,,,,3.0,5.0,55.0,0.0,,,,,,,,,,,,,,
00-0039894,X.Worthy,Xavier Worthy,WR,WR,,KC,2025,9,REG,,,,,,,,,,,,,,,,,,,,,,,,,,3.0,7.0,23.0,0.0,,,,,,,,,,,,,,
00-0039910,J.Daniels,Jayden Daniels,QB,QB,,WAS,2025,9,REG,,16.0,22.0,153.0,0.0,1.0,,,,,,,,,,,,,,,,,,,,,,,,,,,,,,,,,,,,,
00-0039915,L.McConkey,Ladd McConkey,WR,WR,,LAC,2025,9,REG,,,,,,,,,,,,,,,,,,,,,,,,,,4.0,6.0,56.0,0.0,,,,,,,,,,,,,,
00-0039917,M.Penix,Michael Penix Jr.,QB,QB,,ATL,2025,9,REG,,22.0,37.0,221.0,3.0,0.0,,,,,,,,,,,,,,,,,,,,,,,,,,,,,,,,,,,,,
00-0039918,C.Williams,Caleb Williams,QB,QB,,CHI,2025,9,REG,,20.0,34.0,280.0,3.0,0.0,,,,,,,,,,,,,,,,,,,,,,,,,,,,,,,,,,,,,
00-0039923,J.McCarthy,J.J. McCarthy,QB,QB,,MIN,2025,9,REG,,14.0,25.0,143.0,2.0,1.0,,,,,,,,,,,,,,,,,,,,,,,,,,,,,,,,,,,,,
00-0040122,A.Jeanty,Ashton Jeanty,RB,RB,,LV,2025,9,REG,,,,,,,,,,,,,,,,,,13.0,42.0,0.0,,,,,,,,,,,,,,,,,,,,,,,
00-0040124,T.McMillan,Tetairoa McMillan,WR,WR,,CAR,2025,9,REG,,,,,,,,,,,,,,,,,,,,,,,,,,4.0,6.0,46.0,0.0,,,,,,,,,,,,,,
00-0040126,C.Loveland,Colston Loveland,TE,TE,,CHI,2025,9,REG,,,,,,,,,,,,,,,,,,,,,,,,,,6.0,7.0,118.0,2.0,,,,,,,,,,,,,,
00-0040128,T.Warren,Tyler Warren,TE,TE,,IND,2025,9,REG,,,,,,,,,,,,,,,,,,,,,,,,,,5.0,7.0,26.0,0.0,,,,,,,,,,,,,,
00-0040164,J.Lane,Jaylin Lane,WR,WR,,WAS,2025,9,REG,,,,,,,,,,,,,,,,,,,,,,,,,,3.0,5.0,29.0,0.0,,,,,,,,,,,,,,
00-0040170,E.Ayomanor,Elic Ayomanor,WR,WR,,TEN,2025,9,REG,,,,,,,,,,,,,,,,,,,,,,,,,,3.0,6.0,46.0,0.0,,,,,,,,,,,,,,
00-0040189,O.Gadsden,Oronde Gadsden II,TE,TE,,LAC,2025,9,REG,,,,,,,,,,,,,,,,,,,,,,,,,,5.0,5.0,68.0,0.0,,,,,,,,,,,,,,
00-0040236,K.Monangai,Kyle Monangai,RB,RB,,CHI,2025,9,REG,,,,,,,,,,,,,,,,,,26.0,176.0,0.0,,,,,,,,,,,,,,,,,,,,,,,
00-0040242,J.Croskey-Merritt,Jacory Croskey-Merritt,RB,RB,,WAS,2025,9,REG,,,,,,,,,,,,,,,,,,12.0,38.0,0.0,,,,,,,,,,,,,,,,,,,,,,,
00-0040583,W.Marks,Woody Marks,RB,RB,,HOU,2025,9,REG,,,,,,,,,,,,,,,,,,10.0,27.0,0.0,,,,,,,,,,,,,,,,,,,,,,,
00-0040676,C.Ward,Cam Ward,QB,QB,,TEN,2025,9,REG,,12.0,21.0,145.0,0.0,0.0,,,,,,,,,,,,,,,,,,,,,,,,,,,,,,,,,,,,,
00-0040691,J.Dart,Jaxson Dart,QB,QB,,NYG,2025,9,REG,,24.0,33.0,191.0,2.0,0.0,,,,,,,,,,,,,,,,,,,,,,,,,,,,,,,,,,,,,
00-0040734,T.Henderson,TreVeyon Henderson,RB,RB,,NE,2025,9,REG,,,,,,,,,,,,,,,,,,14.0,55.0,0.0,,,,,,,,,,,,,,,,,,,,,,,
00-0040743,T.Shough,Tyler Shough,QB,QB,,NO,2025,9,REG,,15.0,24.0,176.0,1.0,1.0,,,,,,,,,,,,,,,,,,,,,,,,,,,,,,,,,,,,,
00-0023459,A.Rodgers,Aaron Rodgers,QB,QB,,PIT,2025,10,REG,,16.0,31.0,161.0,1.0,2.0,,,,,,,,,,,,,,,,,,,,,,,,,,,,,,,,,,,,,
00-0026498,M.Stafford,Matthew Stafford,QB,QB,,LAR,2025,10,REG,,24.0,36.0,280.0,4.0,0.0,,,,,,,,,,,,,,,,,,,,,,,,,,,,,,,,,,,,,
00-0030061,Z.Ertz,Zach Ertz,TE,TE,,WAS,2025,10,REG,,,,,,,,,,,,,,,,,,,,,,,,,,4.0,5.0,54.0,0.0,,,,,,,,,,,,,,
00-0030279,K.Allen,Keenan Allen,WR,WR,,LAC,2025,10,REG,,,,,,,,,,,,,,,,,,,,,,,,,,2.0,5.0,19.0,0.0,,,,,,,,,,,,,,
00-0030565,G.Smith,Geno Smith,QB,QB,,LV,2025,10,REG,,16.0,26.0,143.0,0.0,1.0,,,,,,,,,,,,,,,,,,,,,,,,,,,,,,,,,,,,,
00-0031381,D.Adams,Davante Adams,WR,WR,,LAR,2025,10,REG,,,,,,,,,,,,,,,,,,,,,,,,,,6.0,8.0,77.0,1.0,,,,,,,,,,,,,,
00-0031588,S.Diggs,Stefon Diggs,WR,WR,,NE,2025,10,REG,,,,,,,,,,,,,,,,,,,,,,,,,,5.0,8.0,46.0,1.0,,,,,,,,,,,,,,
00-0032211,T.Lockett,Tyler Lockett,WR,WR,,LV,2025,10,REG,,,,,,,,,,,,,,,,,,,,,,,,,,5.0,6.0,44.0,0.0,,,,,,,,,,,,,,
00-0032268,M.Mariota,Marcus Mariota,QB,QB,,WAS,2025,10,REG,,16.0,22.0,213.0,2.0,0.0,,,,,,,,,,,,,,,,,,,,,,,,,,,,,,,,,,,,,
00-0032764,D.Henry,Derrick Henry,RB,RB,,BAL,2025,10,REG,,,,,,,,,,,,,,,,,,20.0,75.0,0.0,,,,,,,,,,,,,,,,,,,,,,,
00-0033106,J.Goff,Jared Goff,QB,QB,,DET,2025,10,REG,,25.0,33.0,320.0,3.0,0.0,,,,,,,,,,,,,,,,,,,,,,,,,,,,,,,,,,,,,
00-0033119,J.Brissett,Jacoby Brissett,QB,QB,,ARI,2025,10,REG,,22.0,44.0,258.0,2.0,0.0,,,,,,,,,,,,,,,,,,,,,,,,,,,,,,,,,,,,,
00-0033280,C.McCaffrey,Christian McCaffrey,RB,RB,,SF,2025,10,REG,,,,,,,,,,,,,,,,,,12.0,30.0,0.0,,,,,,,,,,,,,,,,,,,,,,,
00-0033288,G.Kittle,George Kittle,TE,TE,,SF,2025,10,REG,,,,,,,,,,,,,,,,,,,,,,,,,,9.0,9.0,84.0,1.0,,,,,,,,,,,,,,
00-0033555,M.Hollins,Mack Hollins,WR,WR,,NE,2025,10,REG,,,,,,,,,,,,,,,,,,,,,,,,,,6.0,10.0,106.0,0.0,,,,,,,,,,,,,,
00-0033881,E.Engram,Evan Engram,TE,TE,,DEN,2025,10,REG,,,,,,,,,,,,,,,,,,,,,,,,,,2.0,5.0,12.0,0.0,,,,,,,,,,,,,,
00-0033906,A.Kamara,Alvin Kamara,RB,RB,,NO,2025,10,REG,,,,,,,,,,,,,,,,,,22.0,83.0,0.0,,,,,,,,,,,,,,,,,,,,,,,
00-0034351,D.Goedert,Dallas Goedert,TE,TE,,PHI,2025,10,REG,,,,,,,,,,,,,,,,,,,,,,,,,,4.0,6.0,43.0,0.0,,,,,,,,,,,,,,
00-0034383,D.Schultz,Dalton Schultz,TE,TE,,HOU,2025,10,REG,,,,,,,,,,,,,,,,,,,,,,,,,,7.0,11.0,53.0,1.0,,,,,,,,,,,,,,
00-0034753,M.Andrews,Mark Andrews,TE,TE,,BAL,2025,10,REG,,,,,,,,,,,,,,,,,,,,,,,,,,3.0,5.0,14.0,1.0,,,,,,,,,,,,,,
00-0034796,L.Jackson,Lamar Jackson,QB,QB,,BAL,2025,10,REG,,17.0,29.0,176.0,1.0,0.0,,,,,,,,,,,,,,,,,,,,,,,,,,,,,,,,,,,,,
00-0034844,S.Barkley,Saquon Barkley,RB,RB,,PHI,2025,10,REG,,,,,,,,,,,,,,,,,,22.0,60.0,0.0,,,,,,,,,,,,,,,,,,,,,,,
00-0034855,B.Mayfield,Baker Mayfield,QB,QB,,TB,2025,10,REG,,28.0,43.0,273.0,3.0,0.0,,,,,,,,,,,,,,,,,,,,,,,,,,,,,,,,,,,,,
00-0034857,J.Allen,Josh Allen,QB,QB,,BUF,2025,10,REG,,28.0,40.0,306.0,2.0,1.0,,,,,,,,,,,,,,,,,,,,,,,,,,,,,,,,,,,,,
00-0035640,D.Metcalf,DK Metcalf,WR,WR,,PIT,2025,10,REG,,,,,,,,,,,,,,,,,,,,,,,,,,3.0,7.0,35.0,0.0,,,,,,,,,,,,,,
00-0035685,D.Montgomery,David Montgomery,RB,RB,,DET,2025,10,REG,,,,,,,,,,,,,,,,,,15.0,71.0,0.0,,,,,,,,,,,,,,,,,,,,,,,
00-0035700,J.Jacobs,Josh Jacobs,RB,RB,,GB,2025,10,REG,,,,,,,,,,,,,,,,,,21.0,74.0,1.0,,,,,,,,,,,,,,,,,,,,,,,
00-0035710,D.Jones,Daniel Jones,QB,QB,,IND,2025,10,REG,,19.0,26.0,255.0,1.0,1.0,,,,,,,,,,,,,,,,,,,,,,,,,,,,,,,,,,,,,
00-0035719,D.Samuel,Deebo Samuel Sr.,WR,WR,,WAS,2025,10,REG,,,,,,,,,,,,,,,,,,,,,,,,,,4.0,5.0,29.0,1.0,,,,,,,,,,,,,,
00-0036139,R.Dowdle,Rico Dowdle,RB,RB,,CAR,2025,10,REG,,,,,,,,,,,,,,,,,,18.0,53.0,1.0,,,,,,,,,,,,,,,,,,,,,,,
00-0036158,J.Dobbins,J.K. Dobbins,RB,RB,,DEN,2025,10,REG,,,,,,,,,,,,,,,,,,18.0,77.0,0.0,,,,,,,,,,,,,,,,,,,,,,,
00-0036212,T.Tagovailoa,Tua Tagovailoa,QB,QB,,MIA,2025,10,REG,,15.0,21.0,173.0,2.0,2.0,,,,,,,,,,,,,,,,,,,,,,,,,,,,,,,,,,,,,
00-0036223,J.Taylor,Jonathan Taylor,RB,RB,,IND,2025,10,REG,,,,,,,,,,,,,,,,,,32.0,244.0,3.0,,,,,,,,,,,,,,,,,,,,,,,
00-0036244,C.Parkinson,Colby Parkinson,TE,TE,,LAR,2025,10,REG,,,,,,,,,,,,,,,,,,,,,,,,,,4.0,5.0,41.0,1.0,,,,,,,,,,,,,,
00-0036259,J.Jennings,Jauan Jennings,WR,WR,,SF,2025,10,REG,,,,,,,,,,,,,,,,,,,,,,,,,,6.0,9.0,71.0,1.0,,,,,,,,,,,,,,
00-0036264,J.Love,Jordan Love,QB,QB,,GB,2025,10,REG,,20.0,36.0,176.0,0.0,0.0,,,,,,,,,,,,,,,,,,,,,,,,,,,,,,,,,,,,,
00-0036275,D.Swift,D'Andre Swift,RB,RB,,CHI,2025,10,REG,,,,,,,,,,,,,,,,,,13.0,80.0,0.0,,,,,,,,,,,,,,,,,,,,,,,
00-0036309,D.Mooney,Darnell Mooney,WR,WR,,ATL,2025,10,REG,,,,,,,,,,,,,,,,,,,,,,,,,,1.0,8.0,17.0,0.0,,,,,,,,,,,,,,
00-0036322,J.Jefferson,Justin Jefferson,WR,WR,,MIN,2025,10,REG,,,,,,,,,,,,,,,,,,,,,,,,,,4.0,12.0,37.0,0.0,,,,,,,,,,,,,,
00-0036355,J.Herbert,Justin Herbert,QB,QB,,LAC,2025,10,REG,,20.0,33.0,220.0,1.0,0.0,,,,,,,,,,,,,,,,,,,,,,,,,,,,,,,,,,,,,
00-0036389,J.Hurts,Jalen Hurts,QB,QB,,PHI,2025,10,REG,,15.0,26.0,183.0,1.0,0.0,,,,,,,,,,,,,,,,,,,,,,,,,,,,,,,,,,,,,
00-0036407,J.Jeudy,Jerry Jeudy,WR,WR,,CLE,2025,10,REG,,,,,,,,,,,,,,,,,,,,,,,,,,6.0,12.0,78.0,1.0,,,,,,,,,,,,,,
00-0036554,N.Collins,Nico Collins,WR,WR,,HOU,2025,10,REG,,,,,,,,,,,,,,,,,,,,,,,,,,7.0,15.0,136.0,0.0,,,,,,,,,,,,,,
00-0036613,J.Waddle,Jaylen Waddle,WR,WR,,MIA,2025,10,REG,,,,,,,,,,,,,,,,,,,,,,,,,,5.0,7.0,84.0,1.0,,,,,,,,,,,,,,
00-0036898,D.Mills,Davis Mills,QB,QB,,HOU,2025,10,REG,,27.0,45.0,292.0,2.0,1.0,,,,,,,,,,,,,,,,,,,,,,,,,,,,,,,,,,,,,
00-0036912,D.Smith,DeVonta Smith,WR,WR,,PHI,2025,10,REG,,,,,,,,,,,,,,,,,,,,,,,,,,4.0,7.0,69.0,1.0,,,,,,,,,,,,,,
00-0036963,A.St. Brown,Amon-Ra St. Brown,WR,WR,,DET,2025,10,REG,,,,,,,,,,,,,,,,,,,,,,,,,,5.0,8.0,58.0,1.0,,,,,,,,,,,,,,
00-0036970,K.Pitts,Kyle Pitts,TE,TE,,ATL,2025,10,REG,,,,,,,,,,,,,,,,,,,,,,,,,,2.0,5.0,38.0,0.0,,,,,,,,,,,,,,
00-0036971,T.Lawrence,Trevor Lawrence,QB,QB,,JAX,2025,10,REG,,13.0,23.0,158.0,1.0,1.0,,,,,,,,,,,,,,,,,,,,,,,,,,,,,,,,,,,,,
00-0036972,M.Jones,Mac Jones,QB,QB,,SF,2025,10,REG,,33.0,39.0,319.0,3.0,1.0,,,,,,,,,,,,,,,,,,,,,,,,,,,,,,,,,,,,,
00-0036973,T.Etienne,Travis Etienne,RB,RB,,JAX,2025,10,REG,,,,,,,,,,,,,,,,,,16.0,58.0,1.0,,,,,,,,,,,,,,,,,,,,,,,
00-0037157,Z.Knight,Bam Knight,RB,RB,,ARI,2025,10,REG,,,,,,,,,,,,,,,,,,10.0,28.0,0.0,,,,,,,,,,,,,,,,,,,,,,,
00-0037228,J.Warren,Jaylen Warren,RB,RB,,PIT,2025,10,REG,,,,,,,,,,,,,,,,,,14.0,70.0,0.0,,,,,,,,,,,,,,,,,,,,,,,
00-0037238,D.London,Drake London,WR,WR,,ATL,2025,10,REG,,,,,,,,,,,,,,,,,,,,,,,,,,6.0,8.0,104.0,1.0,,,,,,,,,,,,,,
00-0037239,C.Olave,Chris Olave,WR,WR,,NO,2025,10,REG,,,,,,,,,,,,,,,,,,,,,,,,,,5.0,8.0,104.0,1.0,,,,,,,,,,,,,,
00-0037240,J.Williams,Jameson Williams,WR,WR,,DET,2025,10,REG,,,,,,,,,,,,,,,,,,,,,,,,,,6.0,7.0,119.0,1.0,,,,,,,,,,,,,,
00-0037248,J.Cook,James Cook,RB,RB,,BUF,2025,10,REG,,,,,,,,,,,,,,,,,,13.0,53.0,0.0,,,,,,,,,,,,,,,,,,,,,,,
00-0037256,R.White,Rachaad White,RB,RB,,TB,2025,10,REG,,,,,,,,,,,,,,,,,,10.0,38.0,0.0,,,,,,,,,,,,,,,,,,,,,,,
00-0037261,K.Shakir,Khalil Shakir,WR,WR,,BUF,2025,10,REG,,,,,,,,,,,,,,,,,,,,,,,,,,7.0,9.0,58.0,0.0,,,,,,,,,,,,,,
00-0037263,T.Allgeier,Tyler Allgeier,RB,RB,,ATL,2025,10,REG,,,,,,,,,,,,,,,,,,11.0,57.0,2.0,,,,,,,,,,,,,,,,,,,,,,,
00-0037291,J.Nailor,Jalen Nailor,WR,WR,,MIN,2025,10,REG,,,,,,,,,,,,,,,,,,,,,,,,,,5.0,6.0,124.0,1.0,,,,,,,,,,,,,,
00-0037664,A.Pierce,Alec Pierce,WR,WR,,IND,2025,10,REG,,,,,,,,,,,,,,,,,,,,,,,,,,4.0,7.0,84.0,1.0,,,,,,,,,,,,,,
00-0037744,T.McBride,Trey McBride,TE,TE,,ARI,2025,10,REG,,,,,,,,,,,,,,,,,,,,,,,,,,9.0,13.0,127.0,1.0,,,,,,,,,,,,,,
00-0037837,C.Austin,Calvin Austin III,WR,WR,,PIT,2025,10,REG,,,,,,,,,,,,,,,,,,,,,,,,,,2.0,7.0,14.0,0.0,,,,,,,,,,,,,,
00-0037840,K.Williams,Kyren Williams,RB,RB,,LAR,2025,10,REG,,,,,,,,,,,,,,,,,,14.0,73.0,2.0,,,,,,,,,,,,,,,,,,,,,,,
00-0038117,W.Robinson,Wan'Dale Robinson,WR,WR,,NYG,2025,10,REG,,,,,,,,,,,,,,,,,,,,,,,,,,6.0,11.0,62.0,0.0,,,,,,,,,,,,,,
00-0038120,B.Hall,Breece Hall,RB,RB,,NYJ,2025,10,REG,,,,,,,,,,,,,,,,,,21.0,83.0,0.0,,,,,,,,,,,,,,,,,,,,,,,
00-0038129,C.Otton,Cade Otton,TE,TE,,TB,2025,10,REG,,,,,,,,,,,,,,,,,,,,,,,,,,9.0,12.0,82.0,0.0,,,,,,,,,,,,,,
00-0038134,K.Walker,Kenneth Walker III,RB,RB,,SEA,2025,10,REG,,,,,,,,,,,,,,,,,,14.0,67.0,0.0,,,,,,,,,,,,,,,,,,,,,,,
00-0038393,D.Wicks,Dontayvion Wicks,WR,WR,,GB,2025,10,REG,,,,,,,,,,,,,,,,,,,,,,,,,,4.0,8.0,38.0,0.0,,,,,,,,,,,,,,
00-0038542,B.Robinson,Bijan Robinson,RB,RB,,ATL,2025,10,REG,,,,,,,,,,,,,,,,,,17.0,84.0,0.0,,,,,,,,,,,,,,,,,,,,,,,
00-0038543,J.Smith-Njigba,Jaxon Smith-Njigba,WR,WR,,SEA,2025,10,REG,,,,,,,,,,,,,,,,,,,,,,,,,,5.0,6.0,93.0,1.0,,,,,,,,,,,,,,
00-0038544,Q.Johnston,Quentin Johnston,WR,WR,,LAC,2025,10,REG,,,,,,,,,,,,,,,,,,,,,,,,,,5.0,10.0,42.0,0.0,,,,,,,,,,,,,,
00-0038559,Mi.Wilson,Michael Wilson,WR,WR,,ARI,2025,10,REG,,,,,,,,,,,,,,,,,,,,,,,,,,4.0,7.0,34.0,0.0,,,,,,,,,,,,,,
00-0038606,P.Washington,Parker Washington,WR,WR,,JAX,2025,10,REG,,,,,,,,,,,,,,,,,,,,,,,,,,3.0,7.0,33.0,1.0,,,,,,,,,,,,,,
00-0038994,J.Addison,Jordan Addison,WR,WR,,MIN,2025,10,REG,,,,,,,,,,,,,,,,,,,,,,,,,,3.0,11.0,35.0,0.0,,,,,,,,,,,,,,
00-0039040,D.Achane,De'Von Achane,RB,RB,,MIA,2025,10,REG,,,,,,,,,,,,,,,,,,22.0,174.0,2.0,,,,,,,,,,,,,,,,,,,,,,,
00-0039064,Z.Flowers,Zay Flowers,WR,WR,,BAL,2025,10,REG,,,,,,,,,,,,,,,,,,,,,,,,,,4.0,6.0,75.0,0.0,,,,,,,,,,,,,,
00-0039065,S.LaPorta,Sam LaPorta,TE,TE,,DET,2025,10,REG,,,,,,,,,,,,,,,,,,,,,,,,,,5.0,5.0,53.0,0.0,,,,,,,,,,,,,,
00-0039075,P.Nacua,Puka Nacua,WR,WR,,LAR,2025,10,REG,,,,,,,,,,,,,,,,,,,,,,,,,,5.0,6.0,64.0,1.0,,,,,,,,,,,,,,
00-0039139,J.Gibbs,Jahmyr Gibbs,RB,RB,,DET,2025,10,REG,,,,,,,,,,,,,,,,,,15.0,142.0,2.0,,,,,,,,,,,,,,,,,,,,,,,
00-0039150,B.Young,Bryce Young,QB,QB,,CAR,2025,10,REG,,17.0,25.0,124.0,0.0,1.0,,,,,,,,,,,,,,,,,,,,,,,,,,,,,,,,,,,,,
00-0039165,Z.Charbonnet,Zach Charbonnet,RB,RB,,SEA,2025,10,REG,,,,,,,,,,,,,,,,,,14.0,83.0,1.0,,,,,,,,,,,,,,,,,,,,,,,
00-0039356,J.Sanders,Ja'Tavion Sanders,TE,TE,,CAR,2025,10,REG,,,,,,,,,,,,,,,,,,,,,,,,,,5.0,5.0,32.0,0.0,,,,,,,,,,,,,,
00-0039384,T.Tracy,Tyrone Tracy Jr.,RB,RB,,NYG,2025,10,REG,,,,,,,,,,,,,,,,,,14.0,71.0,0.0,,,,,,,,,,,,,,,,,,,,,,,
00-0039391,K.Vidal,Kimani Vidal,RB,RB,,LAC,2025,10,REG,,,,,,,,,,,,,,,,,,25.0,95.0,1.0,,,,,,,,,,,,,,,,,,,,,,,
00-0039732,B.Nix,Bo Nix,QB,QB,,DEN,2025,10,REG,,16.0,28.0,150.0,1.0,2.0,,,,,,,,,,,,,,,,,,,,,,,,,,,,,,,,,,,,,
00-0039738,B.Corum,Blake Corum,RB,RB,,LAR,2025,10,REG,,,,,,,,,,,,,,,,,,13.0,56.0,0.0,,,,,,,,,,,,,,,,,,,,,,,
00-0039847,T.Johnson,Theo Johnson,TE,TE,,NYG,2025,10,REG,,,,,,,,,,,,,,,,,,,,,,,,,,7.0,8.0,75.0,0.0,,,,,,,,,,,,,,
00-0039849,M.Harrison,Marvin Harrison Jr.,WR,WR,,ARI,2025,10,REG,,,,,,,,,,,,,,,,,,,,,,,,,,3.0,12.0,33.0,1.0,,,,,,,,,,,,,,
00-0039851,D.Maye,Drake Maye,QB,QB,,NE,2025,10,REG,,16.0,31.0,270.0,2.0,1.0,,,,,,,,,,,,,,,,,,,,,,,,,,,,,,,,,,,,,
00-0039868,T.Franklin,Troy Franklin,WR,WR,,DEN,2025,10,REG,,,,,,,,,,,,,,,,,,,,,,,,,,5.0,9.0,40.0,1.0,,,,,,,,,,,,,,
00-0039901,K.Coleman,Keon Coleman,WR,WR,,BUF,2025,10,REG,,,,,,,,,,,,,,,,,,,,,,,,,,3.0,8.0,46.0,1.0,,,,,,,,,,,,,,
00-0039915,L.McConkey,Ladd McConkey,WR,WR,,LAC,2025,10,REG,,,,,,,,,,,,,,,,,,,,,,,,,,4.0,6.0,107.0,1.0,,,,,,,,,,,,,,
00-0039917,M.Penix,Michael Penix Jr.,QB,QB,,ATL,2025,10,REG,,12.0,28.0,177.0,1.0,0.0,,,,,,,,,,,,,,,,,,,,,,,,,,,,,,,,,,,,,
00-0039918,C.Williams,Caleb Williams,QB,QB,,CHI,2025,10,REG,,20.0,36.0,220.0,1.0,0.0,,,,,,,,,,,,,,,,,,,,,,,,,,,,,,,,,,,,,
00-0039919,R.Odunze,Rome Odunze,WR,WR,,CHI,2025,10,REG,,,,,,,,,,,,,,,,,,,,,,,,,,6.0,10.0,86.0,1.0,,,,,,,,,,,,,,
00-0039923,J.McCarthy,J.J. McCarthy,QB,QB,,MIN,2025,10,REG,,20.0,42.0,248.0,1.0,2.0,,,,,,,,,,,,,,,,,,,,,,,,,,,,,,,,,,,,,
00-0040122,A.Jeanty,Ashton Jeanty,RB,RB,,LV,2025,10,REG,,,,,,,,,,,,,,,,,,19.0,60.0,1.0,,,,,,,,,,,,,,,,,,,,,,,
00-0040124,T.McMillan,Tetairoa McMillan,WR,WR,,CAR,2025,10,REG,,,,,,,,,,,,,,,,,,,,,,,,,,5.0,8.0,60.0,0.0,,,,,,,,,,,,,,
00-0040128,T.Warren,Tyler Warren,TE,TE,,IND,2025,10,REG,,,,,,,,,,,,,,,,,,,,,,,,,,8.0,10.0,99.0,0.0,,,,,,,,,,,,,,
00-0040129,E.Egbuka,Emeka Egbuka,WR,WR,,TB,2025,10,REG,,,,,,,,,,,,,,,,,,,,,,,,,,6.0,13.0,115.0,1.0,,,,,,,,,,,,,,
00-0040130,J.Higgins,Jayden Higgins,WR,WR,,HOU,2025,10,REG,,,,,,,,,,,,,,,,,,,,,,,,,,5.0,7.0,42.0,1.0,,,,,,,,,,,,,,
00-0040189,O.Gadsden,Oronde Gadsden II,TE,TE,,LAC,2025,10,REG,,,,,,,,,,,,,,,,,,,,,,,,,,3.0,6.0,13.0,0.0,,,,,,,,,,,,,,
00-0040237,T.Johnson,Tez Johnson,WR,WR,,TB,2025,10,REG,,,,,,,,,,,,,,,,,,,,,,,,,,4.0,5.0,42.0,2.0,,,,,,,,,,,,,,
00-0040242,J.Croskey-Merritt,Jacory Croskey-Merritt,RB,RB,,WAS,2025,10,REG,,,,,,,,,,,,,,,,,,11.0,30.0,0.0,,,,,,,,,,,,,,,,,,,,,,,
00-0040583,W.Marks,Woody Marks,RB,RB,,HOU,2025,10,REG,,,,,,,,,,,,,,,,,,14.0,63.0,1.0,,,,,,,,,,,,,,,,,,,,,,,
00-0040663,H.Fannin,Harold Fannin Jr.,TE,TE,,CLE,2025,10,REG,,,,,,,,,,,,,,,,,,,,,,,,,,4.0,7.0,44.0,0.0,,,,,,,,,,,,,,
00-0040691,J.Dart,Jaxson Dart,QB,QB,,NYG,2025,10,REG,,19.0,29.0,242.0,0.0,0.0,,,,,,,,,,,,,,,,,,,,,,,,,,,,,,,,,,,,,
00-0040704,D.Gabriel,Dillon Gabriel,QB,QB,,CLE,2025,10,REG,,17.0,32.0,167.0,2.0,0.0,,,,,,,,,,,,,,,,,,,,,,,,,,,,,,,,,,,,,
00-0040734,T.Henderson,TreVeyon Henderson,RB,RB,,NE,2025,10,REG,,,,,,,,,,,,,,,,,,14.0,147.0,2.0,,,,,,,,,,,,,,,,,,,,,,,
00-0040743,T.Shough,Tyler Shough,QB,QB,,NO,2025,10,REG,,19.0,27.0,282.0,2.0,0.0,,,,,,,,,,,,,,,,,,,,,,,,,,,,,,,,,,,,,
00-0040784,Q.Judkins,Quinshon Judkins,RB,RB,,CLE,2025,10,REG,,,,,,,,,,,,,,,,,,22.0,75.0,0.0,,,,,,,,,,,,,,,,,,,,,,,
00-0023459,A.Rodgers,Aaron Rodgers,QB,QB,,PIT,2025,11,REG,,9.0,15.0,116.0,1.0,0.0,,,,,,,,,,,,,,,,,,,,,,,,,,,,,,,,,,,,,
00-0026158,J.Flacco,Joe Flacco,QB,QB,,CIN,2025,11,REG,,23.0,40.0,199.0,1.0,1.0,,,,,,,,,,,,,,,,,,,,,,,,,,,,,,,,,,,,,
00-0026498,M.Stafford,Matthew Stafford,QB,QB,,LAR,2025,11,REG,,15.0,28.0,130.0,2.0,0.0,,,,,,,,,,,,,,,,,,,,,,,,,,,,,,,,,,,,,
00-0030061,Z.Ertz,Zach Ertz,TE,TE,,WAS,2025,11,REG,,,,,,,,,,,,,,,,,,,,,,,,,,4.0,8.0,42.0,0.0,,,,,,,,,,,,,,
00-0030279,K.Allen,Keenan Allen,WR,WR,,LAC,2025,11,REG,,,,,,,,,,,,,,,,,,,,,,,,,,4.0,6.0,53.0,0.0,,,,,,,,,,,,,,
00-0030506,T.Kelce,Travis Kelce,TE,TE,,KC,2025,11,REG,,,,,,,,,,,,,,,,,,,,,,,,,,9.0,13.0,91.0,1.0,,,,,,,,,,,,,,
00-0030565,G.Smith,Geno Smith,QB,QB,,LV,2025,11,REG,,27.0,42.0,238.0,1.0,1.0,,,,,,,,,,,,,,,,,,,,,,,,,,,,,,,,,,,,,
00-0031381,D.Adams,Davante Adams,WR,WR,,LAR,2025,11,REG,,,,,,,,,,,,,,,,,,,,,,,,,,1.0,8.0,1.0,1.0,,,,,,,,,,,,,,
00-0031503,J.Winston,Jameis Winston,QB,QB,,NYG,2025,11,REG,,19.0,29.0,201.0,0.0,1.0,,,,,,,,,,,,,,,,,,,,,,,,,,,,,,,,,,,,,
00-0031588,S.Diggs,Stefon Diggs,WR,WR,,NE,2025,11,REG,,,,,,,,,,,,,,,,,,,,,,,,,,9.0,11.0,105.0,0.0,,,,,,,,,,,,,,
00-0032268,M.Mariota,Marcus Mariota,QB,QB,,WAS,2025,11,REG,,20.0,30.0,213.0,1.0,1.0,,,,,,,,,,,,,,,,,,,,,,,,,,,,,,,,,,,,,
00-0032385,S.Shepard,Sterling Shepard,WR,WR,,TB,2025,11,REG,,,,,,,,,,,,,,,,,,,,,,,,,,4.0,5.0,54.0,0.0,,,,,,,,,,,,,,
00-0032398,C.Moore,Chris Moore,WR,WR,,WAS,2025,11,REG,,,,,,,,,,,,,,,,,,,,,,,,,,2.0,5.0,28.0,0.0,,,,,,,,,,,,,,
00-0032764,D.Henry,Derrick Henry,RB,RB,,BAL,2025,11,REG,,,,,,,,,,,,,,,,,,18.0,103.0,1.0,,,,,,,,,,,,,,,,,,,,,,,
00-0033077,D.Prescott,Dak Prescott,QB,QB,,DAL,2025,11,REG,,25.0,33.0,268.0,4.0,0.0,,,,,,,,,,,,,,,,,,,,,,,,,,,,,,,,,,,,,
00-0033090,H.Henry,Hunter Henry,TE,TE,,NE,2025,11,REG,,,,,,,,,,,,,,,,,,,,,,,,,,4.0,6.0,45.0,0.0,,,,,,,,,,,,,,
00-0033106,J.Goff,Jared Goff,QB,QB,,DET,2025,11,REG,,14.0,37.0,255.0,1.0,1.0,,,,,,,,,,,,,,,,,,,,,,,,,,,,,,,,,,,,,
00-0033119,J.Brissett,Jacoby Brissett,QB,QB,,ARI,2025,11,REG,,47.0,57.0,452.0,2.0,2.0,,,,,,,,,,,,,,,,,,,,,,,,,,,,,,,,,,,,,
00-0033280,C.McCaffrey,Christian McCaffrey,RB,RB,,SF,2025,11,REG,,,,,,,,,,,,,,,,,,13.0,81.0,2.0,,,,,,,,,,,,,,,,,,,,,,,
00-0033288,G.Kittle,George Kittle,TE,TE,,SF,2025,11,REG,,,,,,,,,,,,,,,,,,,,,,,,,,6.0,6.0,67.0,2.0,,,,,,,,,,,,,,
00-0033293,A.Jones,Aaron Jones,RB,RB,,MIN,2025,11,REG,,,,,,,,,,,,,,,,,,16.0,70.0,0.0,,,,,,,,,,,,,,,,,,,,,,,
00-0033555,M.Hollins,Mack Hollins,WR,WR,,NE,2025,11,REG,,,,,,,,,,,,,,,,,,,,,,,,,,4.0,5.0,64.0,0.0,,,,,,,,,,,,,,
00-0033873,P.Mahomes,Patrick Mahomes,QB,QB,,KC,2025,11,REG,,29.0,45.0,276.0,1.0,1.0,,,,,,,,,,,,,,,,,,,,,,,,,,,,,,,,,,,,,
00-0033881,E.Engram,Evan Engram,TE,TE,,DEN,2025,11,REG,,,,,,,,,,,,,,,,,,,,,,,,,,4.0,5.0,33.0,0.0,,,,,,,,,,,,,,
00-0033908,C.Kupp,Cooper Kupp,WR,WR,,SEA,2025,11,REG,,,,,,,,,,,,,,,,,,,,,,,,,,3.0,7.0,23.0,0.0,,,,,,,,,,,,,,
00-0033923,K.Hunt,Kareem Hunt,RB,RB,,KC,2025,11,REG,,,,,,,,,,,,,,,,,,13.0,59.0,1.0,,,,,,,,,,,,,,,,,,,,,,,
00-0034348,C.Sutton,Courtland Sutton,WR,WR,,DEN,2025,11,REG,,,,,,,,,,,,,,,,,,,,,,,,,,4.0,8.0,59.0,0.0,,,,,,,,,,,,,,
00-0034351,D.Goedert,Dallas Goedert,TE,TE,,PHI,2025,11,REG,,,,,,,,,,,,,,,,,,,,,,,,,,2.0,5.0,24.0,0.0,,,,,,,,,,,,,,
00-0034383,D.Schultz,Dalton Schultz,TE,TE,,HOU,2025,11,REG,,,,,,,,,,,,,,,,,,,,,,,,,,6.0,9.0,51.0,0.0,,,,,,,,,,,,,,
00-0034753,M.Andrews,Mark Andrews,TE,TE,,BAL,2025,11,REG,,,,,,,,,,,,,,,,,,,,,,,,,,3.0,5.0,32.0,0.0,,,,,,,,,,,,,,
00-0034771,M.Rudolph,Mason Rudolph,QB,QB,,PIT,2025,11,REG,,12.0,16.0,127.0,1.0,0.0,,,,,,,,,,,,,,,,,,,,,,,,,,,,,,,,,,,,,
00-0034796,L.Jackson,Lamar Jackson,QB,QB,,BAL,2025,11,REG,,14.0,25.0,193.0,0.0,2.0,,,,,,,,,,,,,,,,,,,,,,,,,,,,,,,,,,,,,
00-0034844,S.Barkley,Saquon Barkley,RB,RB,,PHI,2025,11,REG,,,,,,,,,,,,,,,,,,26.0,83.0,0.0,,,,,,,,,,,,,,,,,,,,,,,
00-0034855,B.Mayfield,Baker Mayfield,QB,QB,,TB,2025,11,REG,,16.0,28.0,173.0,1.0,1.0,,,,,,,,,,,,,,,,,,,,,,,,,,,,,,,,,,,,,
00-0034857,J.Allen,Josh Allen,QB,QB,,BUF,2025,11,REG,,19.0,30.0,317.0,3.0,2.0,,,,,,,,,,,,,,,,,,,,,,,,,,,,,,,,,,,,,
00-0034869,S.Darnold,Sam Darnold,QB,QB,,SEA,2025,11,REG,,29.0,44.0,279.0,0.0,4.0,,,,,,,,,,,,,,,,,,,,,,,,,,,,,,,,,,,,,
00-0034960,J.Meyers,Jakobi Meyers,WR,WR,,JAX,2025,11,REG,,,,,,,,,,,,,,,,,,,,,,,,,,5.0,6.0,64.0,0.0,,,,,,,,,,,,,,
00-0035229,T.Hockenson,T.J. Hockenson,TE,TE,,MIN,2025,11,REG,,,,,,,,,,,,,,,,,,,,,,,,,,3.0,6.0,39.0,0.0,,,,,,,,,,,,,,
00-0035250,D.Singletary,Devin Singletary,RB,RB,,NYG,2025,11,REG,,,,,,,,,,,,,,,,,,16.0,44.0,2.0,,,,,,,,,,,,,,,,,,,,,,,
00-0035261,T.Pollard,Tony Pollard,RB,RB,,TEN,2025,11,REG,,,,,,,,,,,,,,,,,,10.0,22.0,0.0,,,,,,,,,,,,,,,,,,,,,,,
00-0035500,G.Dortch,Greg Dortch,WR,WR,,ARI,2025,11,REG,,,,,,,,,,,,,,,,,,,,,,,,,,6.0,6.0,66.0,1.0,,,,,,,,,,,,,,
00-0035640,D.Metcalf,DK Metcalf,WR,WR,,PIT,2025,11,REG,,,,,,,,,,,,,,,,,,,,,,,,,,5.0,8.0,49.0,0.0,,,,,,,,,,,,,,
00-0035644,N.Fant,Noah Fant,TE,TE,,CIN,2025,11,REG,,,,,,,,,,,,,,,,,,,,,,,,,,5.0,6.0,36.0,0.0,,,,,,,,,,,,,,
00-0035676,A.Brown,A.J. Brown,WR,WR,,PHI,2025,11,REG,,,,,,,,,,,,,,,,,,,,,,,,,,7.0,11.0,49.0,0.0,,,,,,,,,,,,,,
00-0035719,D.Samuel,Deebo Samuel Sr.,WR,WR,,WAS,2025,11,REG,,,,,,,,,,,,,,,,,,,,,,,,,,7.0,8.0,74.0,1.0,,,,,,,,,,,,,,
00-0036139,R.Dowdle,Rico Dowdle,RB,RB,,CAR,2025,11,REG,,,,,,,,,,,,,,,,,,19.0,45.0,0.0,,,,,,,,,,,,,,,,,,,,,,,
00-0036165,I.Hodgins,Isaiah Hodgins,WR,WR,,NYG,2025,11,REG,,,,,,,,,,,,,,,,,,,,,,,,,,5.0,6.0,57.0,0.0,,,,,,,,,,,,,,
00-0036212,T.Tagovailoa,Tua Tagovailoa,QB,QB,,MIA,2025,11,REG,,14.0,20.0,171.0,0.0,0.0,,,,,,,,,,,,,,,,,,,,,,,,,,,,,,,,,,,,,
00-0036259,J.Jennings,Jauan Jennings,WR,WR,,SF,2025,11,REG,,,,,,,,,,,,,,,,,,,,,,,,,,4.0,6.0,54.0,0.0,,,,,,,,,,,,,,
00-0036264,J.Love,Jordan Love,QB,QB,,GB,2025,11,REG,,13.0,24.0,174.0,2.0,0.0,,,,,,,,,,,,,,,,,,,,,,,,,,,,,,,,,,,,,
00-0036275,D.Swift,D'Andre Swift,RB,RB,,CHI,2025,11,REG,,,,,,,,,,,,,,,,,,21.0,90.0,0.0,,,,,,,,,,,,,,,,,,,,,,,
00-0036290,C.Kmet,Cole Kmet,TE,TE,,CHI,2025,11,REG,,,,,,,,,,,,,,,,,,,,,,,,,,5.0,5.0,45.0,0.0,,,,,,,,,,,,,,
00-0036309,D.Mooney,Darnell Mooney,WR,WR,,ATL,2025,11,REG,,,,,,,,,,,,,,,,,,,,,,,,,,3.0,7.0,34.0,0.0,,,,,,,,,,,,,,
00-0036322,J.Jefferson,Justin Jefferson,WR,WR,,MIN,2025,11,REG,,,,,,,,,,,,,,,,,,,,,,,,,,5.0,9.0,61.0,0.0,,,,,,,,,,,,,,
00-0036355,J.Herbert,Justin Herbert,QB,QB,,LAC,2025,11,REG,,10.0,18.0,81.0,0.0,1.0,,,,,,,,,,,,,,,,,,,,,,,,,,,,,,,,,,,,,
00-0036358,C.Lamb,CeeDee Lamb,WR,WR,,DAL,2025,11,REG,,,,,,,,,,,,,,,,,,,,,,,,,,5.0,7.0,66.0,1.0,,,,,,,,,,,,,,
00-0036389,J.Hurts,Jalen Hurts,QB,QB,,PHI,2025,11,REG,,14.0,28.0,135.0,0.0,0.0,,,,,,,,,,,,,,,,,,,,,,,,,,,,,,,,,,,,,
00-0036407,J.Jeudy,Jerry Jeudy,WR,WR,,CLE,2025,11,REG,,,,,,,,,,,,,,,,,,,,,,,,,,3.0,7.0,21.0,0.0,,,,,,,,,,,,,,
00-0036410,T.Higgins,Tee Higgins,WR,WR,,CIN,2025,11,REG,,,,,,,,,,,,,,,,,,,,,,,,,,3.0,8.0,63.0,1.0,,,,,,,,,,,,,,
00-0036415,V.Jefferson,Van Jefferson,WR,WR,,TEN,2025,11,REG,,,,,,,,,,,,,,,,,,,,,,,,,,3.0,7.0,22.0,1.0,,,,,,,,,,,,,,
00-0036554,N.Collins,Nico Collins,WR,WR,,HOU,2025,11,REG,,,,,,,,,,,,,,,,,,,,,,,,,,9.0,10.0,92.0,1.0,,,,,,,,,,,,,,
00-0036613,J.Waddle,Jaylen Waddle,WR,WR,,MIA,2025,11,REG,,,,,,,,,,,,,,,,,,,,,,,,,,3.0,7.0,52.0,0.0,,,,,,,,,,,,,,
00-0036754,B.Wright,Brock Wright,TE,TE,,DET,2025,11,REG,,,,,,,,,,,,,,,,,,,,,,,,,,2.0,7.0,8.0,0.0,,,,,,,,,,,,,,
00-0036898,D.Mills,Davis Mills,QB,QB,,HOU,2025,11,REG,,26.0,41.0,274.0,1.0,0.0,,,,,,,,,,,,,,,,,,,,,,,,,,,,,,,,,,,,,
00-0036900,J.Chase,Ja'Marr Chase,WR,WR,,CIN,2025,11,REG,,,,,,,,,,,,,,,,,,,,,,,,,,3.0,10.0,30.0,0.0,,,,,,,,,,,,,,
00-0036912,D.Smith,DeVonta Smith,WR,WR,,PHI,2025,11,REG,,,,,,,,,,,,,,,,,,,,,,,,,,1.0,5.0,8.0,0.0,,,,,,,,,,,,,,
00-0036945,J.Fields,Justin Fields,QB,QB,,NYJ,2025,11,REG,,15.0,26.0,116.0,1.0,0.0,,,,,,,,,,,,,,,,,,,,,,,,,,,,,,,,,,,,,
00-0036963,A.St. Brown,Amon-Ra St. Brown,WR,WR,,DET,2025,11,REG,,,,,,,,,,,,,,,,,,,,,,,,,,2.0,12.0,42.0,0.0,,,,,,,,,,,,,,
00-0036971,T.Lawrence,Trevor Lawrence,QB,QB,,JAX,2025,11,REG,,14.0,22.0,153.0,1.0,1.0,,,,,,,,,,,,,,,,,,,,,,,,,,,,,,,,,,,,,
00-0036973,T.Etienne,Travis Etienne,RB,RB,,JAX,2025,11,REG,,,,,,,,,,,,,,,,,,19.0,73.0,2.0,,,,,,,,,,,,,,,,,,,,,,,
00-0036988,J.Palmer,Josh Palmer,WR,WR,,BUF,2025,11,REG,,,,,,,,,,,,,,,,,,,,,,,,,,2.0,5.0,17.0,0.0,,,,,,,,,,,,,,
00-0036997,J.Williams,Javonte Williams,RB,RB,,DAL,2025,11,REG,,,,,,,,,,,,,,,,,,22.0,93.0,0.0,,,,,,,,,,,,,,,,,,,,,,,
00-0037228,J.Warren,Jaylen Warren,RB,RB,,PIT,2025,11,REG,,,,,,,,,,,,,,,,,,10.0,62.0,0.0,,,,,,,,,,,,,,,,,,,,,,,
00-0037238,D.London,Drake London,WR,WR,,ATL,2025,11,REG,,,,,,,,,,,,,,,,,,,,,,,,,,7.0,9.0,119.0,0.0,,,,,,,,,,,,,,
00-0037240,J.Williams,Jameson Williams,WR,WR,,DET,2025,11,REG,,,,,,,,,,,,,,,,,,,,,,,,,,4.0,7.0,88.0,1.0,,,,,,,,,,,,,,
00-0037247,G.Pickens,George Pickens,WR,WR,,DAL,2025,11,REG,,,,,,,,,,,,,,,,,,,,,,,,,,9.0,11.0,144.0,1.0,,,,,,,,,,,,,,
00-0037248,J.Cook,James Cook,RB,RB,,BUF,2025,11,REG,,,,,,,,,,,,,,,,,,16.0,48.0,0.0,,,,,,,,,,,,,,,,,,,,,,,
00-0037256,R.White,Rachaad White,RB,RB,,TB,2025,11,REG,,,,,,,,,,,,,,,,,,10.0,51.0,0.0,,,,,,,,,,,,,,,,,,,,,,,
00-0037545,R.Shaheed,Rashid Shaheed,WR,WR,,SEA,2025,11,REG,,,,,,,,,,,,,,,,,,,,,,,,,,2.0,5.0,27.0,0.0,,,,,,,,,,,,,,
00-0037744,T.McBride,Trey McBride,TE,TE,,ARI,2025,11,REG,,,,,,,,,,,,,,,,,,,,,,,,,,10.0,11.0,115.0,1.0,,,,,,,,,,,,,,
00-0037805,J.Ruckert,Jeremy Ruckert,TE,TE,,NYJ,2025,11,REG,,,,,,,,,,,,,,,,,,,,,,,,,,4.0,5.0,23.0,0.0,,,,,,,,,,,,,,
00-0037816,R.Doubs,Romeo Doubs,WR,WR,,GB,2025,11,REG,,,,,,,,,,,,,,,,,,,,,,,,,,4.0,8.0,53.0,0.0,,,,,,,,,,,,,,
00-0037834,B.Purdy,Brock Purdy,QB,QB,,SF,2025,11,REG,,19.0,26.0,200.0,3.0,0.0,,,,,,,,,,,,,,,,,,,,,,,,,,,,,,,,,,,,,
00-0037840,K.Williams,Kyren Williams,RB,RB,,LAR,2025,11,REG,,,,,,,,,,,,,,,,,,12.0,91.0,1.0,,,,,,,,,,,,,,,,,,,,,,,
00-0038041,J.Ferguson,Jake Ferguson,TE,TE,,DAL,2025,11,REG,,,,,,,,,,,,,,,,,,,,,,,,,,4.0,5.0,16.0,1.0,,,,,,,,,,,,,,
00-0038117,W.Robinson,Wan'Dale Robinson,WR,WR,,NYG,2025,11,REG,,,,,,,,,,,,,,,,,,,,,,,,,,4.0,9.0,36.0,0.0,,,,,,,,,,,,,,
00-0038120,B.Hall,Breece Hall,RB,RB,,NYJ,2025,11,REG,,,,,,,,,,,,,,,,,,14.0,58.0,0.0,,,,,,,,,,,,,,,,,,,,,,,
00-0038124,C.Watson,Christian Watson,WR,WR,,GB,2025,11,REG,,,,,,,,,,,,,,,,,,,,,,,,,,4.0,5.0,46.0,2.0,,,,,,,,,,,,,,
00-0038129,C.Otton,Cade Otton,TE,TE,,TB,2025,11,REG,,,,,,,,,,,,,,,,,,,,,,,,,,2.0,5.0,28.0,0.0,,,,,,,,,,,,,,
00-0038134,K.Walker,Kenneth Walker III,RB,RB,,SEA,2025,11,REG,,,,,,,,,,,,,,,,,,16.0,67.0,1.0,,,,,,,,,,,,,,,,,,,,,,,
00-0038542,B.Robinson,Bijan Robinson,RB,RB,,ATL,2025,11,REG,,,,,,,,,,,,,,,,,,23.0,104.0,2.0,,,,,,,,,,,,,,,,,,,,,,,
00-0038543,J.Smith-Njigba,Jaxon Smith-Njigba,WR,WR,,SEA,2025,11,REG,,,,,,,,,,,,,,,,,,,,,,,,,,9.0,12.0,105.0,0.0,,,,,,,,,,,,,,
00-0038558,D.Washington,Darnell Washington,TE,TE,,PIT,2025,11,REG,,,,,,,,,,,,,,,,,,,,,,,,,,4.0,5.0,67.0,0.0,,,,,,,,,,,,,,
00-0038559,Mi.Wilson,Michael Wilson,WR,WR,,ARI,2025,11,REG,,,,,,,,,,,,,,,,,,,,,,,,,,15.0,18.0,185.0,0.0,,,,,,,,,,,,,,
00-0038563,T.Tucker,Tre Tucker,WR,WR,,LV,2025,11,REG,,,,,,,,,,,,,,,,,,,,,,,,,,4.0,8.0,47.0,1.0,,,,,,,,,,,,,,
00-0038597,C.Brown,Chase Brown,RB,RB,,CIN,2025,11,REG,,,,,,,,,,,,,,,,,,18.0,99.0,0.0,,,,,,,,,,,,,,,,,,,,,,,
00-0038611,C.Rodriguez,Chris Rodriguez Jr.,RB,RB,,WAS,2025,11,REG,,,,,,,,,,,,,,,,,,15.0,79.0,0.0,,,,,,,,,,,,,,,,,,,,,,,
00-0038618,X.Hutchinson,Xavier Hutchinson,WR,WR,,HOU,2025,11,REG,,,,,,,,,,,,,,,,,,,,,,,,,,3.0,5.0,42.0,0.0,,,,,,,,,,,,,,
00-0038679,T.Shavers,Tyrell Shavers,WR,WR,,BUF,2025,11,REG,,,,,,,,,,,,,,,,,,,,,,,,,,4.0,5.0,90.0,1.0,,,,,,,,,,,,,,
00-0038797,E.Wilson,Emanuel Wilson,RB,RB,,GB,2025,11,REG,,,,,,,,,,,,,,,,,,11.0,40.0,1.0,,,,,,,,,,,,,,,,,,,,,,,
00-0038951,S.Tucker,Sean Tucker,RB,RB,,TB,2025,11,REG,,,,,,,,,,,,,,,,,,19.0,106.0,2.0,,,,,,,,,,,,,,,,,,,,,,,
00-0038994,J.Addison,Jordan Addison,WR,WR,,MIN,2025,11,REG,,,,,,,,,,,,,,,,,,,,,,,,,,2.0,7.0,20.0,1.0,,,,,,,,,,,,,,
00-0039040,D.Achane,De'Von Achane,RB,RB,,MIA,2025,11,REG,,,,,,,,,,,,,,,,,,21.0,120.0,0.0,,,,,,,,,,,,,,,,,,,,,,,
00-0039064,Z.Flowers,Zay Flowers,WR,WR,,BAL,2025,11,REG,,,,,,,,,,,,,,,,,,,,,,,,,,3.0,5.0,78.0,0.0,,,,,,,,,,,,,,
00-0039067,R.Rice,Rashee Rice,WR,WR,,KC,2025,11,REG,,,,,,,,,,,,,,,,,,,,,,,,,,6.0,9.0,38.0,0.0,,,,,,,,,,,,,,
00-0039075,P.Nacua,Puka Nacua,WR,WR,,LAR,2025,11,REG,,,,,,,,,,,,,,,,,,,,,,,,,,7.0,8.0,75.0,0.0,,,,,,,,,,,,,,
00-0039139,J.Gibbs,Jahmyr Gibbs,RB,RB,,DET,2025,11,REG,,,,,,,,,,,,,,,,,,12.0,39.0,0.0,,,,,,,,,,,,,,,,,,,,,,,
00-0039150,B.Young,Bryce Young,QB,QB,,CAR,2025,11,REG,,31.0,45.0,448.0,3.0,0.0,,,,,,,,,,,,,,,,,,,,,,,,,,,,,,,,,,,,,
00-0039165,Z.Charbonnet,Zach Charbonnet,RB,RB,,SEA,2025,11,REG,,,,,,,,,,,,,,,,,,11.0,37.0,0.0,,,,,,,,,,,,,,,,,,,,,,,
00-0039338,B.Bowers,Brock Bowers,TE,TE,,LV,2025,11,REG,,,,,,,,,,,,,,,,,,,,,,,,,,7.0,12.0,72.0,0.0,,,,,,,,,,,,,,
00-0039342,X.Legette,Xavier Legette,WR,WR,,CAR,2025,11,REG,,,,,,,,,,,,,,,,,,,,,,,,,,4.0,8.0,83.0,1.0,,,,,,,,,,,,,,
00-0039384,T.Tracy,Tyrone Tracy Jr.,RB,RB,,NYG,2025,11,REG,,,,,,,,,,,,,,,,,,19.0,88.0,0.0,,,,,,,,,,,,,,,,,,,,,,,
00-0039732,B.Nix,Bo Nix,QB,QB,,DEN,2025,11,REG,,24.0,37.0,295.0,0.0,0.0,,,,,,,,,,,,,,,,,,,,,,,,,,,,,,,,,,,,,
00-0039793,A.Barner,AJ Barner,TE,TE,,SEA,2025,11,REG,,,,,,,,,,,,,,,,,,,,,,,,,,10.0,11.0,70.0,0.0,,,,,,,,,,,,,,
00-0039851,D.Maye,Drake Maye,QB,QB,,NE,2025,11,REG,,25.0,34.0,281.0,1.0,0.0,,,,,,,,,,,,,,,,,,,,,,,,,,,,,,,,,,,,,
00-0039868,T.Franklin,Troy Franklin,WR,WR,,DEN,2025,11,REG,,,,,,,,,,,,,,,,,,,,,,,,,,4.0,8.0,84.0,0.0,,,,,,,,,,,,,,
00-0039890,A.Mitchell,Adonai Mitchell,WR,WR,,NYJ,2025,11,REG,,,,,,,,,,,,,,,,,,,,,,,,,,1.0,6.0,10.0,0.0,,,,,,,,,,,,,,
00-0039894,X.Worthy,Xavier Worthy,WR,WR,,KC,2025,11,REG,,,,,,,,,,,,,,,,,,,,,,,,,,3.0,5.0,25.0,0.0,,,,,,,,,,,,,,
00-0039917,M.Penix,Michael Penix Jr.,QB,QB,,ATL,2025,11,REG,,13.0,16.0,175.0,0.0,0.0,,,,,,,,,,,,,,,,,,,,,,,,,,,,,,,,,,,,,
00-0039918,C.Williams,Caleb Williams,QB,QB,,CHI,2025,11,REG,,16.0,32.0,193.0,0.0,0.0,,,,,,,,,,,,,,,,,,,,,,,,,,,,,,,,,,,,,
00-0039919,R.Odunze,Rome Odunze,WR,WR,,CHI,2025,11,REG,,,,,,,,,,,,,,,,,,,,,,,,,,2.0,6.0,41.0,0.0,,,,,,,,,,,,,,
00-0039923,J.McCarthy,J.J. McCarthy,QB,QB,,MIN,2025,11,REG,,16.0,32.0,150.0,1.0,2.0,,,,,,,,,,,,,,,,,,,,,,,,,,,,,,,,,,,,,
00-0040124,T.McMillan,Tetairoa McMillan,WR,WR,,CAR,2025,11,REG,,,,,,,,,,,,,,,,,,,,,,,,,,8.0,12.0,130.0,2.0,,,,,,,,,,,,,,
00-0040129,E.Egbuka,Emeka Egbuka,WR,WR,,TB,2025,11,REG,,,,,,,,,,,,,,,,,,,,,,,,,,5.0,9.0,40.0,0.0,,,,,,,,,,,,,,
00-0040130,J.Higgins,Jayden Higgins,WR,WR,,HOU,2025,11,REG,,,,,,,,,,,,,,,,,,,,,,,,,,4.0,7.0,55.0,0.0,,,,,,,,,,,,,,
00-0040134,P.Bryant,Pat Bryant,WR,WR,,DEN,2025,11,REG,,,,,,,,,,,,,,,,,,,,,,,,,,5.0,6.0,82.0,0.0,,,,,,,,,,,,,,
00-0040170,E.Ayomanor,Elic Ayomanor,WR,WR,,TEN,2025,11,REG,,,,,,,,,,,,,,,,,,,,,,,,,,2.0,6.0,11.0,0.0,,,,,,,,,,,,,,
00-0040189,O.Gadsden,Oronde Gadsden II,TE,TE,,LAC,2025,11,REG,,,,,,,,,,,,,,,,,,,,,,,,,,2.0,5.0,41.0,0.0,,,,,,,,,,,,,,
00-0040236,K.Monangai,Kyle Monangai,RB,RB,,CHI,2025,11,REG,,,,,,,,,,,,,,,,,,12.0,23.0,1.0,,,,,,,,,,,,,,,,,,,,,,,
00-0040583,W.Marks,Woody Marks,RB,RB,,HOU,2025,11,REG,,,,,,,,,,,,,,,,,,18.0,44.0,0.0,,,,,,,,,,,,,,,,,,,,,,,
00-0040584,G.Helm,Gunnar Helm,TE,TE,,TEN,2025,11,REG,,,,,,,,,,,,,,,,,,,,,,,,,,4.0,5.0,29.0,0.0,,,,,,,,,,,,,,
00-0040663,H.Fannin,Harold Fannin Jr.,TE,TE,,CLE,2025,11,REG,,,,,,,,,,,,,,,,,,,,,,,,,,2.0,5.0,26.0,0.0,,,,,,,,,,,,,,
00-0040668,S.Sanders,Shedeur Sanders,QB,QB,,CLE,2025,11,REG,,4.0,16.0,47.0,0.0,1.0,,,,,,,,,,,,,,,,,,,,,,,,,,,,,,,,,,,,,
00-0040676,C.Ward,Cam Ward,QB,QB,,TEN,2025,11,REG,,24.0,37.0,194.0,1.0,0.0,,,,,,,,,,,,,,,,,,,,,,,,,,,,,,,,,,,,,
00-0040719,B.Tuten,Bhayshul Tuten,RB,RB,,JAX,2025,11,REG,,,,,,,,,,,,,,,,,,15.0,74.0,1.0,,,,,,,,,,,,,,,,,,,,,,,
00-0040730,R.Harvey,RJ Harvey,RB,RB,,DEN,2025,11,REG,,,,,,,,,,,,,,,,,,11.0,30.0,0.0,,,,,,,,,,,,,,,,,,,,,,,
00-0040734,T.Henderson,TreVeyon Henderson,RB,RB,,NE,2025,11,REG,,,,,,,,,,,,,,,,,,19.0,62.0,2.0,,,,,,,,,,,,,,,,,,,,,,,
00-0040735,L.Burden,Luther Burden III,WR,WR,,CHI,2025,11,REG,,,,,,,,,,,,,,,,,,,,,,,,,,3.0,5.0,27.0,0.0,,,,,,,,,,,,,,
00-0040784,Q.Judkins,Quinshon Judkins,RB,RB,,CLE,2025,11,REG,,,,,,,,,,,,,,,,,,17.0,59.0,0.0,,,,,,,,,,,,,,,,,,,,,,,
00-0026158,J.Flacco,Joe Flacco,QB,QB,,CIN,2025,12,REG,,19.0,37.0,183.0,1.0,1.0,,,,,,,,,,,,,,,,,,,,,,,,,,,,,,,,,,,,,
00-0026498,M.Stafford,Matthew Stafford,QB,QB,,LAR,2025,12,REG,,25.0,35.0,273.0,3.0,0.0,,,,,,,,,,,,,,,,,,,,,,,,,,,,,,,,,,,,,
00-0028118,T.Taylor,Tyrod Taylor,QB,QB,,NYJ,2025,12,REG,,17.0,28.0,222.0,1.0,1.0,,,,,,,,,,,,,,,,,,,,,,,,,,,,,,,,,,,,,
00-0029604,K.Cousins,Kirk Cousins,QB,QB,,ATL,2025,12,REG,,16.0,23.0,199.0,2.0,1.0,,,,,,,,,,,,,,,,,,,,,,,,,,,,,,,,,,,,,
00-0030506,T.Kelce,Travis Kelce,TE,TE,,KC,2025,12,REG,,,,,,,,,,,,,,,,,,,,,,,,,,4.0,6.0,43.0,0.0,,,,,,,,,,,,,,
00-0030565,G.Smith,Geno Smith,QB,QB,,LV,2025,12,REG,,30.0,44.0,285.0,1.0,0.0,,,,,,,,,,,,,,,,,,,,,,,,,,,,,,,,,,,,,
00-0031237,T.Bridgewater,Teddy Bridgewater,QB,QB,,TB,2025,12,REG,,8.0,15.0,62.0,0.0,0.0,,,,,,,,,,,,,,,,,,,,,,,,,,,,,,,,,,,,,
00-0031381,D.Adams,Davante Adams,WR,WR,,LAR,2025,12,REG,,,,,,,,,,,,,,,,,,,,,,,,,,5.0,8.0,62.0,2.0,,,,,,,,,,,,,,
00-0031503,J.Winston,Jameis Winston,QB,QB,,NYG,2025,12,REG,,18.0,36.0,366.0,2.0,1.0,,,,,,,,,,,,,,,,,,,,,,,,,,,,,,,,,,,,,
00-0032211,T.Lockett,Tyler Lockett,WR,WR,,LV,2025,12,REG,,,,,,,,,,,,,,,,,,,,,,,,,,4.0,5.0,62.0,0.0,,,,,,,,,,,,,,
00-0032385,S.Shepard,Sterling Shepard,WR,WR,,TB,2025,12,REG,,,,,,,,,,,,,,,,,,,,,,,,,,3.0,5.0,12.0,0.0,,,,,,,,,,,,,,
00-0032764,D.Henry,Derrick Henry,RB,RB,,BAL,2025,12,REG,,,,,,,,,,,,,,,,,,21.0,64.0,2.0,,,,,,,,,,,,,,,,,,,,,,,
00-0033077,D.Prescott,Dak Prescott,QB,QB,,DAL,2025,12,REG,,23.0,36.0,354.0,2.0,1.0,,,,,,,,,,,,,,,,,,,,,,,,,,,,,,,,,,,,,
00-0033090,H.Henry,Hunter Henry,TE,TE,,NE,2025,12,REG,,,,,,,,,,,,,,,,,,,,,,,,,,7.0,10.0,115.0,1.0,,,,,,,,,,,,,,
00-0033106,J.Goff,Jared Goff,QB,QB,,DET,2025,12,REG,,28.0,42.0,279.0,2.0,1.0,,,,,,,,,,,,,,,,,,,,,,,,,,,,,,,,,,,,,
00-0033119,J.Brissett,Jacoby Brissett,QB,QB,,ARI,2025,12,REG,,33.0,49.0,317.0,1.0,0.0,,,,,,,,,,,,,,,,,,,,,,,,,,,,,,,,,,,,,
00-0033280,C.McCaffrey,Christian McCaffrey,RB,RB,,SF,2025,12,REG,,,,,,,,,,,,,,,,,,24.0,89.0,1.0,,,,,,,,,,,,,,,,,,,,,,,
00-0033288,G.Kittle,George Kittle,TE,TE,,SF,2025,12,REG,,,,,,,,,,,,,,,,,,,,,,,,,,6.0,10.0,78.0,0.0,,,,,,,,,,,,,,
00-0033555,M.Hollins,Mack Hollins,WR,WR,,NE,2025,12,REG,,,,,,,,,,,,,,,,,,,,,,,,,,2.0,6.0,30.0,0.0,,,,,,,,,,,,,,
00-0033873,P.Mahomes,Patrick Mahomes,QB,QB,,KC,2025,12,REG,,29.0,46.0,352.0,0.0,1.0,,,,,,,,,,,,,,,,,,,,,,,,,,,,,,,,,,,,,
00-0033923,K.Hunt,Kareem Hunt,RB,RB,,KC,2025,12,REG,,,,,,,,,,,,,,,,,,30.0,104.0,1.0,,,,,,,,,,,,,,,,,,,,,,,
00-0034771,M.Rudolph,Mason Rudolph,QB,QB,,PIT,2025,12,REG,,24.0,31.0,171.0,1.0,1.0,,,,,,,,,,,,,,,,,,,,,,,,,,,,,,,,,,,,,
00-0034775,C.Kirk,Christian Kirk,WR,WR,,HOU,2025,12,REG,,,,,,,,,,,,,,,,,,,,,,,,,,5.0,6.0,54.0,1.0,,,,,,,,,,,,,,
00-0034796,L.Jackson,Lamar Jackson,QB,QB,,BAL,2025,12,REG,,13.0,23.0,153.0,0.0,0.0,,,,,,,,,,,,,,,,,,,,,,,,,,,,,,,,,,,,,
00-0034827,D.Moore,DJ Moore,WR,WR,,CHI,2025,12,REG,,,,,,,,,,,,,,,,,,,,,,,,,,5.0,7.0,64.0,2.0,,,,,,,,,,,,,,
00-0034829,M.Gesicki,Mike Gesicki,TE,TE,,CIN,2025,12,REG,,,,,,,,,,,,,,,,,,,,,,,,,,4.0,6.0,35.0,0.0,,,,,,,,,,,,,,
00-0034844,S.Barkley,Saquon Barkley,RB,RB,,PHI,2025,12,REG,,,,,,,,,,,,,,,,,,10.0,22.0,0.0,,,,,,,,,,,,,,,,,,,,,,,
00-0034855,B.Mayfield,Baker Mayfield,QB,QB,,TB,2025,12,REG,,9.0,19.0,41.0,1.0,2.0,,,,,,,,,,,,,,,,,,,,,,,,,,,,,,,,,,,,,
00-0034857,J.Allen,Josh Allen,QB,QB,,BUF,2025,12,REG,,24.0,34.0,253.0,0.0,2.0,,,,,,,,,,,,,,,,,,,,,,,,,,,,,,,,,,,,,
00-0034869,S.Darnold,Sam Darnold,QB,QB,,SEA,2025,12,REG,,16.0,26.0,244.0,2.0,0.0,,,,,,,,,,,,,,,,,,,,,,,,,,,,,,,,,,,,,
00-0034960,J.Meyers,Jakobi Meyers,WR,WR,,JAX,2025,12,REG,,,,,,,,,,,,,,,,,,,,,,,,,,4.0,6.0,50.0,1.0,,,,,,,,,,,,,,
00-0035250,D.Singletary,Devin Singletary,RB,RB,,NYG,2025,12,REG,,,,,,,,,,,,,,,,,,14.0,47.0,0.0,,,,,,,,,,,,,,,,,,,,,,,
00-0035261,T.Pollard,Tony Pollard,RB,RB,,TEN,2025,12,REG,,,,,,,,,,,,,,,,,,11.0,20.0,0.0,,,,,,,,,,,,,,,,,,,,,,,
00-0035500,G.Dortch,Greg Dortch,WR,WR,,ARI,2025,12,REG,,,,,,,,,,,,,,,,,,,,,,,,,,6.0,9.0,53.0,1.0,,,,,,,,,,,,,,
00-0035640,D.Metcalf,DK Metcalf,WR,WR,,PIT,2025,12,REG,,,,,,,,,,,,,,,,,,,,,,,,,,5.0,8.0,22.0,0.0,,,,,,,,,,,,,,
00-0035676,A.Brown,A.J. Brown,WR,WR,,PHI,2025,12,REG,,,,,,,,,,,,,,,,,,,,,,,,,,8.0,10.0,110.0,1.0,,,,,,,,,,,,,,
00-0035710,D.Jones,Daniel Jones,QB,QB,,IND,2025,12,REG,,19.0,31.0,181.0,2.0,0.0,,,,,,,,,,,,,,,,,,,,,,,,,,,,,,,,,,,,,
00-0036040,J.Johnson,Juwan Johnson,TE,TE,,NO,2025,12,REG,,,,,,,,,,,,,,,,,,,,,,,,,,6.0,7.0,46.0,0.0,,,,,,,,,,,,,,
00-0036165,I.Hodgins,Isaiah Hodgins,WR,WR,,NYG,2025,12,REG,,,,,,,,,,,,,,,,,,,,,,,,,,2.0,6.0,42.0,1.0,,,,,,,,,,,,,,
00-0036223,J.Taylor,Jonathan Taylor,RB,RB,,IND,2025,12,REG,,,,,,,,,,,,,,,,,,16.0,58.0,0.0,,,,,,,,,,,,,,,,,,,,,,,
00-0036252,M.Pittman,Michael Pittman,WR,WR,,IND,2025,12,REG,,,,,,,,,,,,,,,,,,,,,,,,,,5.0,8.0,27.0,1.0,,,,,,,,,,,,,,
00-0036259,J.Jennings,Jauan Jennings,WR,WR,,SF,2025,12,REG,,,,,,,,,,,,,,,,,,,,,,,,,,5.0,7.0,41.0,1.0,,,,,,,,,,,,,,
00-0036264,J.Love,Jordan Love,QB,QB,,GB,2025,12,REG,,14.0,21.0,139.0,0.0,0.0,,,,,,,,,,,,,,,,,,,,,,,,,,,,,,,,,,,,,
00-0036322,J.Jefferson,Justin Jefferson,WR,WR,,MIN,2025,12,REG,,,,,,,,,,,,,,,,,,,,,,,,,,4.0,6.0,48.0,0.0,,,,,,,,,,,,,,
00-0036358,C.Lamb,CeeDee Lamb,WR,WR,,DAL,2025,12,REG,,,,,,,,,,,,,,,,,,,,,,,,,,4.0,11.0,75.0,0.0,,,,,,,,,,,,,,
00-0036389,J.Hurts,Jalen Hurts,QB,QB,,PHI,2025,12,REG,,27.0,39.0,289.0,1.0,0.0,,,,,,,,,,,,,,,,,,,,,,,,,,,,,,,,,,,,,
00-0036410,T.Higgins,Tee Higgins,WR,WR,,CIN,2025,12,REG,,,,,,,,,,,,,,,,,,,,,,,,,,5.0,6.0,31.0,0.0,,,,,,,,,,,,,,
00-0036898,D.Mills,Davis Mills,QB,QB,,HOU,2025,12,REG,,16.0,30.0,153.0,2.0,0.0,,,,,,,,,,,,,,,,,,,,,,,,,,,,,,,,,,,,,
00-0036912,D.Smith,DeVonta Smith,WR,WR,,PHI,2025,12,REG,,,,,,,,,,,,,,,,,,,,,,,,,,6.0,11.0,89.0,0.0,,,,,,,,,,,,,,
00-0036919,K.Gainwell,Kenneth Gainwell,RB,RB,,PIT,2025,12,REG,,,,,,,,,,,,,,,,,,10.0,92.0,0.0,,,,,,,,,,,,,,,,,,,,,,,
00-0036963,A.St. Brown,Amon-Ra St. Brown,WR,WR,,DET,2025,12,REG,,,,,,,,,,,,,,,,,,,,,,,,,,9.0,13.0,149.0,1.0,,,,,,,,,,,,,,
00-0036970,K.Pitts,Kyle Pitts,TE,TE,,ATL,2025,12,REG,,,,,,,,,,,,,,,,,,,,,,,,,,2.0,5.0,25.0,0.0,,,,,,,,,,,,,,
00-0036971,T.Lawrence,Trevor Lawrence,QB,QB,,JAX,2025,12,REG,,18.0,30.0,256.0,3.0,3.0,,,,,,,,,,,,,,,,,,,,,,,,,,,,,,,,,,,,,
00-0036973,T.Etienne,Travis Etienne,RB,RB,,JAX,2025,12,REG,,,,,,,,,,,,,,,,,,15.0,86.0,0.0,,,,,,,,,,,,,,,,,,,,,,,
00-0036997,J.Williams,Javonte Williams,RB,RB,,DAL,2025,12,REG,,,,,,,,,,,,,,,,,,20.0,87.0,0.0,,,,,,,,,,,,,,,,,,,,,,,
00-0037157,Z.Knight,Bam Knight,RB,RB,,ARI,2025,12,REG,,,,,,,,,,,,,,,,,,10.0,12.0,1.0,,,,,,,,,,,,,,,,,,,,,,,
00-0037228,J.Warren,Jaylen Warren,RB,RB,,PIT,2025,12,REG,,,,,,,,,,,,,,,,,,18.0,68.0,1.0,,,,,,,,,,,,,,,,,,,,,,,
00-0037239,C.Olave,Chris Olave,WR,WR,,NO,2025,12,REG,,,,,,,,,,,,,,,,,,,,,,,,,,9.0,13.0,70.0,0.0,,,,,,,,,,,,,,
00-0037247,G.Pickens,George Pickens,WR,WR,,DAL,2025,12,REG,,,,,,,,,,,,,,,,,,,,,,,,,,9.0,9.0,146.0,1.0,,,,,,,,,,,,,,
00-0037248,J.Cook,James Cook,RB,RB,,BUF,2025,12,REG,,,,,,,,,,,,,,,,,,17.0,116.0,1.0,,,,,,,,,,,,,,,,,,,,,,,
00-0037261,K.Shakir,Khalil Shakir,WR,WR,,BUF,2025,12,REG,,,,,,,,,,,,,,,,,,,,,,,,,,8.0,10.0,77.0,0.0,,,,,,,,,,,,,,
00-0037263,T.Allgeier,Tyler Allgeier,RB,RB,,ATL,2025,12,REG,,,,,,,,,,,,,,,,,,12.0,44.0,0.0,,,,,,,,,,,,,,,,,,,,,,,
00-0037614,J.Metchie,John Metchie III,WR,WR,,NYJ,2025,12,REG,,,,,,,,,,,,,,,,,,,,,,,,,,6.0,7.0,65.0,1.0,,,,,,,,,,,,,,
00-0037744,T.McBride,Trey McBride,TE,TE,,ARI,2025,12,REG,,,,,,,,,,,,,,,,,,,,,,,,,,9.0,10.0,79.0,0.0,,,,,,,,,,,,,,
00-0037834,B.Purdy,Brock Purdy,QB,QB,,SF,2025,12,REG,,23.0,32.0,193.0,1.0,3.0,,,,,,,,,,,,,,,,,,,,,,,,,,,,,,,,,,,,,
00-0037837,C.Austin,Calvin Austin III,WR,WR,,PIT,2025,12,REG,,,,,,,,,,,,,,,,,,,,,,,,,,4.0,5.0,36.0,0.0,,,,,,,,,,,,,,
00-0037840,K.Williams,Kyren Williams,RB,RB,,LAR,2025,12,REG,,,,,,,,,,,,,,,,,,12.0,46.0,0.0,,,,,,,,,,,,,,,,,,,,,,,
00-0038041,J.Ferguson,Jake Ferguson,TE,TE,,DAL,2025,12,REG,,,,,,,,,,,,,,,,,,,,,,,,,,5.0,6.0,60.0,0.0,,,,,,,,,,,,,,
00-0038117,W.Robinson,Wan'Dale Robinson,WR,WR,,NYG,2025,12,REG,,,,,,,,,,,,,,,,,,,,,,,,,,9.0,14.0,156.0,1.0,,,,,,,,,,,,,,
00-0038120,B.Hall,Breece Hall,RB,RB,,NYJ,2025,12,REG,,,,,,,,,,,,,,,,,,16.0,44.0,0.0,,,,,,,,,,,,,,,,,,,,,,,
00-0038124,C.Watson,Christian Watson,WR,WR,,GB,2025,12,REG,,,,,,,,,,,,,,,,,,,,,,,,,,5.0,7.0,49.0,0.0,,,,,,,,,,,,,,
00-0038129,C.Otton,Cade Otton,TE,TE,,TB,2025,12,REG,,,,,,,,,,,,,,,,,,,,,,,,,,4.0,7.0,21.0,0.0,,,,,,,,,,,,,,
00-0038134,K.Walker,Kenneth Walker III,RB,RB,,SEA,2025,12,REG,,,,,,,,,,,,,,,,,,11.0,71.0,0.0,,,,,,,,,,,,,,,,,,,,,,,
00-0038542,B.Robinson,Bijan Robinson,RB,RB,,ATL,2025,12,REG,,,,,,,,,,,,,,,,,,14.0,70.0,0.0,,,,,,,,,,,,,,,,,,,,,,,
00-0038543,J.Smith-Njigba,Jaxon Smith-Njigba,WR,WR,,SEA,2025,12,REG,,,,,,,,,,,,,,,,,,,,,,,,,,8.0,10.0,167.0,2.0,,,,,,,,,,,,,,
00-0038559,M.Wilson,Michael Wilson,WR,WR,,ARI,2025,12,REG,,,,,,,,,,,,,,,,,,,,,,,,,,10.0,15.0,118.0,0.0,,,,,,,,,,,,,,
00-0038563,T.Tucker,Tre Tucker,WR,WR,,LV,2025,12,REG,,,,,,,,,,,,,,,,,,,,,,,,,,3.0,10.0,28.0,0.0,,,,,,,,,,,,,,
00-0038597,C.Brown,Chase Brown,RB,RB,,CIN,2025,12,REG,,,,,,,,,,,,,,,,,,19.0,107.0,0.0,,,,,,,,,,,,,,,,,,,,,,,
00-0038606,P.Washington,Parker Washington,WR,WR,,JAX,2025,12,REG,,,,,,,,,,,,,,,,,,,,,,,,,,5.0,7.0,71.0,1.0,,,,,,,,,,,,,,
00-0038619,A.Iosivas,Andrei Iosivas,WR,WR,,CIN,2025,12,REG,,,,,,,,,,,,,,,,,,,,,,,,,,4.0,7.0,61.0,0.0,,,,,,,,,,,,,,
00-0038797,E.Wilson,Emanuel Wilson,RB,RB,,GB,2025,12,REG,,,,,,,,,,,,,,,,,,28.0,107.0,2.0,,,,,,,,,,,,,,,,,,,,,,,
00-0038839,M.Tinsley,Mitchell Tinsley,WR,WR,,CIN,2025,12,REG,,,,,,,,,,,,,,,,,,,,,,,,,,2.0,6.0,29.0,1.0,,,,,,,,,,,,,,
00-0038935,B.Strange,Brenton Strange,TE,TE,,JAX,2025,12,REG,,,,,,,,,,,,,,,,,,,,,,,,,,5.0,5.0,93.0,0.0,,,,,,,,,,,,,,
00-0038951,S.Tucker,Sean Tucker,RB,RB,,TB,2025,12,REG,,,,,,,,,,,,,,,,,,12.0,42.0,0.0,,,,,,,,,,,,,,,,,,,,,,,
00-0038997,J.Downs,Josh Downs,WR,WR,,IND,2025,12,REG,,,,,,,,,,,,,,,,,,,,,,,,,,2.0,6.0,10.0,0.0,,,,,,,,,,,,,,
00-0039064,Z.Flowers,Zay Flowers,WR,WR,,BAL,2025,12,REG,,,,,,,,,,,,,,,,,,,,,,,,,,5.0,6.0,58.0,0.0,,,,,,,,,,,,,,
00-0039067,R.Rice,Rashee Rice,WR,WR,,KC,2025,12,REG,,,,,,,,,,,,,,,,,,,,,,,,,,8.0,12.0,141.0,0.0,,,,,,,,,,,,,,
00-0039075,P.Nacua,Puka Nacua,WR,WR,,LAR,2025,12,REG,,,,,,,,,,,,,,,,,,,,,,,,,,7.0,11.0,97.0,0.0,,,,,,,,,,,,,,
00-0039139,J.Gibbs,Jahmyr Gibbs,RB,RB,,DET,2025,12,REG,,,,,,,,,,,,,,,,,,15.0,219.0,2.0,,,,,,,,,,,,,,,,,,,,,,,
00-0039150,B.Young,Bryce Young,QB,QB,,CAR,2025,12,REG,,18.0,29.0,169.0,1.0,2.0,,,,,,,,,,,,,,,,,,,,,,,,,,,,,,,,,,,,,
00-0039338,B.Bowers,Brock Bowers,TE,TE,,LV,2025,12,REG,,,,,,,,,,,,,,,,,,,,,,,,,,6.0,9.0,55.0,0.0,,,,,,,,,,,,,,
00-0039342,X.Legette,Xavier Legette,WR,WR,,CAR,2025,12,REG,,,,,,,,,,,,,,,,,,,,,,,,,,3.0,5.0,22.0,0.0,,,,,,,,,,,,,,
00-0039384,T.Tracy,Tyrone Tracy Jr.,RB,RB,,NYG,2025,12,REG,,,,,,,,,,,,,,,,,,20.0,62.0,0.0,,,,,,,,,,,,,,,,,,,,,,,
00-0039424,D.Vele,Devaughn Vele,WR,WR,,NO,2025,12,REG,,,,,,,,,,,,,,,,,,,,,,,,,,3.0,7.0,37.0,0.0,,,,,,,,,,,,,,
00-0039847,T.Johnson,Theo Johnson,TE,TE,,NYG,2025,12,REG,,,,,,,,,,,,,,,,,,,,,,,,,,3.0,5.0,77.0,0.0,,,,,,,,,,,,,,
00-0039851,D.Maye,Drake Maye,QB,QB,,NE,2025,12,REG,,22.0,35.0,294.0,1.0,1.0,,,,,,,,,,,,,,,,,,,,,,,,,,,,,,,,,,,,,
00-0039890,A.Mitchell,Adonai Mitchell,WR,WR,,NYJ,2025,12,REG,,,,,,,,,,,,,,,,,,,,,,,,,,2.0,7.0,42.0,0.0,,,,,,,,,,,,,,
00-0039894,X.Worthy,Xavier Worthy,WR,WR,,KC,2025,12,REG,,,,,,,,,,,,,,,,,,,,,,,,,,4.0,8.0,59.0,0.0,,,,,,,,,,,,,,
00-0039918,C.Williams,Caleb Williams,QB,QB,,CHI,2025,12,REG,,19.0,35.0,239.0,3.0,0.0,,,,,,,,,,,,,,,,,,,,,,,,,,,,,,,,,,,,,
00-0039919,R.Odunze,Rome Odunze,WR,WR,,CHI,2025,12,REG,,,,,,,,,,,,,,,,,,,,,,,,,,3.0,9.0,53.0,0.0,,,,,,,,,,,,,,
00-0039923,J.McCarthy,J.J. McCarthy,QB,QB,,MIN,2025,12,REG,,12.0,19.0,87.0,0.0,2.0,,,,,,,,,,,,,,,,,,,,,,,,,,,,,,,,,,,,,
00-0040122,A.Jeanty,Ashton Jeanty,RB,RB,,LV,2025,12,REG,,,,,,,,,,,,,,,,,,17.0,50.0,0.0,,,,,,,,,,,,,,,,,,,,,,,
00-0040124,T.McMillan,Tetairoa McMillan,WR,WR,,CAR,2025,12,REG,,,,,,,,,,,,,,,,,,,,,,,,,,2.0,7.0,35.0,1.0,,,,,,,,,,,,,,
00-0040126,C.Loveland,Colston Loveland,TE,TE,,CHI,2025,12,REG,,,,,,,,,,,,,,,,,,,,,,,,,,4.0,5.0,49.0,1.0,,,,,,,,,,,,,,
00-0040128,T.Warren,Tyler Warren,TE,TE,,IND,2025,12,REG,,,,,,,,,,,,,,,,,,,,,,,,,,5.0,7.0,45.0,0.0,,,,,,,,,,,,,,
00-0040129,E.Egbuka,Emeka Egbuka,WR,WR,,TB,2025,12,REG,,,,,,,,,,,,,,,,,,,,,,,,,,3.0,8.0,32.0,0.0,,,,,,,,,,,,,,
00-0040130,J.Higgins,Jayden Higgins,WR,WR,,HOU,2025,12,REG,,,,,,,,,,,,,,,,,,,,,,,,,,4.0,9.0,38.0,1.0,,,,,,,,,,,,,,
00-0040236,K.Monangai,Kyle Monangai,RB,RB,,CHI,2025,12,REG,,,,,,,,,,,,,,,,,,12.0,48.0,1.0,,,,,,,,,,,,,,,,,,,,,,,
00-0040522,X.Restrepo,Xavier Restrepo,WR,WR,,TEN,2025,12,REG,,,,,,,,,,,,,,,,,,,,,,,,,,2.0,6.0,26.0,0.0,,,,,,,,,,,,,,
00-0040583,W.Marks,Woody Marks,RB,RB,,HOU,2025,12,REG,,,,,,,,,,,,,,,,,,16.0,74.0,0.0,,,,,,,,,,,,,,,,,,,,,,,
00-0040584,G.Helm,Gunnar Helm,TE,TE,,TEN,2025,12,REG,,,,,,,,,,,,,,,,,,,,,,,,,,6.0,7.0,51.0,0.0,,,,,,,,,,,,,,
00-0040663,H.Fannin,Harold Fannin Jr.,TE,TE,,CLE,2025,12,REG,,,,,,,,,,,,,,,,,,,,,,,,,,4.0,6.0,40.0,0.0,,,,,,,,,,,,,,
00-0040668,S.Sanders,Shedeur Sanders,QB,QB,,CLE,2025,12,REG,,11.0,20.0,209.0,1.0,1.0,,,,,,,,,,,,,,,,,,,,,,,,,,,,,,,,,,,,,
00-0040676,C.Ward,Cam Ward,QB,QB,,TEN,2025,12,REG,,28.0,42.0,256.0,1.0,0.0,,,,,,,,,,,,,,,,,,,,,,,,,,,,,,,,,,,,,
00-0040705,C.Dike,Chimere Dike,WR,WR,,TEN,2025,12,REG,,,,,,,,,,,,,,,,,,,,,,,,,,5.0,7.0,44.0,1.0,,,,,,,,,,,,,,
00-0040734,T.Henderson,TreVeyon Henderson,RB,RB,,NE,2025,12,REG,,,,,,,,,,,,,,,,,,18.0,66.0,0.0,,,,,,,,,,,,,,,,,,,,,,,
00-0040735,L.Burden,Luther Burden III,WR,WR,,CHI,2025,12,REG,,,,,,,,,,,,,,,,,,,,,,,,,,3.0,5.0,46.0,0.0,,,,,,,,,,,,,,
00-0040736,M.Taylor,Mason Taylor,TE,TE,,NYJ,2025,12,REG,,,,,,,,,,,,,,,,,,,,,,,,,,3.0,5.0,21.0,0.0,,,,,,,,,,,,,,
00-0040743,T.Shough,Tyler Shough,QB,QB,,NO,2025,12,REG,,30.0,43.0,243.0,0.0,1.0,,,,,,,,,,,,,,,,,,,,,,,,,,,,,,,,,,,,,
00-0040784,Q.Judkins,Quinshon Judkins,RB,RB,,CLE,2025,12,REG,,,,,,,,,,,,,,,,,,16.0,47.0,2.0,,,,,,,,,,,,,,,,,,,,,,,
00-0023459,A.Rodgers,Aaron Rodgers,QB,QB,,PIT,2025,13,REG,,10.0,21.0,117.0,0.0,0.0,,,,,,,,,,,,,,,,,,,,,,,,,,,,,,,,,,,,,
00-0026498,M.Stafford,Matthew Stafford,QB,QB,,LAR,2025,13,REG,,18.0,28.0,243.0,2.0,2.0,,,,,,,,,,,,,,,,,,,,,,,,,,,,,,,,,,,,,
00-0028118,T.Taylor,Tyrod Taylor,QB,QB,,NYJ,2025,13,REG,,19.0,33.0,172.0,1.0,0.0,,,,,,,,,,,,,,,,,,,,,,,,,,,,,,,,,,,,,
00-0029604,K.Cousins,Kirk Cousins,QB,QB,,ATL,2025,13,REG,,21.0,33.0,234.0,1.0,0.0,,,,,,,,,,,,,,,,,,,,,,,,,,,,,,,,,,,,,
00-0030061,Z.Ertz,Zach Ertz,TE,TE,,WAS,2025,13,REG,,,,,,,,,,,,,,,,,,,,,,,,,,10.0,13.0,106.0,0.0,,,,,,,,,,,,,,
00-0030279,K.Allen,Keenan Allen,WR,WR,,LAC,2025,13,REG,,,,,,,,,,,,,,,,,,,,,,,,,,4.0,5.0,30.0,0.0,,,,,,,,,,,,,,
00-0030506,T.Kelce,Travis Kelce,TE,TE,,KC,2025,13,REG,,,,,,,,,,,,,,,,,,,,,,,,,,5.0,6.0,45.0,1.0,,,,,,,,,,,,,,
00-0030565,G.Smith,Geno Smith,QB,QB,,LV,2025,13,REG,,18.0,23.0,165.0,2.0,1.0,,,,,,,,,,,,,,,,,,,,,,,,,,,,,,,,,,,,,
00-0031381,D.Adams,Davante Adams,WR,WR,,LAR,2025,13,REG,,,,,,,,,,,,,,,,,,,,,,,,,,4.0,5.0,58.0,2.0,,,,,,,,,,,,,,
00-0032268,M.Mariota,Marcus Mariota,QB,QB,,WAS,2025,13,REG,,28.0,50.0,294.0,2.0,1.0,,,,,,,,,,,,,,,,,,,,,,,,,,,,,,,,,,,,,
00-0032764,D.Henry,Derrick Henry,RB,RB,,BAL,2025,13,REG,,,,,,,,,,,,,,,,,,10.0,60.0,1.0,,,,,,,,,,,,,,,,,,,,,,,
00-0033077,D.Prescott,Dak Prescott,QB,QB,,DAL,2025,13,REG,,27.0,39.0,320.0,2.0,1.0,,,,,,,,,,,,,,,,,,,,,,,,,,,,,,,,,,,,,
00-0033090,H.Henry,Hunter Henry,TE,TE,,NE,2025,13,REG,,,,,,,,,,,,,,,,,,,,,,,,,,4.0,6.0,73.0,0.0,,,,,,,,,,,,,,
00-0033106,J.Goff,Jared Goff,QB,QB,,DET,2025,13,REG,,20.0,26.0,256.0,2.0,0.0,,,,,,,,,,,,,,,,,,,,,,,,,,,,,,,,,,,,,
00-0033119,J.Brissett,Jacoby Brissett,QB,QB,,ARI,2025,13,REG,,29.0,40.0,301.0,2.0,1.0,,,,,,,,,,,,,,,,,,,,,,,,,,,,,,,,,,,,,
00-0033280,C.McCaffrey,Christian McCaffrey,RB,RB,,SF,2025,13,REG,,,,,,,,,,,,,,,,,,20.0,53.0,1.0,,,,,,,,,,,,,,,,,,,,,,,
00-0033288,G.Kittle,George Kittle,TE,TE,,SF,2025,13,REG,,,,,,,,,,,,,,,,,,,,,,,,,,4.0,5.0,67.0,0.0,,,,,,,,,,,,,,
00-0033526,S.Perine,Samaje Perine,RB,RB,,CIN,2025,13,REG,,,,,,,,,,,,,,,,,,14.0,39.0,0.0,,,,,,,,,,,,,,,,,,,,,,,
00-0033873,P.Mahomes,Patrick Mahomes,QB,QB,,KC,2025,13,REG,,23.0,34.0,261.0,4.0,0.0,,,,,,,,,,,,,,,,,,,,,,,,,,,,,,,,,,,,,
00-0033881,E.Engram,Evan Engram,TE,TE,,DEN,2025,13,REG,,,,,,,,,,,,,,,,,,,,,,,,,,6.0,9.0,79.0,0.0,,,,,,,,,,,,,,
00-0033921,C.Godwin,Chris Godwin Jr.,WR,WR,,TB,2025,13,REG,,,,,,,,,,,,,,,,,,,,,,,,,,3.0,5.0,78.0,0.0,,,,,,,,,,,,,,
00-0033923,K.Hunt,Kareem Hunt,RB,RB,,KC,2025,13,REG,,,,,,,,,,,,,,,,,,14.0,58.0,0.0,,,,,,,,,,,,,,,,,,,,,,,
00-0034348,C.Sutton,Courtland Sutton,WR,WR,,DEN,2025,13,REG,,,,,,,,,,,,,,,,,,,,,,,,,,5.0,6.0,62.0,1.0,,,,,,,,,,,,,,
00-0034383,D.Schultz,Dalton Schultz,TE,TE,,HOU,2025,13,REG,,,,,,,,,,,,,,,,,,,,,,,,,,7.0,8.0,55.0,0.0,,,,,,,,,,,,,,
00-0034753,M.Andrews,Mark Andrews,TE,TE,,BAL,2025,13,REG,,,,,,,,,,,,,,,,,,,,,,,,,,4.0,6.0,47.0,0.0,,,,,,,,,,,,,,
00-0034796,L.Jackson,Lamar Jackson,QB,QB,,BAL,2025,13,REG,,17.0,32.0,246.0,0.0,1.0,,,,,,,,,,,,,,,,,,,,,,,,,,,,,,,,,,,,,
00-0034827,D.Moore,DJ Moore,WR,WR,,CHI,2025,13,REG,,,,,,,,,,,,,,,,,,,,,,,,,,2.0,5.0,17.0,0.0,,,,,,,,,,,,,,
00-0034844,S.Barkley,Saquon Barkley,RB,RB,,PHI,2025,13,REG,,,,,,,,,,,,,,,,,,13.0,56.0,0.0,,,,,,,,,,,,,,,,,,,,,,,
00-0034855,B.Mayfield,Baker Mayfield,QB,QB,,TB,2025,13,REG,,18.0,28.0,194.0,1.0,0.0,,,,,,,,,,,,,,,,,,,,,,,,,,,,,,,,,,,,,
00-0034857,J.Allen,Josh Allen,QB,QB,,BUF,2025,13,REG,,15.0,23.0,123.0,1.0,1.0,,,,,,,,,,,,,,,,,,,,,,,,,,,,,,,,,,,,,
00-0034869,S.Darnold,Sam Darnold,QB,QB,,SEA,2025,13,REG,,14.0,26.0,128.0,0.0,0.0,,,,,,,,,,,,,,,,,,,,,,,,,,,,,,,,,,,,,
00-0034960,J.Meyers,Jakobi Meyers,WR,WR,,JAX,2025,13,REG,,,,,,,,,,,,,,,,,,,,,,,,,,6.0,6.0,90.0,1.0,,,,,,,,,,,,,,
00-0035229,T.Hockenson,T.J. Hockenson,TE,TE,,MIN,2025,13,REG,,,,,,,,,,,,,,,,,,,,,,,,,,6.0,6.0,59.0,0.0,,,,,,,,,,,,,,
00-0035250,D.Singletary,Devin Singletary,RB,RB,,NYG,2025,13,REG,,,,,,,,,,,,,,,,,,12.0,68.0,1.0,,,,,,,,,,,,,,,,,,,,,,,
00-0035261,T.Pollard,Tony Pollard,RB,RB,,TEN,2025,13,REG,,,,,,,,,,,,,,,,,,10.0,60.0,0.0,,,,,,,,,,,,,,,,,,,,,,,
00-0035640,D.Metcalf,DK Metcalf,WR,WR,,PIT,2025,13,REG,,,,,,,,,,,,,,,,,,,,,,,,,,3.0,5.0,32.0,0.0,,,,,,,,,,,,,,
00-0035659,T.McLaurin,Terry McLaurin,WR,WR,,WAS,2025,13,REG,,,,,,,,,,,,,,,,,,,,,,,,,,7.0,14.0,96.0,1.0,,,,,,,,,,,,,,
00-0035676,A.Brown,A.J. Brown,WR,WR,,PHI,2025,13,REG,,,,,,,,,,,,,,,,,,,,,,,,,,10.0,12.0,132.0,2.0,,,,,,,,,,,,,,
00-0035700,J.Jacobs,Josh Jacobs,RB,RB,,GB,2025,13,REG,,,,,,,,,,,,,,,,,,17.0,83.0,0.0,,,,,,,,,,,,,,,,,,,,,,,
00-0035710,D.Jones,Daniel Jones,QB,QB,,IND,2025,13,REG,,14.0,27.0,201.0,2.0,0.0,,,,,,,,,,,,,,,,,,,,,,,,,,,,,,,,,,,,,
00-0035719,D.Samuel,Deebo Samuel Sr.,WR,WR,,WAS,2025,13,REG,,,,,,,,,,,,,,,,,,,,,,,,,,5.0,7.0,64.0,0.0,,,,,,,,,,,,,,
00-0036040,J.Johnson,Juwan Johnson,TE,TE,,NO,2025,13,REG,,,,,,,,,,,,,,,,,,,,,,,,,,5.0,9.0,39.0,0.0,,,,,,,,,,,,,,
00-0036139,R.Dowdle,Rico Dowdle,RB,RB,,CAR,2025,13,REG,,,,,,,,,,,,,,,,,,18.0,58.0,0.0,,,,,,,,,,,,,,,,,,,,,,,
00-0036212,T.Tagovailoa,Tua Tagovailoa,QB,QB,,MIA,2025,13,REG,,12.0,23.0,157.0,0.0,1.0,,,,,,,,,,,,,,,,,,,,,,,,,,,,,,,,,,,,,
00-0036223,J.Taylor,Jonathan Taylor,RB,RB,,IND,2025,13,REG,,,,,,,,,,,,,,,,,,21.0,85.0,0.0,,,,,,,,,,,,,,,,,,,,,,,
00-0036244,C.Parkinson,Colby Parkinson,TE,TE,,LAR,2025,13,REG,,,,,,,,,,,,,,,,,,,,,,,,,,4.0,5.0,27.0,0.0,,,,,,,,,,,,,,
00-0036259,J.Jennings,Jauan Jennings,WR,WR,,SF,2025,13,REG,,,,,,,,,,,,,,,,,,,,,,,,,,4.0,6.0,39.0,1.0,,,,,,,,,,,,,,
00-0036264,J.Love,Jordan Love,QB,QB,,GB,2025,13,REG,,18.0,30.0,234.0,4.0,0.0,,,,,,,,,,,,,,,,,,,,,,,,,,,,,,,,,,,,,
00-0036275,D.Swift,D'Andre Swift,RB,RB,,CHI,2025,13,REG,,,,,,,,,,,,,,,,,,18.0,125.0,1.0,,,,,,,,,,,,,,,,,,,,,,,
00-0036309,D.Mooney,Darnell Mooney,WR,WR,,ATL,2025,13,REG,,,,,,,,,,,,,,,,,,,,,,,,,,2.0,5.0,25.0,0.0,,,,,,,,,,,,,,
00-0036322,J.Jefferson,Justin Jefferson,WR,WR,,MIN,2025,13,REG,,,,,,,,,,,,,,,,,,,,,,,,,,2.0,6.0,4.0,0.0,,,,,,,,,,,,,,
00-0036355,J.Herbert,Justin Herbert,QB,QB,,LAC,2025,13,REG,,15.0,20.0,151.0,2.0,1.0,,,,,,,,,,,,,,,,,,,,,,,,,,,,,,,,,,,,,
00-0036358,C.Lamb,CeeDee Lamb,WR,WR,,DAL,2025,13,REG,,,,,,,,,,,,,,,,,,,,,,,,,,7.0,9.0,112.0,1.0,,,,,,,,,,,,,,
00-0036389,J.Hurts,Jalen Hurts,QB,QB,,PHI,2025,13,REG,,19.0,34.0,230.0,2.0,1.0,,,,,,,,,,,,,,,,,,,,,,,,,,,,,,,,,,,,,
00-0036442,J.Burrow,Joe Burrow,QB,QB,,CIN,2025,13,REG,,24.0,46.0,261.0,2.0,0.0,,,,,,,,,,,,,,,,,,,,,,,,,,,,,,,,,,,,,
00-0036554,N.Collins,Nico Collins,WR,WR,,HOU,2025,13,REG,,,,,,,,,,,,,,,,,,,,,,,,,,5.0,10.0,98.0,0.0,,,,,,,,,,,,,,
00-0036555,C.Hubbard,Chuba Hubbard,RB,RB,,CAR,2025,13,REG,,,,,,,,,,,,,,,,,,17.0,83.0,0.0,,,,,,,,,,,,,,,,,,,,,,,
00-0036613,J.Waddle,Jaylen Waddle,WR,WR,,MIA,2025,13,REG,,,,,,,,,,,,,,,,,,,,,,,,,,3.0,6.0,40.0,0.0,,,,,,,,,,,,,,
00-0036755,J.Patterson,Jaret Patterson,RB,RB,,LAC,2025,13,REG,,,,,,,,,,,,,,,,,,11.0,54.0,1.0,,,,,,,,,,,,,,,,,,,,,,,
00-0036875,R.Stevenson,Rhamondre Stevenson,RB,RB,,NE,2025,13,REG,,,,,,,,,,,,,,,,,,12.0,40.0,0.0,,,,,,,,,,,,,,,,,,,,,,,
00-0036900,J.Chase,Ja'Marr Chase,WR,WR,,CIN,2025,13,REG,,,,,,,,,,,,,,,,,,,,,,,,,,7.0,14.0,110.0,0.0,,,,,,,,,,,,,,
00-0036912,D.Smith,DeVonta Smith,WR,WR,,PHI,2025,13,REG,,,,,,,,,,,,,,,,,,,,,,,,,,5.0,8.0,48.0,0.0,,,,,,,,,,,,,,
00-0036970,K.Pitts,Kyle Pitts,TE,TE,,ATL,2025,13,REG,,,,,,,,,,,,,,,,,,,,,,,,,,7.0,8.0,82.0,0.0,,,,,,,,,,,,,,
00-0036971,T.Lawrence,Trevor Lawrence,QB,QB,,JAX,2025,13,REG,,16.0,27.0,229.0,2.0,0.0,,,,,,,,,,,,,,,,,,,,,,,,,,,,,,,,,,,,,
00-0036973,T.Etienne,Travis Etienne,RB,RB,,JAX,2025,13,REG,,,,,,,,,,,,,,,,,,12.0,28.0,0.0,,,,,,,,,,,,,,,,,,,,,,,
00-0036997,J.Williams,Javonte Williams,RB,RB,,DAL,2025,13,REG,,,,,,,,,,,,,,,,,,17.0,59.0,0.0,,,,,,,,,,,,,,,,,,,,,,,
00-0037157,Z.Knight,Bam Knight,RB,RB,,ARI,2025,13,REG,,,,,,,,,,,,,,,,,,11.0,62.0,0.0,,,,,,,,,,,,,,,,,,,,,,,
00-0037228,J.Warren,Jaylen Warren,RB,RB,,PIT,2025,13,REG,,,,,,,,,,,,,,,,,,10.0,35.0,1.0,,,,,,,,,,,,,,,,,,,,,,,
00-0037239,C.Olave,Chris Olave,WR,WR,,NO,2025,13,REG,,,,,,,,,,,,,,,,,,,,,,,,,,4.0,7.0,47.0,1.0,,,,,,,,,,,,,,
00-0037240,J.Williams,Jameson Williams,WR,WR,,DET,2025,13,REG,,,,,,,,,,,,,,,,,,,,,,,,,,7.0,10.0,144.0,1.0,,,,,,,,,,,,,,
00-0037247,G.Pickens,George Pickens,WR,WR,,DAL,2025,13,REG,,,,,,,,,,,,,,,,,,,,,,,,,,6.0,13.0,88.0,0.0,,,,,,,,,,,,,,
00-0037248,J.Cook,James Cook,RB,RB,,BUF,2025,13,REG,,,,,,,,,,,,,,,,,,32.0,144.0,0.0,,,,,,,,,,,,,,,,,,,,,,,
00-0037614,J.Metchie,John Metchie III,WR,WR,,NYJ,2025,13,REG,,,,,,,,,,,,,,,,,,,,,,,,,,4.0,8.0,19.0,0.0,,,,,,,,,,,,,,
00-0037664,A.Pierce,Alec Pierce,WR,WR,,IND,2025,13,REG,,,,,,,,,,,,,,,,,,,,,,,,,,4.0,5.0,78.0,1.0,,,,,,,,,,,,,,
00-0037744,T.McBride,Trey McBride,TE,TE,,ARI,2025,13,REG,,,,,,,,,,,,,,,,,,,,,,,,,,8.0,9.0,82.0,1.0,,,,,,,,,,,,,,
00-0037809,C.Okonkwo,Chig Okonkwo,TE,TE,,TEN,2025,13,REG,,,,,,,,,,,,,,,,,,,,,,,,,,4.0,5.0,29.0,0.0,,,,,,,,,,,,,,
00-0037834,B.Purdy,Brock Purdy,QB,QB,,SF,2025,13,REG,,16.0,29.0,168.0,1.0,0.0,,,,,,,,,,,,,,,,,,,,,,,,,,,,,,,,,,,,,
00-0037838,I.Likely,Isaiah Likely,TE,TE,,BAL,2025,13,REG,,,,,,,,,,,,,,,,,,,,,,,,,,5.0,6.0,95.0,0.0,,,,,,,,,,,,,,
00-0037840,K.Williams,Kyren Williams,RB,RB,,LAR,2025,13,REG,,,,,,,,,,,,,,,,,,13.0,72.0,1.0,,,,,,,,,,,,,,,,,,,,,,,
00-0038041,J.Ferguson,Jake Ferguson,TE,TE,,DAL,2025,13,REG,,,,,,,,,,,,,,,,,,,,,,,,,,5.0,6.0,36.0,0.0,,,,,,,,,,,,,,
00-0038117,W.Robinson,Wan'Dale Robinson,WR,WR,,NYG,2025,13,REG,,,,,,,,,,,,,,,,,,,,,,,,,,7.0,8.0,34.0,0.0,,,,,,,,,,,,,,
00-0038120,B.Hall,Breece Hall,RB,RB,,NYJ,2025,13,REG,,,,,,,,,,,,,,,,,,19.0,68.0,1.0,,,,,,,,,,,,,,,,,,,,,,,
00-0038124,C.Watson,Christian Watson,WR,WR,,GB,2025,13,REG,,,,,,,,,,,,,,,,,,,,,,,,,,4.0,10.0,80.0,1.0,,,,,,,,,,,,,,
00-0038134,K.Walker,Kenneth Walker III,RB,RB,,SEA,2025,13,REG,,,,,,,,,,,,,,,,,,13.0,56.0,0.0,,,,,,,,,,,,,,,,,,,,,,,
00-0038393,D.Wicks,Dontayvion Wicks,WR,WR,,GB,2025,13,REG,,,,,,,,,,,,,,,,,,,,,,,,,,6.0,7.0,94.0,2.0,,,,,,,,,,,,,,
00-0038542,B.Robinson,Bijan Robinson,RB,RB,,ATL,2025,13,REG,,,,,,,,,,,,,,,,,,23.0,142.0,1.0,,,,,,,,,,,,,,,,,,,,,,,
00-0038559,M.Wilson,Michael Wilson,WR,WR,,ARI,2025,13,REG,,,,,,,,,,,,,,,,,,,,,,,,,,3.0,7.0,36.0,0.0,,,,,,,,,,,,,,
00-0038597,C.Brown,Chase Brown,RB,RB,,CIN,2025,13,REG,,,,,,,,,,,,,,,,,,15.0,78.0,0.0,,,,,,,,,,,,,,,,,,,,,,,
00-0038608,K.Boutte,Kayshon Boutte,WR,WR,,NE,2025,13,REG,,,,,,,,,,,,,,,,,,,,,,,,,,4.0,5.0,35.0,1.0,,,,,,,,,,,,,,
00-0038611,C.Rodriguez,Chris Rodriguez Jr.,RB,RB,,WAS,2025,13,REG,,,,,,,,,,,,,,,,,,11.0,41.0,1.0,,,,,,,,,,,,,,,,,,,,,,,
00-0038618,X.Hutchinson,Xavier Hutchinson,WR,WR,,HOU,2025,13,REG,,,,,,,,,,,,,,,,,,,,,,,,,,2.0,5.0,39.0,0.0,,,,,,,,,,,,,,
00-0038839,M.Tinsley,Mitchell Tinsley,WR,WR,,CIN,2025,13,REG,,,,,,,,,,,,,,,,,,,,,,,,,,2.0,9.0,22.0,0.0,,,,,,,,,,,,,,
00-0038994,J.Addison,Jordan Addison,WR,WR,,MIN,2025,13,REG,,,,,,,,,,,,,,,,,,,,,,,,,,5.0,10.0,36.0,0.0,,,,,,,,,,,,,,
00-0038997,J.Downs,Josh Downs,WR,WR,,IND,2025,13,REG,,,,,,,,,,,,,,,,,,,,,,,,,,2.0,6.0,44.0,0.0,,,,,,,,,,,,,,
00-0039040,D.Achane,De'Von Achane,RB,RB,,MIA,2025,13,REG,,,,,,,,,,,,,,,,,,22.0,134.0,1.0,,,,,,,,,,,,,,,,,,,,,,,
00-0039064,Z.Flowers,Zay Flowers,WR,WR,,BAL,2025,13,REG,,,,,,,,,,,,,,,,,,,,,,,,,,2.0,7.0,6.0,0.0,,,,,,,,,,,,,,
00-0039067,R.Rice,Rashee Rice,WR,WR,,KC,2025,13,REG,,,,,,,,,,,,,,,,,,,,,,,,,,8.0,12.0,92.0,2.0,,,,,,,,,,,,,,
00-0039075,P.Nacua,Puka Nacua,WR,WR,,LAR,2025,13,REG,,,,,,,,,,,,,,,,,,,,,,,,,,6.0,9.0,72.0,0.0,,,,,,,,,,,,,,
00-0039139,J.Gibbs,Jahmyr Gibbs,RB,RB,,DET,2025,13,REG,,,,,,,,,,,,,,,,,,20.0,68.0,0.0,,,,,,,,,,,,,,,,,,,,,,,
00-0039150,B.Young,Bryce Young,QB,QB,,CAR,2025,13,REG,,15.0,20.0,206.0,3.0,0.0,,,,,,,,,,,,,,,,,,,,,,,,,,,,,,,,,,,,,
00-0039163,C.Stroud,C.J. Stroud,QB,QB,,HOU,2025,13,REG,,22.0,35.0,276.0,0.0,1.0,,,,,,,,,,,,,,,,,,,,,,,,,,,,,,,,,,,,,
00-0039165,Z.Charbonnet,Zach Charbonnet,RB,RB,,SEA,2025,13,REG,,,,,,,,,,,,,,,,,,14.0,52.0,1.0,,,,,,,,,,,,,,,,,,,,,,,
00-0039361,B.Irving,Bucky Irving,RB,RB,,TB,2025,13,REG,,,,,,,,,,,,,,,,,,17.0,61.0,1.0,,,,,,,,,,,,,,,,,,,,,,,
00-0039384,T.Tracy,Tyrone Tracy Jr.,RB,RB,,NYG,2025,13,REG,,,,,,,,,,,,,,,,,,10.0,36.0,0.0,,,,,,,,,,,,,,,,,,,,,,,
00-0039391,K.Vidal,Kimani Vidal,RB,RB,,LAC,2025,13,REG,,,,,,,,,,,,,,,,,,25.0,126.0,1.0,,,,,,,,,,,,,,,,,,,,,,,
00-0039424,D.Vele,Devaughn Vele,WR,WR,,NO,2025,13,REG,,,,,,,,,,,,,,,,,,,,,,,,,,8.0,8.0,93.0,1.0,,,,,,,,,,,,,,
00-0039491,J.Coker,Jalen Coker,WR,WR,,CAR,2025,13,REG,,,,,,,,,,,,,,,,,,,,,,,,,,4.0,6.0,74.0,1.0,,,,,,,,,,,,,,
00-0039732,B.Nix,Bo Nix,QB,QB,,DEN,2025,13,REG,,29.0,45.0,321.0,1.0,1.0,,,,,,,,,,,,,,,,,,,,,,,,,,,,,,,,,,,,,
00-0039793,A.Barner,AJ Barner,TE,TE,,SEA,2025,13,REG,,,,,,,,,,,,,,,,,,,,,,,,,,4.0,5.0,35.0,0.0,,,,,,,,,,,,,,
00-0039847,T.Johnson,Theo Johnson,TE,TE,,NYG,2025,13,REG,,,,,,,,,,,,,,,,,,,,,,,,,,3.0,8.0,29.0,0.0,,,,,,,,,,,,,,
00-0039849,M.Harrison,Marvin Harrison Jr.,WR,WR,,ARI,2025,13,REG,,,,,,,,,,,,,,,,,,,,,,,,,,6.0,7.0,69.0,0.0,,,,,,,,,,,,,,
00-0039851,D.Maye,Drake Maye,QB,QB,,NE,2025,13,REG,,24.0,31.0,282.0,2.0,0.0,,,,,,,,,,,,,,,,,,,,,,,,,,,,,,,,,,,,,
00-0039880,M.Washington,Malik Washington,WR,WR,,MIA,2025,13,REG,,,,,,,,,,,,,,,,,,,,,,,,,,4.0,5.0,30.0,0.0,,,,,,,,,,,,,,
00-0039890,A.Mitchell,Adonai Mitchell,WR,WR,,NYJ,2025,13,REG,,,,,,,,,,,,,,,,,,,,,,,,,,8.0,12.0,102.0,1.0,,,,,,,,,,,,,,
00-0039894,X.Worthy,Xavier Worthy,WR,WR,,KC,2025,13,REG,,,,,,,,,,,,,,,,,,,,,,,,,,4.0,6.0,61.0,0.0,,,,,,,,,,,,,,
00-0039915,L.McConkey,Ladd McConkey,WR,WR,,LAC,2025,13,REG,,,,,,,,,,,,,,,,,,,,,,,,,,4.0,6.0,39.0,1.0,,,,,,,,,,,,,,
00-0039918,C.Williams,Caleb Williams,QB,QB,,CHI,2025,13,REG,,17.0,36.0,154.0,1.0,1.0,,,,,,,,,,,,,,,,,,,,,,,,,,,,,,,,,,,,,
00-0039919,R.Odunze,Rome Odunze,WR,WR,,CHI,2025,13,REG,,,,,,,,,,,,,,,,,,,,,,,,,,2.0,6.0,8.0,0.0,,,,,,,,,,,,,,
00-0040122,A.Jeanty,Ashton Jeanty,RB,RB,,LV,2025,13,REG,,,,,,,,,,,,,,,,,,15.0,31.0,0.0,,,,,,,,,,,,,,,,,,,,,,,
00-0040126,C.Loveland,Colston Loveland,TE,TE,,CHI,2025,13,REG,,,,,,,,,,,,,,,,,,,,,,,,,,3.0,6.0,28.0,0.0,,,,,,,,,,,,,,
00-0040129,E.Egbuka,Emeka Egbuka,WR,WR,,TB,2025,13,REG,,,,,,,,,,,,,,,,,,,,,,,,,,4.0,8.0,42.0,0.0,,,,,,,,,,,,,,
00-0040130,J.Higgins,Jayden Higgins,WR,WR,,HOU,2025,13,REG,,,,,,,,,,,,,,,,,,,,,,,,,,5.0,5.0,65.0,0.0,,,,,,,,,,,,,,
00-0040134,P.Bryant,Pat Bryant,WR,WR,,DEN,2025,13,REG,,,,,,,,,,,,,,,,,,,,,,,,,,3.0,7.0,42.0,0.0,,,,,,,,,,,,,,
00-0040170,E.Ayomanor,Elic Ayomanor,WR,WR,,TEN,2025,13,REG,,,,,,,,,,,,,,,,,,,,,,,,,,1.0,5.0,5.0,0.0,,,,,,,,,,,,,,
00-0040202,D.Neal,Devin Neal,RB,RB,,NO,2025,13,REG,,,,,,,,,,,,,,,,,,14.0,47.0,0.0,,,,,,,,,,,,,,,,,,,,,,,
00-0040236,K.Monangai,Kyle Monangai,RB,RB,,CHI,2025,13,REG,,,,,,,,,,,,,,,,,,22.0,130.0,1.0,,,,,,,,,,,,,,,,,,,,,,,
00-0040494,M.Brosmer,Max Brosmer,QB,QB,,MIN,2025,13,REG,,19.0,30.0,126.0,0.0,4.0,,,,,,,,,,,,,,,,,,,,,,,,,,,,,,,,,,,,,
00-0040583,W.Marks,Woody Marks,RB,RB,,HOU,2025,13,REG,,,,,,,,,,,,,,,,,,19.0,64.0,0.0,,,,,,,,,,,,,,,,,,,,,,,
00-0040584,G.Helm,Gunnar Helm,TE,TE,,TEN,2025,13,REG,,,,,,,,,,,,,,,,,,,,,,,,,,6.0,7.0,23.0,0.0,,,,,,,,,,,,,,
00-0040663,H.Fannin,Harold Fannin Jr.,TE,TE,,CLE,2025,13,REG,,,,,,,,,,,,,,,,,,,,,,,,,,3.0,5.0,43.0,1.0,,,,,,,,,,,,,,
00-0040668,S.Sanders,Shedeur Sanders,QB,QB,,CLE,2025,13,REG,,16.0,25.0,149.0,1.0,0.0,,,,,,,,,,,,,,,,,,,,,,,,,,,,,,,,,,,,,
00-0040676,C.Ward,Cam Ward,QB,QB,,TEN,2025,13,REG,,24.0,38.0,141.0,0.0,0.0,,,,,,,,,,,,,,,,,,,,,,,,,,,,,,,,,,,,,
00-0040691,J.Dart,Jaxson Dart,QB,QB,,NYG,2025,13,REG,,17.0,24.0,139.0,1.0,0.0,,,,,,,,,,,,,,,,,,,,,,,,,,,,,,,,,,,,,
00-0040730,R.Harvey,RJ Harvey,RB,RB,,DEN,2025,13,REG,,,,,,,,,,,,,,,,,,13.0,35.0,2.0,,,,,,,,,,,,,,,,,,,,,,,
00-0040734,T.Henderson,TreVeyon Henderson,RB,RB,,NE,2025,13,REG,,,,,,,,,,,,,,,,,,11.0,67.0,0.0,,,,,,,,,,,,,,,,,,,,,,,
00-0040735,L.Burden,Luther Burden III,WR,WR,,CHI,2025,13,REG,,,,,,,,,,,,,,,,,,,,,,,,,,4.0,6.0,33.0,0.0,,,,,,,,,,,,,,
00-0040743,T.Shough,Tyler Shough,QB,QB,,NO,2025,13,REG,,26.0,38.0,239.0,2.0,1.0,,,,,,,,,,,,,,,,,,,,,,,,,,,,,,,,,,,,,
00-0040784,Q.Judkins,Quinshon Judkins,RB,RB,,CLE,2025,13,REG,,,,,,,,,,,,,,,,,,23.0,91.0,0.0,,,,,,,,,,,,,,,,,,,,,,,
00-0023459,A.Rodgers,Aaron Rodgers,QB,QB,,PIT,2025,14,REG,,23.0,34.0,284.0,1.0,0.0,,,,,,,,,,,,,,,,,,,,,,,,,,,,,,,,,,,,,
00-0026498,M.Stafford,Matthew Stafford,QB,QB,,LAR,2025,14,REG,,22.0,31.0,281.0,3.0,0.0,,,,,,,,,,,,,,,,,,,,,,,,,,,,,,,,,,,,,
00-0029604,K.Cousins,Kirk Cousins,QB,QB,,ATL,2025,14,REG,,15.0,30.0,162.0,0.0,2.0,,,,,,,,,,,,,,,,,,,,,,,,,,,,,,,,,,,,,
00-0030506,T.Kelce,Travis Kelce,TE,TE,,KC,2025,14,REG,,,,,,,,,,,,,,,,,,,,,,,,,,1.0,5.0,8.0,0.0,,,,,,,,,,,,,,
00-0030565,G.Smith,Geno Smith,QB,QB,,LV,2025,14,REG,,13.0,21.0,116.0,1.0,0.0,,,,,,,,,,,,,,,,,,,,,,,,,,,,,,,,,,,,,
00-0031381,D.Adams,Davante Adams,WR,WR,,LAR,2025,14,REG,,,,,,,,,,,,,,,,,,,,,,,,,,4.0,6.0,29.0,0.0,,,,,,,,,,,,,,
00-0032764,D.Henry,Derrick Henry,RB,RB,,BAL,2025,14,REG,,,,,,,,,,,,,,,,,,25.0,94.0,0.0,,,,,,,,,,,,,,,,,,,,,,,
00-0033077,D.Prescott,Dak Prescott,QB,QB,,DAL,2025,14,REG,,31.0,47.0,376.0,1.0,2.0,,,,,,,,,,,,,,,,,,,,,,,,,,,,,,,,,,,,,
00-0033106,J.Goff,Jared Goff,QB,QB,,DET,2025,14,REG,,25.0,34.0,309.0,1.0,0.0,,,,,,,,,,,,,,,,,,,,,,,,,,,,,,,,,,,,,
00-0033119,J.Brissett,Jacoby Brissett,QB,QB,,ARI,2025,14,REG,,25.0,44.0,271.0,2.0,1.0,,,,,,,,,,,,,,,,,,,,,,,,,,,,,,,,,,,,,
00-0033293,A.Jones,Aaron Jones,RB,RB,,MIN,2025,14,REG,,,,,,,,,,,,,,,,,,14.0,76.0,0.0,,,,,,,,,,,,,,,,,,,,,,,
00-0033375,T.Patrick,Tim Patrick,WR,WR,,JAX,2025,14,REG,,,,,,,,,,,,,,,,,,,,,,,,,,5.0,6.0,78.0,1.0,,,,,,,,,,,,,,
00-0033873,P.Mahomes,Patrick Mahomes,QB,QB,,KC,2025,14,REG,,14.0,33.0,160.0,0.0,3.0,,,,,,,,,,,,,,,,,,,,,,,,,,,,,,,,,,,,,
00-0033921,C.Godwin,Chris Godwin Jr.,WR,WR,,TB,2025,14,REG,,,,,,,,,,,,,,,,,,,,,,,,,,5.0,8.0,55.0,0.0,,,,,,,,,,,,,,
00-0033923,K.Hunt,Kareem Hunt,RB,RB,,KC,2025,14,REG,,,,,,,,,,,,,,,,,,12.0,30.0,1.0,,,,,,,,,,,,,,,,,,,,,,,
00-0034348,C.Sutton,Courtland Sutton,WR,WR,,DEN,2025,14,REG,,,,,,,,,,,,,,,,,,,,,,,,,,6.0,10.0,62.0,0.0,,,,,,,,,,,,,,
00-0034351,D.Goedert,Dallas Goedert,TE,TE,,PHI,2025,14,REG,,,,,,,,,,,,,,,,,,,,,,,,,,8.0,10.0,78.0,0.0,,,,,,,,,,,,,,
00-0034753,M.Andrews,Mark Andrews,TE,TE,,BAL,2025,14,REG,,,,,,,,,,,,,,,,,,,,,,,,,,1.0,5.0,9.0,0.0,,,,,,,,,,,,,,
00-0034796,L.Jackson,Lamar Jackson,QB,QB,,BAL,2025,14,REG,,19.0,35.0,219.0,1.0,1.0,,,,,,,,,,,,,,,,,,,,,,,,,,,,,,,,,,,,,
00-0034829,M.Gesicki,Mike Gesicki,TE,TE,,CIN,2025,14,REG,,,,,,,,,,,,,,,,,,,,,,,,,,6.0,6.0,86.0,1.0,,,,,,,,,,,,,,
00-0034844,S.Barkley,Saquon Barkley,RB,RB,,PHI,2025,14,REG,,,,,,,,,,,,,,,,,,20.0,122.0,1.0,,,,,,,,,,,,,,,,,,,,,,,
00-0034855,B.Mayfield,Baker Mayfield,QB,QB,,TB,2025,14,REG,,14.0,30.0,122.0,1.0,1.0,,,,,,,,,,,,,,,,,,,,,,,,,,,,,,,,,,,,,
00-0034857,J.Allen,Josh Allen,QB,QB,,BUF,2025,14,REG,,22.0,28.0,251.0,3.0,0.0,,,,,,,,,,,,,,,,,,,,,,,,,,,,,,,,,,,,,
00-0034869,S.Darnold,Sam Darnold,QB,QB,,SEA,2025,14,REG,,20.0,30.0,249.0,3.0,1.0,,,,,,,,,,,,,,,,,,,,,,,,,,,,,,,,,,,,,
00-0034960,J.Meyers,Jakobi Meyers,WR,WR,,JAX,2025,14,REG,,,,,,,,,,,,,,,,,,,,,,,,,,4.0,10.0,39.0,1.0,,,,,,,,,,,,,,
00-0035261,T.Pollard,Tony Pollard,RB,RB,,TEN,2025,14,REG,,,,,,,,,,,,,,,,,,25.0,161.0,2.0,,,,,,,,,,,,,,,,,,,,,,,
00-0035640,D.Metcalf,DK Metcalf,WR,WR,,PIT,2025,14,REG,,,,,,,,,,,,,,,,,,,,,,,,,,7.0,12.0,148.0,0.0,,,,,,,,,,,,,,
00-0035659,T.McLaurin,Terry McLaurin,WR,WR,,WAS,2025,14,REG,,,,,,,,,,,,,,,,,,,,,,,,,,3.0,6.0,41.0,0.0,,,,,,,,,,,,,,
00-0035676,A.Brown,A.J. Brown,WR,WR,,PHI,2025,14,REG,,,,,,,,,,,,,,,,,,,,,,,,,,6.0,13.0,100.0,0.0,,,,,,,,,,,,,,
00-0035689,D.Knox,Dawson Knox,TE,TE,,BUF,2025,14,REG,,,,,,,,,,,,,,,,,,,,,,,,,,6.0,7.0,93.0,0.0,,,,,,,,,,,,,,
00-0035700,J.Jacobs,Josh Jacobs,RB,RB,,GB,2025,14,REG,,,,,,,,,,,,,,,,,,20.0,86.0,1.0,,,,,,,,,,,,,,,,,,,,,,,
00-0035719,D.Samuel,Deebo Samuel Sr.,WR,WR,,WAS,2025,14,REG,,,,,,,,,,,,,,,,,,,,,,,,,,4.0,6.0,27.0,0.0,,,,,,,,,,,,,,
00-0036212,T.Tagovailoa,Tua Tagovailoa,QB,QB,,MIA,2025,14,REG,,13.0,21.0,127.0,1.0,0.0,,,,,,,,,,,,,,,,,,,,,,,,,,,,,,,,,,,,,
00-0036223,J.Taylor,Jonathan Taylor,RB,RB,,IND,2025,14,REG,,,,,,,,,,,,,,,,,,21.0,74.0,1.0,,,,,,,,,,,,,,,,,,,,,,,
00-0036244,C.Parkinson,Colby Parkinson,TE,TE,,LAR,2025,14,REG,,,,,,,,,,,,,,,,,,,,,,,,,,3.0,5.0,32.0,1.0,,,,,,,,,,,,,,
00-0036252,M.Pittman,Michael Pittman,WR,WR,,IND,2025,14,REG,,,,,,,,,,,,,,,,,,,,,,,,,,9.0,12.0,79.0,0.0,,,,,,,,,,,,,,
00-0036264,J.Love,Jordan Love,QB,QB,,GB,2025,14,REG,,17.0,25.0,234.0,3.0,1.0,,,,,,,,,,,,,,,,,,,,,,,,,,,,,,,,,,,,,
00-0036275,D.Swift,D'Andre Swift,RB,RB,,CHI,2025,14,REG,,,,,,,,,,,,,,,,,,13.0,63.0,0.0,,,,,,,,,,,,,,,,,,,,,,,
00-0036355,J.Herbert,Justin Herbert,QB,QB,,LAC,2025,14,REG,,12.0,26.0,139.0,1.0,1.0,,,,,,,,,,,,,,,,,,,,,,,,,,,,,,,,,,,,,
00-0036358,C.Lamb,CeeDee Lamb,WR,WR,,DAL,2025,14,REG,,,,,,,,,,,,,,,,,,,,,,,,,,6.0,8.0,121.0,0.0,,,,,,,,,,,,,,
00-0036389,J.Hurts,Jalen Hurts,QB,QB,,PHI,2025,14,REG,,21.0,40.0,240.0,0.0,4.0,,,,,,,,,,,,,,,,,,,,,,,,,,,,,,,,,,,,,
00-0036407,J.Jeudy,Jerry Jeudy,WR,WR,,CLE,2025,14,REG,,,,,,,,,,,,,,,,,,,,,,,,,,3.0,5.0,76.0,1.0,,,,,,,,,,,,,,
00-0036410,T.Higgins,Tee Higgins,WR,WR,,CIN,2025,14,REG,,,,,,,,,,,,,,,,,,,,,,,,,,6.0,11.0,92.0,2.0,,,,,,,,,,,,,,
00-0036442,J.Burrow,Joe Burrow,QB,QB,,CIN,2025,14,REG,,25.0,36.0,284.0,4.0,2.0,,,,,,,,,,,,,,,,,,,,,,,,,,,,,,,,,,,,,
00-0036554,N.Collins,Nico Collins,WR,WR,,HOU,2025,14,REG,,,,,,,,,,,,,,,,,,,,,,,,,,4.0,8.0,121.0,0.0,,,,,,,,,,,,,,
00-0036613,J.Waddle,Jaylen Waddle,WR,WR,,MIA,2025,14,REG,,,,,,,,,,,,,,,,,,,,,,,,,,5.0,7.0,50.0,1.0,,,,,,,,,,,,,,
00-0036900,J.Chase,Ja'Marr Chase,WR,WR,,CIN,2025,14,REG,,,,,,,,,,,,,,,,,,,,,,,,,,5.0,8.0,44.0,0.0,,,,,,,,,,,,,,
00-0036912,D.Smith,DeVonta Smith,WR,WR,,PHI,2025,14,REG,,,,,,,,,,,,,,,,,,,,,,,,,,4.0,8.0,37.0,0.0,,,,,,,,,,,,,,
00-0036963,A.St. Brown,Amon-Ra St. Brown,WR,WR,,DET,2025,14,REG,,,,,,,,,,,,,,,,,,,,,,,,,,6.0,9.0,92.0,0.0,,,,,,,,,,,,,,
00-0036970,K.Pitts,Kyle Pitts,TE,TE,,ATL,2025,14,REG,,,,,,,,,,,,,,,,,,,,,,,,,,6.0,10.0,90.0,0.0,,,,,,,,,,,,,,
00-0036971,T.Lawrence,Trevor Lawrence,QB,QB,,JAX,2025,14,REG,,17.0,30.0,244.0,2.0,0.0,,,,,,,,,,,,,,,,,,,,,,,,,,,,,,,,,,,,,
00-0036973,T.Etienne,Travis Etienne,RB,RB,,JAX,2025,14,REG,,,,,,,,,,,,,,,,,,20.0,74.0,2.0,,,,,,,,,,,,,,,,,,,,,,,
00-0036997,J.Williams,Javonte Williams,RB,RB,,DAL,2025,14,REG,,,,,,,,,,,,,,,,,,17.0,67.0,1.0,,,,,,,,,,,,,,,,,,,,,,,
00-0037239,C.Olave,Chris Olave,WR,WR,,NO,2025,14,REG,,,,,,,,,,,,,,,,,,,,,,,,,,3.0,5.0,30.0,0.0,,,,,,,,,,,,,,
00-0037240,J.Williams,Jameson Williams,WR,WR,,DET,2025,14,REG,,,,,,,,,,,,,,,,,,,,,,,,,,7.0,9.0,96.0,0.0,,,,,,,,,,,,,,
00-0037247,G.Pickens,George Pickens,WR,WR,,DAL,2025,14,REG,,,,,,,,,,,,,,,,,,,,,,,,,,5.0,9.0,37.0,0.0,,,,,,,,,,,,,,
00-0037248,J.Cook,James Cook,RB,RB,,BUF,2025,14,REG,,,,,,,,,,,,,,,,,,18.0,80.0,0.0,,,,,,,,,,,,,,,,,,,,,,,
00-0037256,R.White,Rachaad White,RB,RB,,TB,2025,14,REG,,,,,,,,,,,,,,,,,,11.0,53.0,0.0,,,,,,,,,,,,,,,,,,,,,,,
00-0037263,T.Allgeier,Tyler Allgeier,RB,RB,,ATL,2025,14,REG,,,,,,,,,,,,,,,,,,11.0,34.0,0.0,,,,,,,,,,,,,,,,,,,,,,,
00-0037525,J.Mason,Jordan Mason,RB,RB,,MIN,2025,14,REG,,,,,,,,,,,,,,,,,,11.0,52.0,1.0,,,,,,,,,,,,,,,,,,,,,,,
00-0037545,R.Shaheed,Rashid Shaheed,WR,WR,,SEA,2025,14,REG,,,,,,,,,,,,,,,,,,,,,,,,,,4.0,5.0,67.0,0.0,,,,,,,,,,,,,,
00-0037614,J.Metchie,John Metchie III,WR,WR,,NYJ,2025,14,REG,,,,,,,,,,,,,,,,,,,,,,,,,,4.0,8.0,34.0,0.0,,,,,,,,,,,,,,
00-0037664,A.Pierce,Alec Pierce,WR,WR,,IND,2025,14,REG,,,,,,,,,,,,,,,,,,,,,,,,,,5.0,8.0,80.0,0.0,,,,,,,,,,,,,,
00-0037744,T.McBride,Trey McBride,TE,TE,,ARI,2025,14,REG,,,,,,,,,,,,,,,,,,,,,,,,,,5.0,9.0,58.0,0.0,,,,,,,,,,,,,,
00-0037838,I.Likely,Isaiah Likely,TE,TE,,BAL,2025,14,REG,,,,,,,,,,,,,,,,,,,,,,,,,,4.0,6.0,25.0,1.0,,,,,,,,,,,,,,
00-0037840,K.Williams,Kyren Williams,RB,RB,,LAR,2025,14,REG,,,,,,,,,,,,,,,,,,13.0,84.0,1.0,,,,,,,,,,,,,,,,,,,,,,,
00-0038041,J.Ferguson,Jake Ferguson,TE,TE,,DAL,2025,14,REG,,,,,,,,,,,,,,,,,,,,,,,,,,5.0,7.0,58.0,0.0,,,,,,,,,,,,,,
00-0038120,B.Hall,Breece Hall,RB,RB,,NYJ,2025,14,REG,,,,,,,,,,,,,,,,,,14.0,43.0,0.0,,,,,,,,,,,,,,,,,,,,,,,
00-0038134,K.Walker,Kenneth Walker III,RB,RB,,SEA,2025,14,REG,,,,,,,,,,,,,,,,,,10.0,29.0,0.0,,,,,,,,,,,,,,,,,,,,,,,
00-0038542,B.Robinson,Bijan Robinson,RB,RB,,ATL,2025,14,REG,,,,,,,,,,,,,,,,,,20.0,86.0,0.0,,,,,,,,,,,,,,,,,,,,,,,
00-0038543,J.Smith-Njigba,Jaxon Smith-Njigba,WR,WR,,SEA,2025,14,REG,,,,,,,,,,,,,,,,,,,,,,,,,,7.0,10.0,92.0,2.0,,,,,,,,,,,,,,
00-0038559,M.Wilson,Michael Wilson,WR,WR,,ARI,2025,14,REG,,,,,,,,,,,,,,,,,,,,,,,,,,11.0,16.0,142.0,2.0,,,,,,,,,,,,,,
00-0038563,T.Tucker,Tre Tucker,WR,WR,,LV,2025,14,REG,,,,,,,,,,,,,,,,,,,,,,,,,,2.0,5.0,24.0,0.0,,,,,,,,,,,,,,
00-0038597,C.Brown,Chase Brown,RB,RB,,CIN,2025,14,REG,,,,,,,,,,,,,,,,,,12.0,23.0,1.0,,,,,,,,,,,,,,,,,,,,,,,
00-0038611,C.Rodriguez,Chris Rodriguez Jr.,RB,RB,,WAS,2025,14,REG,,,,,,,,,,,,,,,,,,10.0,52.0,0.0,,,,,,,,,,,,,,,,,,,,,,,
00-0038933,D.Kincaid,Dalton Kincaid,TE,TE,,BUF,2025,14,REG,,,,,,,,,,,,,,,,,,,,,,,,,,4.0,5.0,41.0,1.0,,,,,,,,,,,,,,
00-0038935,B.Strange,Brenton Strange,TE,TE,,JAX,2025,14,REG,,,,,,,,,,,,,,,,,,,,,,,,,,3.0,6.0,27.0,0.0,,,,,,,,,,,,,,
00-0038953,D.Drummond,Dylan Drummond,WR,WR,,ATL,2025,14,REG,,,,,,,,,,,,,,,,,,,,,,,,,,3.0,5.0,21.0,0.0,,,,,,,,,,,,,,
00-0038994,J.Addison,Jordan Addison,WR,WR,,MIN,2025,14,REG,,,,,,,,,,,,,,,,,,,,,,,,,,4.0,7.0,62.0,0.0,,,,,,,,,,,,,,
00-0038997,J.Downs,Josh Downs,WR,WR,,IND,2025,14,REG,,,,,,,,,,,,,,,,,,,,,,,,,,4.0,5.0,23.0,0.0,,,,,,,,,,,,,,
00-0039064,Z.Flowers,Zay Flowers,WR,WR,,BAL,2025,14,REG,,,,,,,,,,,,,,,,,,,,,,,,,,8.0,11.0,124.0,0.0,,,,,,,,,,,,,,
00-0039067,R.Rice,Rashee Rice,WR,WR,,KC,2025,14,REG,,,,,,,,,,,,,,,,,,,,,,,,,,4.0,8.0,34.0,0.0,,,,,,,,,,,,,,
00-0039075,P.Nacua,Puka Nacua,WR,WR,,LAR,2025,14,REG,,,,,,,,,,,,,,,,,,,,,,,,,,7.0,11.0,167.0,2.0,,,,,,,,,,,,,,
00-0039139,J.Gibbs,Jahmyr Gibbs,RB,RB,,DET,2025,14,REG,,,,,,,,,,,,,,,,,,12.0,43.0,3.0,,,,,,,,,,,,,,,,,,,,,,,
00-0039163,C.Stroud,C.J. Stroud,QB,QB,,HOU,2025,14,REG,,15.0,31.0,203.0,1.0,0.0,,,,,,,,,,,,,,,,,,,,,,,,,,,,,,,,,,,,,
00-0039338,B.Bowers,Brock Bowers,TE,TE,,LV,2025,14,REG,,,,,,,,,,,,,,,,,,,,,,,,,,4.0,5.0,46.0,1.0,,,,,,,,,,,,,,
00-0039361,B.Irving,Bucky Irving,RB,RB,,TB,2025,14,REG,,,,,,,,,,,,,,,,,,15.0,55.0,0.0,,,,,,,,,,,,,,,,,,,,,,,
00-0039391,K.Vidal,Kimani Vidal,RB,RB,,LAC,2025,14,REG,,,,,,,,,,,,,,,,,,14.0,44.0,0.0,,,,,,,,,,,,,,,,,,,,,,,
00-0039410,R.Flournoy,Ryan Flournoy,WR,WR,,DAL,2025,14,REG,,,,,,,,,,,,,,,,,,,,,,,,,,9.0,13.0,115.0,1.0,,,,,,,,,,,,,,
00-0039424,D.Vele,Devaughn Vele,WR,WR,,NO,2025,14,REG,,,,,,,,,,,,,,,,,,,,,,,,,,3.0,5.0,40.0,0.0,,,,,,,,,,,,,,
00-0039732,B.Nix,Bo Nix,QB,QB,,DEN,2025,14,REG,,31.0,38.0,212.0,0.0,0.0,,,,,,,,,,,,,,,,,,,,,,,,,,,,,,,,,,,,,
00-0039738,B.Corum,Blake Corum,RB,RB,,LAR,2025,14,REG,,,,,,,,,,,,,,,,,,12.0,128.0,2.0,,,,,,,,,,,,,,,,,,,,,,,
00-0039874,J.Wright,Jaylen Wright,RB,RB,,MIA,2025,14,REG,,,,,,,,,,,,,,,,,,24.0,107.0,1.0,,,,,,,,,,,,,,,,,,,,,,,
00-0039890,A.Mitchell,Adonai Mitchell,WR,WR,,NYJ,2025,14,REG,,,,,,,,,,,,,,,,,,,,,,,,,,1.0,6.0,24.0,0.0,,,,,,,,,,,,,,
00-0039893,B.Thomas,Brian Thomas Jr.,WR,WR,,JAX,2025,14,REG,,,,,,,,,,,,,,,,,,,,,,,,,,3.0,6.0,87.0,0.0,,,,,,,,,,,,,,
00-0039910,J.Daniels,Jayden Daniels,QB,QB,,WAS,2025,14,REG,,9.0,20.0,78.0,0.0,1.0,,,,,,,,,,,,,,,,,,,,,,,,,,,,,,,,,,,,,
00-0039915,L.McConkey,Ladd McConkey,WR,WR,,LAC,2025,14,REG,,,,,,,,,,,,,,,,,,,,,,,,,,1.0,5.0,12.0,0.0,,,,,,,,,,,,,,
00-0039918,C.Williams,Caleb Williams,QB,QB,,CHI,2025,14,REG,,19.0,35.0,186.0,2.0,1.0,,,,,,,,,,,,,,,,,,,,,,,,,,,,,,,,,,,,,
00-0039923,J.McCarthy,J.J. McCarthy,QB,QB,,MIN,2025,14,REG,,16.0,23.0,163.0,3.0,0.0,,,,,,,,,,,,,,,,,,,,,,,,,,,,,,,,,,,,,
00-0040122,A.Jeanty,Ashton Jeanty,RB,RB,,LV,2025,14,REG,,,,,,,,,,,,,,,,,,10.0,30.0,0.0,,,,,,,,,,,,,,,,,,,,,,,
00-0040126,C.Loveland,Colston Loveland,TE,TE,,CHI,2025,14,REG,,,,,,,,,,,,,,,,,,,,,,,,,,4.0,5.0,29.0,1.0,,,,,,,,,,,,,,
00-0040128,T.Warren,Tyler Warren,TE,TE,,IND,2025,14,REG,,,,,,,,,,,,,,,,,,,,,,,,,,2.0,6.0,15.0,0.0,,,,,,,,,,,,,,
00-0040129,E.Egbuka,Emeka Egbuka,WR,WR,,TB,2025,14,REG,,,,,,,,,,,,,,,,,,,,,,,,,,2.0,9.0,15.0,0.0,,,,,,,,,,,,,,
00-0040130,J.Higgins,Jayden Higgins,WR,WR,,HOU,2025,14,REG,,,,,,,,,,,,,,,,,,,,,,,,,,3.0,5.0,34.0,0.0,,,,,,,,,,,,,,
00-0040202,D.Neal,Devin Neal,RB,RB,,NO,2025,14,REG,,,,,,,,,,,,,,,,,,19.0,70.0,1.0,,,,,,,,,,,,,,,,,,,,,,,
00-0040206,R.Leonard,Riley Leonard,QB,QB,,IND,2025,14,REG,,18.0,29.0,145.0,0.0,1.0,,,,,,,,,,,,,,,,,,,,,,,,,,,,,,,,,,,,,
00-0040236,K.Monangai,Kyle Monangai,RB,RB,,CHI,2025,14,REG,,,,,,,,,,,,,,,,,,14.0,57.0,0.0,,,,,,,,,,,,,,,,,,,,,,,
00-0040398,B.Cook,Brady Cook,QB,QB,,NYJ,2025,14,REG,,14.0,30.0,163.0,0.0,2.0,,,,,,,,,,,,,,,,,,,,,,,,,,,,,,,,,,,,,
00-0040583,W.Marks,Woody Marks,RB,RB,,HOU,2025,14,REG,,,,,,,,,,,,,,,,,,26.0,68.0,0.0,,,,,,,,,,,,,,,,,,,,,,,
00-0040663,H.Fannin,Harold Fannin Jr.,TE,TE,,CLE,2025,14,REG,,,,,,,,,,,,,,,,,,,,,,,,,,8.0,11.0,114.0,1.0,,,,,,,,,,,,,,
00-0040666,O.Hampton,Omarion Hampton,RB,RB,,LAC,2025,14,REG,,,,,,,,,,,,,,,,,,13.0,56.0,0.0,,,,,,,,,,,,,,,,,,,,,,,
00-0040668,S.Sanders,Shedeur Sanders,QB,QB,,CLE,2025,14,REG,,23.0,42.0,364.0,3.0,1.0,,,,,,,,,,,,,,,,,,,,,,,,,,,,,,,,,,,,,
00-0040676,C.Ward,Cam Ward,QB,QB,,TEN,2025,14,REG,,14.0,28.0,117.0,2.0,1.0,,,,,,,,,,,,,,,,,,,,,,,,,,,,,,,,,,,,,
00-0040705,C.Dike,Chimere Dike,WR,WR,,TEN,2025,14,REG,,,,,,,,,,,,,,,,,,,,,,,,,,5.0,8.0,24.0,1.0,,,,,,,,,,,,,,
00-0040729,J.Bech,Jack Bech,WR,WR,,LV,2025,14,REG,,,,,,,,,,,,,,,,,,,,,,,,,,6.0,6.0,50.0,0.0,,,,,,,,,,,,,,
00-0040730,R.Harvey,RJ Harvey,RB,RB,,DEN,2025,14,REG,,,,,,,,,,,,,,,,,,17.0,75.0,1.0,,,,,,,,,,,,,,,,,,,,,,,
00-0040735,L.Burden,Luther Burden III,WR,WR,,CHI,2025,14,REG,,,,,,,,,,,,,,,,,,,,,,,,,,4.0,6.0,67.0,0.0,,,,,,,,,,,,,,
00-0040736,M.Taylor,Mason Taylor,TE,TE,,NYJ,2025,14,REG,,,,,,,,,,,,,,,,,,,,,,,,,,5.0,8.0,51.0,0.0,,,,,,,,,,,,,,
00-0040743,T.Shough,Tyler Shough,QB,QB,,NO,2025,14,REG,,13.0,20.0,144.0,0.0,1.0,,,,,,,,,,,,,,,,,,,,,,,,,,,,,,,,,,,,,
00-0040784,Q.Judkins,Quinshon Judkins,RB,RB,,CLE,2025,14,REG,,,,,,,,,,,,,,,,,,14.0,26.0,0.0,,,,,,,,,,,,,,,,,,,,,,,
00-0022942,P.Rivers,Philip Rivers,QB,QB,,IND,2025,15,REG,,18.0,27.0,120.0,1.0,1.0,,,,,,,,,,,,,,,,,,,,,,,,,,,,,,,,,,,,,
00-0023459,A.Rodgers,Aaron Rodgers,QB,QB,,PIT,2025,15,REG,,23.0,27.0,224.0,2.0,0.0,,,,,,,,,,,,,,,,,,,,,,,,,,,,,,,,,,,,,
00-0026498,M.Stafford,Matthew Stafford,QB,QB,,LAR,2025,15,REG,,24.0,38.0,368.0,2.0,1.0,,,,,,,,,,,,,,,,,,,,,,,,,,,,,,,,,,,,,
00-0029604,K.Cousins,Kirk Cousins,QB,QB,,ATL,2025,15,REG,,30.0,44.0,373.0,3.0,0.0,,,,,,,,,,,,,,,,,,,,,,,,,,,,,,,,,,,,,
00-0030279,K.Allen,Keenan Allen,WR,WR,,LAC,2025,15,REG,,,,,,,,,,,,,,,,,,,,,,,,,,5.0,7.0,36.0,0.0,,,,,,,,,,,,,,
00-0030506,T.Kelce,Travis Kelce,TE,TE,,KC,2025,15,REG,,,,,,,,,,,,,,,,,,,,,,,,,,7.0,9.0,70.0,0.0,,,,,,,,,,,,,,
00-0031381,D.Adams,Davante Adams,WR,WR,,LAR,2025,15,REG,,,,,,,,,,,,,,,,,,,,,,,,,,4.0,9.0,71.0,0.0,,,,,,,,,,,,,,
00-0031408,M.Evans,Mike Evans,WR,WR,,TB,2025,15,REG,,,,,,,,,,,,,,,,,,,,,,,,,,6.0,12.0,132.0,0.0,,,,,,,,,,,,,,
00-0031610,D.Waller,Darren Waller,TE,TE,,MIA,2025,15,REG,,,,,,,,,,,,,,,,,,,,,,,,,,7.0,8.0,66.0,2.0,,,,,,,,,,,,,,
00-0032268,M.Mariota,Marcus Mariota,QB,QB,,WAS,2025,15,REG,,10.0,19.0,211.0,1.0,0.0,,,,,,,,,,,,,,,,,,,,,,,,,,,,,,,,,,,,,
00-0032764,D.Henry,Derrick Henry,RB,RB,,BAL,2025,15,REG,,,,,,,,,,,,,,,,,,11.0,100.0,0.0,,,,,,,,,,,,,,,,,,,,,,,
00-0033077,D.Prescott,Dak Prescott,QB,QB,,DAL,2025,15,REG,,23.0,38.0,294.0,0.0,0.0,,,,,,,,,,,,,,,,,,,,,,,,,,,,,,,,,,,,,
00-0033106,J.Goff,Jared Goff,QB,QB,,DET,2025,15,REG,,25.0,41.0,338.0,3.0,0.0,,,,,,,,,,,,,,,,,,,,,,,,,,,,,,,,,,,,,
00-0033119,J.Brissett,Jacoby Brissett,QB,QB,,ARI,2025,15,REG,,27.0,40.0,249.0,3.0,1.0,,,,,,,,,,,,,,,,,,,,,,,,,,,,,,,,,,,,,
00-0033280,C.McCaffrey,Christian McCaffrey,RB,RB,,SF,2025,15,REG,,,,,,,,,,,,,,,,,,22.0,73.0,1.0,,,,,,,,,,,,,,,,,,,,,,,
00-0033288,G.Kittle,George Kittle,TE,TE,,SF,2025,15,REG,,,,,,,,,,,,,,,,,,,,,,,,,,8.0,9.0,88.0,1.0,,,,,,,,,,,,,,
00-0033293,A.Jones,Aaron Jones,RB,RB,,MIN,2025,15,REG,,,,,,,,,,,,,,,,,,12.0,34.0,0.0,,,,,,,,,,,,,,,,,,,,,,,
00-0033526,S.Perine,Samaje Perine,RB,RB,,CIN,2025,15,REG,,,,,,,,,,,,,,,,,,14.0,42.0,0.0,,,,,,,,,,,,,,,,,,,,,,,
00-0033555,M.Hollins,Mack Hollins,WR,WR,,NE,2025,15,REG,,,,,,,,,,,,,,,,,,,,,,,,,,4.0,8.0,41.0,0.0,,,,,,,,,,,,,,
00-0033873,P.Mahomes,Patrick Mahomes,QB,QB,,KC,2025,15,REG,,16.0,28.0,189.0,0.0,1.0,,,,,,,,,,,,,,,,,,,,,,,,,,,,,,,,,,,,,
00-0033908,C.Kupp,Cooper Kupp,WR,WR,,SEA,2025,15,REG,,,,,,,,,,,,,,,,,,,,,,,,,,5.0,7.0,46.0,0.0,,,,,,,,,,,,,,
00-0033921,C.Godwin,Chris Godwin Jr.,WR,WR,,TB,2025,15,REG,,,,,,,,,,,,,,,,,,,,,,,,,,4.0,5.0,20.0,1.0,,,,,,,,,,,,,,
00-0034348,C.Sutton,Courtland Sutton,WR,WR,,DEN,2025,15,REG,,,,,,,,,,,,,,,,,,,,,,,,,,7.0,10.0,113.0,1.0,,,,,,,,,,,,,,
00-0034351,D.Goedert,Dallas Goedert,TE,TE,,PHI,2025,15,REG,,,,,,,,,,,,,,,,,,,,,,,,,,6.0,7.0,70.0,2.0,,,,,,,,,,,,,,
00-0034383,D.Schultz,Dalton Schultz,TE,TE,,HOU,2025,15,REG,,,,,,,,,,,,,,,,,,,,,,,,,,8.0,9.0,76.0,1.0,,,,,,,,,,,,,,
00-0034613,T.Hudson,Tanner Hudson,TE,TE,,CIN,2025,15,REG,,,,,,,,,,,,,,,,,,,,,,,,,,3.0,5.0,16.0,0.0,,,,,,,,,,,,,,
00-0034827,D.Moore,DJ Moore,WR,WR,,CHI,2025,15,REG,,,,,,,,,,,,,,,,,,,,,,,,,,4.0,5.0,65.0,2.0,,,,,,,,,,,,,,
00-0034844,S.Barkley,Saquon Barkley,RB,RB,,PHI,2025,15,REG,,,,,,,,,,,,,,,,,,22.0,78.0,1.0,,,,,,,,,,,,,,,,,,,,,,,
00-0034855,B.Mayfield,Baker Mayfield,QB,QB,,TB,2025,15,REG,,19.0,34.0,277.0,2.0,1.0,,,,,,,,,,,,,,,,,,,,,,,,,,,,,,,,,,,,,
00-0034857,J.Allen,Josh Allen,QB,QB,,BUF,2025,15,REG,,19.0,28.0,193.0,3.0,0.0,,,,,,,,,,,,,,,,,,,,,,,,,,,,,,,,,,,,,
00-0034869,S.Darnold,Sam Darnold,QB,QB,,SEA,2025,15,REG,,22.0,36.0,271.0,0.0,0.0,,,,,,,,,,,,,,,,,,,,,,,,,,,,,,,,,,,,,
00-0034960,J.Meyers,Jakobi Meyers,WR,WR,,JAX,2025,15,REG,,,,,,,,,,,,,,,,,,,,,,,,,,5.0,7.0,71.0,0.0,,,,,,,,,,,,,,
00-0035229,T.Hockenson,T.J. Hockenson,TE,TE,,MIN,2025,15,REG,,,,,,,,,,,,,,,,,,,,,,,,,,4.0,5.0,66.0,0.0,,,,,,,,,,,,,,
00-0035261,T.Pollard,Tony Pollard,RB,RB,,TEN,2025,15,REG,,,,,,,,,,,,,,,,,,14.0,104.0,1.0,,,,,,,,,,,,,,,,,,,,,,,
00-0035359,D.Sills,David Sills,WR,WR,,ATL,2025,15,REG,,,,,,,,,,,,,,,,,,,,,,,,,,6.0,10.0,78.0,0.0,,,,,,,,,,,,,,
00-0035535,D.Slayton,Darius Slayton,WR,WR,,NYG,2025,15,REG,,,,,,,,,,,,,,,,,,,,,,,,,,4.0,10.0,53.0,0.0,,,,,,,,,,,,,,
00-0035700,J.Jacobs,Josh Jacobs,RB,RB,,GB,2025,15,REG,,,,,,,,,,,,,,,,,,12.0,73.0,1.0,,,,,,,,,,,,,,,,,,,,,,,
00-0035719,D.Samuel,Deebo Samuel Sr.,WR,WR,,WAS,2025,15,REG,,,,,,,,,,,,,,,,,,,,,,,,,,3.0,5.0,43.0,0.0,,,,,,,,,,,,,,
00-0036139,R.Dowdle,Rico Dowdle,RB,RB,,CAR,2025,15,REG,,,,,,,,,,,,,,,,,,16.0,49.0,1.0,,,,,,,,,,,,,,,,,,,,,,,
00-0036212,T.Tagovailoa,Tua Tagovailoa,QB,QB,,MIA,2025,15,REG,,22.0,28.0,253.0,2.0,1.0,,,,,,,,,,,,,,,,,,,,,,,,,,,,,,,,,,,,,
00-0036223,J.Taylor,Jonathan Taylor,RB,RB,,IND,2025,15,REG,,,,,,,,,,,,,,,,,,25.0,87.0,0.0,,,,,,,,,,,,,,,,,,,,,,,
00-0036244,C.Parkinson,Colby Parkinson,TE,TE,,LAR,2025,15,REG,,,,,,,,,,,,,,,,,,,,,,,,,,5.0,7.0,75.0,2.0,,,,,,,,,,,,,,
00-0036252,M.Pittman,Michael Pittman,WR,WR,,IND,2025,15,REG,,,,,,,,,,,,,,,,,,,,,,,,,,3.0,5.0,26.0,0.0,,,,,,,,,,,,,,
00-0036259,J.Jennings,Jauan Jennings,WR,WR,,SF,2025,15,REG,,,,,,,,,,,,,,,,,,,,,,,,,,3.0,5.0,37.0,2.0,,,,,,,,,,,,,,
00-0036264,J.Love,Jordan Love,QB,QB,,GB,2025,15,REG,,24.0,40.0,276.0,1.0,2.0,,,,,,,,,,,,,,,,,,,,,,,,,,,,,,,,,,,,,
00-0036275,D.Swift,D'Andre Swift,RB,RB,,CHI,2025,15,REG,,,,,,,,,,,,,,,,,,18.0,98.0,2.0,,,,,,,,,,,,,,,,,,,,,,,
00-0036309,D.Mooney,Darnell Mooney,WR,WR,,ATL,2025,15,REG,,,,,,,,,,,,,,,,,,,,,,,,,,3.0,6.0,35.0,0.0,,,,,,,,,,,,,,
00-0036322,J.Jefferson,Justin Jefferson,WR,WR,,MIN,2025,15,REG,,,,,,,,,,,,,,,,,,,,,,,,,,2.0,8.0,22.0,0.0,,,,,,,,,,,,,,
00-0036355,J.Herbert,Justin Herbert,QB,QB,,LAC,2025,15,REG,,19.0,29.0,210.0,1.0,1.0,,,,,,,,,,,,,,,,,,,,,,,,,,,,,,,,,,,,,
00-0036358,C.Lamb,CeeDee Lamb,WR,WR,,DAL,2025,15,REG,,,,,,,,,,,,,,,,,,,,,,,,,,6.0,10.0,111.0,0.0,,,,,,,,,,,,,,
00-0036389,J.Hurts,Jalen Hurts,QB,QB,,PHI,2025,15,REG,,12.0,15.0,175.0,3.0,0.0,,,,,,,,,,,,,,,,,,,,,,,,,,,,,,,,,,,,,
00-0036415,V.Jefferson,Van Jefferson,WR,WR,,TEN,2025,15,REG,,,,,,,,,,,,,,,,,,,,,,,,,,1.0,5.0,43.0,0.0,,,,,,,,,,,,,,
00-0036442,J.Burrow,Joe Burrow,QB,QB,,CIN,2025,15,REG,,25.0,39.0,225.0,0.0,2.0,,,,,,,,,,,,,,,,,,,,,,,,,,,,,,,,,,,,,
00-0036894,P.Freiermuth,Pat Freiermuth,TE,TE,,PIT,2025,15,REG,,,,,,,,,,,,,,,,,,,,,,,,,,3.0,5.0,45.0,0.0,,,,,,,,,,,,,,
00-0036900,J.Chase,Ja'Marr Chase,WR,WR,,CIN,2025,15,REG,,,,,,,,,,,,,,,,,,,,,,,,,,10.0,16.0,132.0,0.0,,,,,,,,,,,,,,
00-0036919,K.Gainwell,Kenneth Gainwell,RB,RB,,PIT,2025,15,REG,,,,,,,,,,,,,,,,,,13.0,80.0,0.0,,,,,,,,,,,,,,,,,,,,,,,
00-0036924,M.Carter,Michael Carter,RB,RB,,ARI,2025,15,REG,,,,,,,,,,,,,,,,,,14.0,56.0,0.0,,,,,,,,,,,,,,,,,,,,,,,
00-0036963,A.St. Brown,Amon-Ra St. Brown,WR,WR,,DET,2025,15,REG,,,,,,,,,,,,,,,,,,,,,,,,,,13.0,18.0,164.0,2.0,,,,,,,,,,,,,,
00-0036970,K.Pitts,Kyle Pitts,TE,TE,,ATL,2025,15,REG,,,,,,,,,,,,,,,,,,,,,,,,,,11.0,12.0,166.0,3.0,,,,,,,,,,,,,,
00-0036971,T.Lawrence,Trevor Lawrence,QB,QB,,JAX,2025,15,REG,,20.0,32.0,330.0,5.0,0.0,,,,,,,,,,,,,,,,,,,,,,,,,,,,,,,,,,,,,
00-0036973,T.Etienne,Travis Etienne,RB,RB,,JAX,2025,15,REG,,,,,,,,,,,,,,,,,,12.0,32.0,0.0,,,,,,,,,,,,,,,,,,,,,,,
00-0036997,J.Williams,Javonte Williams,RB,RB,,DAL,2025,15,REG,,,,,,,,,,,,,,,,,,15.0,91.0,1.0,,,,,,,,,,,,,,,,,,,,,,,
00-0037197,I.Pacheco,Isiah Pacheco,RB,RB,,KC,2025,15,REG,,,,,,,,,,,,,,,,,,11.0,21.0,0.0,,,,,,,,,,,,,,,,,,,,,,,
00-0037228,J.Warren,Jaylen Warren,RB,RB,,PIT,2025,15,REG,,,,,,,,,,,,,,,,,,12.0,33.0,0.0,,,,,,,,,,,,,,,,,,,,,,,
00-0037231,K.Austin,Kevin Austin Jr.,WR,WR,,NO,2025,15,REG,,,,,,,,,,,,,,,,,,,,,,,,,,3.0,5.0,33.0,0.0,,,,,,,,,,,,,,
00-0037239,C.Olave,Chris Olave,WR,WR,,NO,2025,15,REG,,,,,,,,,,,,,,,,,,,,,,,,,,6.0,9.0,85.0,1.0,,,,,,,,,,,,,,
00-0037240,J.Williams,Jameson Williams,WR,WR,,DET,2025,15,REG,,,,,,,,,,,,,,,,,,,,,,,,,,7.0,10.0,126.0,1.0,,,,,,,,,,,,,,
00-0037247,G.Pickens,George Pickens,WR,WR,,DAL,2025,15,REG,,,,,,,,,,,,,,,,,,,,,,,,,,3.0,6.0,33.0,0.0,,,,,,,,,,,,,,
00-0037248,J.Cook,James Cook,RB,RB,,BUF,2025,15,REG,,,,,,,,,,,,,,,,,,22.0,107.0,2.0,,,,,,,,,,,,,,,,,,,,,,,
00-0037261,K.Shakir,Khalil Shakir,WR,WR,,BUF,2025,15,REG,,,,,,,,,,,,,,,,,,,,,,,,,,5.0,5.0,65.0,0.0,,,,,,,,,,,,,,
00-0037291,J.Nailor,Jalen Nailor,WR,WR,,MIN,2025,15,REG,,,,,,,,,,,,,,,,,,,,,,,,,,3.0,5.0,47.0,2.0,,,,,,,,,,,,,,
00-0037525,J.Mason,Jordan Mason,RB,RB,,MIN,2025,15,REG,,,,,,,,,,,,,,,,,,10.0,29.0,0.0,,,,,,,,,,,,,,,,,,,,,,,
00-0037545,R.Shaheed,Rashid Shaheed,WR,WR,,SEA,2025,15,REG,,,,,,,,,,,,,,,,,,,,,,,,,,5.0,7.0,74.0,0.0,,,,,,,,,,,,,,
00-0037614,J.Metchie,John Metchie III,WR,WR,,NYJ,2025,15,REG,,,,,,,,,,,,,,,,,,,,,,,,,,4.0,5.0,25.0,0.0,,,,,,,,,,,,,,
00-0037744,T.McBride,Trey McBride,TE,TE,,ARI,2025,15,REG,,,,,,,,,,,,,,,,,,,,,,,,,,12.0,13.0,134.0,2.0,,,,,,,,,,,,,,
00-0037809,C.Okonkwo,Chig Okonkwo,TE,TE,,TEN,2025,15,REG,,,,,,,,,,,,,,,,,,,,,,,,,,4.0,6.0,33.0,0.0,,,,,,,,,,,,,,
00-0037834,B.Purdy,Brock Purdy,QB,QB,,SF,2025,15,REG,,23.0,30.0,295.0,3.0,0.0,,,,,,,,,,,,,,,,,,,,,,,,,,,,,,,,,,,,,
00-0037840,K.Williams,Kyren Williams,RB,RB,,LAR,2025,15,REG,,,,,,,,,,,,,,,,,,15.0,78.0,2.0,,,,,,,,,,,,,,,,,,,,,,,
00-0038102,K.Pickett,Kenny Pickett,QB,QB,,LV,2025,15,REG,,15.0,25.0,64.0,0.0,1.0,,,,,,,,,,,,,,,,,,,,,,,,,,,,,,,,,,,,,
00-0038117,W.Robinson,Wan'Dale Robinson,WR,WR,,NYG,2025,15,REG,,,,,,,,,,,,,,,,,,,,,,,,,,5.0,10.0,54.0,1.0,,,,,,,,,,,,,,
00-0038120,B.Hall,Breece Hall,RB,RB,,NYJ,2025,15,REG,,,,,,,,,,,,,,,,,,12.0,23.0,0.0,,,,,,,,,,,,,,,,,,,,,,,
00-0038124,C.Watson,Christian Watson,WR,WR,,GB,2025,15,REG,,,,,,,,,,,,,,,,,,,,,,,,,,3.0,5.0,29.0,0.0,,,,,,,,,,,,,,
00-0038542,B.Robinson,Bijan Robinson,RB,RB,,ATL,2025,15,REG,,,,,,,,,,,,,,,,,,19.0,93.0,1.0,,,,,,,,,,,,,,,,,,,,,,,
00-0038543,J.Smith-Njigba,Jaxon Smith-Njigba,WR,WR,,SEA,2025,15,REG,,,,,,,,,,,,,,,,,,,,,,,,,,7.0,9.0,113.0,0.0,,,,,,,,,,,,,,
00-0038555,T.Bigsby,Tank Bigsby,RB,RB,,PHI,2025,15,REG,,,,,,,,,,,,,,,,,,17.0,57.0,0.0,,,,,,,,,,,,,,,,,,,,,,,
00-0038559,M.Wilson,Michael Wilson,WR,WR,,ARI,2025,15,REG,,,,,,,,,,,,,,,,,,,,,,,,,,5.0,11.0,54.0,1.0,,,,,,,,,,,,,,
00-0038597,C.Brown,Chase Brown,RB,RB,,CIN,2025,15,REG,,,,,,,,,,,,,,,,,,13.0,53.0,0.0,,,,,,,,,,,,,,,,,,,,,,,
00-0038976,M.Mims,Marvin Mims Jr.,WR,WR,,DEN,2025,15,REG,,,,,,,,,,,,,,,,,,,,,,,,,,4.0,6.0,29.0,0.0,,,,,,,,,,,,,,
00-0038997,J.Downs,Josh Downs,WR,WR,,IND,2025,15,REG,,,,,,,,,,,,,,,,,,,,,,,,,,3.0,5.0,13.0,1.0,,,,,,,,,,,,,,
00-0039040,D.Achane,De'Von Achane,RB,RB,,MIA,2025,15,REG,,,,,,,,,,,,,,,,,,12.0,60.0,0.0,,,,,,,,,,,,,,,,,,,,,,,
00-0039064,Z.Flowers,Zay Flowers,WR,WR,,BAL,2025,15,REG,,,,,,,,,,,,,,,,,,,,,,,,,,3.0,5.0,68.0,1.0,,,,,,,,,,,,,,
00-0039067,R.Rice,Rashee Rice,WR,WR,,KC,2025,15,REG,,,,,,,,,,,,,,,,,,,,,,,,,,7.0,11.0,51.0,0.0,,,,,,,,,,,,,,
00-0039075,P.Nacua,Puka Nacua,WR,WR,,LAR,2025,15,REG,,,,,,,,,,,,,,,,,,,,,,,,,,9.0,11.0,181.0,0.0,,,,,,,,,,,,,,
00-0039139,J.Gibbs,Jahmyr Gibbs,RB,RB,,DET,2025,15,REG,,,,,,,,,,,,,,,,,,13.0,38.0,0.0,,,,,,,,,,,,,,,,,,,,,,,
00-0039144,L.Musgrave,Luke Musgrave,TE,TE,,GB,2025,15,REG,,,,,,,,,,,,,,,,,,,,,,,,,,4.0,6.0,52.0,0.0,,,,,,,,,,,,,,
00-0039146,J.Reed,Jayden Reed,WR,WR,,GB,2025,15,REG,,,,,,,,,,,,,,,,,,,,,,,,,,5.0,6.0,55.0,0.0,,,,,,,,,,,,,,
00-0039150,B.Young,Bryce Young,QB,QB,,CAR,2025,15,REG,,15.0,24.0,163.0,1.0,0.0,,,,,,,,,,,,,,,,,,,,,,,,,,,,,,,,,,,,,
00-0039163,C.Stroud,C.J. Stroud,QB,QB,,HOU,2025,15,REG,,22.0,29.0,260.0,3.0,0.0,,,,,,,,,,,,,,,,,,,,,,,,,,,,,,,,,,,,,
00-0039338,B.Bowers,Brock Bowers,TE,TE,,LV,2025,15,REG,,,,,,,,,,,,,,,,,,,,,,,,,,6.0,8.0,28.0,0.0,,,,,,,,,,,,,,
00-0039361,B.Irving,Bucky Irving,RB,RB,,TB,2025,15,REG,,,,,,,,,,,,,,,,,,16.0,60.0,0.0,,,,,,,,,,,,,,,,,,,,,,,
00-0039384,T.Tracy,Tyrone Tracy Jr.,RB,RB,,NYG,2025,15,REG,,,,,,,,,,,,,,,,,,15.0,70.0,1.0,,,,,,,,,,,,,,,,,,,,,,,
00-0039391,K.Vidal,Kimani Vidal,RB,RB,,LAC,2025,15,REG,,,,,,,,,,,,,,,,,,12.0,33.0,0.0,,,,,,,,,,,,,,,,,,,,,,,
00-0039405,J.Jordan,Jawhar Jordan,RB,RB,,HOU,2025,15,REG,,,,,,,,,,,,,,,,,,15.0,101.0,0.0,,,,,,,,,,,,,,,,,,,,,,,
00-0039410,R.Flournoy,Ryan Flournoy,WR,WR,,DAL,2025,15,REG,,,,,,,,,,,,,,,,,,,,,,,,,,4.0,5.0,40.0,0.0,,,,,,,,,,,,,,
00-0039424,D.Vele,Devaughn Vele,WR,WR,,NO,2025,15,REG,,,,,,,,,,,,,,,,,,,,,,,,,,5.0,6.0,69.0,0.0,,,,,,,,,,,,,,
00-0039451,I.Williams,Isaiah Williams,WR,WR,,NYJ,2025,15,REG,,,,,,,,,,,,,,,,,,,,,,,,,,6.0,7.0,53.0,0.0,,,,,,,,,,,,,,
00-0039732,B.Nix,Bo Nix,QB,QB,,DEN,2025,15,REG,,23.0,34.0,302.0,4.0,0.0,,,,,,,,,,,,,,,,,,,,,,,,,,,,,,,,,,,,,
00-0039738,B.Corum,Blake Corum,RB,RB,,LAR,2025,15,REG,,,,,,,,,,,,,,,,,,11.0,71.0,1.0,,,,,,,,,,,,,,,,,,,,,,,
00-0039793,A.Barner,AJ Barner,TE,TE,,SEA,2025,15,REG,,,,,,,,,,,,,,,,,,,,,,,,,,3.0,6.0,27.0,0.0,,,,,,,,,,,,,,
00-0039851,D.Maye,Drake Maye,QB,QB,,NE,2025,15,REG,,14.0,23.0,155.0,0.0,1.0,,,,,,,,,,,,,,,,,,,,,,,,,,,,,,,,,,,,,
00-0039868,T.Franklin,Troy Franklin,WR,WR,,DEN,2025,15,REG,,,,,,,,,,,,,,,,,,,,,,,,,,6.0,6.0,85.0,1.0,,,,,,,,,,,,,,
00-0039890,A.Mitchell,Adonai Mitchell,WR,WR,,NYJ,2025,15,REG,,,,,,,,,,,,,,,,,,,,,,,,,,6.0,9.0,58.0,1.0,,,,,,,,,,,,,,
00-0039893,B.Thomas,Brian Thomas Jr.,WR,WR,,JAX,2025,15,REG,,,,,,,,,,,,,,,,,,,,,,,,,,4.0,7.0,66.0,1.0,,,,,,,,,,,,,,
00-0039916,R.Pearsall,Ricky Pearsall,WR,WR,,SF,2025,15,REG,,,,,,,,,,,,,,,,,,,,,,,,,,6.0,7.0,96.0,0.0,,,,,,,,,,,,,,
00-0039918,C.Williams,Caleb Williams,QB,QB,,CHI,2025,15,REG,,17.0,28.0,242.0,2.0,0.0,,,,,,,,,,,,,,,,,,,,,,,,,,,,,,,,,,,,,
00-0039923,J.McCarthy,J.J. McCarthy,QB,QB,,MIN,2025,15,REG,,15.0,24.0,250.0,2.0,1.0,,,,,,,,,,,,,,,,,,,,,,,,,,,,,,,,,,,,,
00-0040126,C.Loveland,Colston Loveland,TE,TE,,CHI,2025,15,REG,,,,,,,,,,,,,,,,,,,,,,,,,,4.0,5.0,63.0,0.0,,,,,,,,,,,,,,
00-0040128,T.Warren,Tyler Warren,TE,TE,,IND,2025,15,REG,,,,,,,,,,,,,,,,,,,,,,,,,,3.0,6.0,19.0,0.0,,,,,,,,,,,,,,
00-0040129,E.Egbuka,Emeka Egbuka,WR,WR,,TB,2025,15,REG,,,,,,,,,,,,,,,,,,,,,,,,,,4.0,7.0,64.0,0.0,,,,,,,,,,,,,,
00-0040189,O.Gadsden,Oronde Gadsden II,TE,TE,,LAC,2025,15,REG,,,,,,,,,,,,,,,,,,,,,,,,,,4.0,5.0,61.0,0.0,,,,,,,,,,,,,,
00-0040236,K.Monangai,Kyle Monangai,RB,RB,,CHI,2025,15,REG,,,,,,,,,,,,,,,,,,11.0,33.0,0.0,,,,,,,,,,,,,,,,,,,,,,,
00-0040242,J.Croskey-Merritt,Jacory Croskey-Merritt,RB,RB,,WAS,2025,15,REG,,,,,,,,,,,,,,,,,,18.0,96.0,1.0,,,,,,,,,,,,,,,,,,,,,,,
00-0040398,B.Cook,Brady Cook,QB,QB,,NYJ,2025,15,REG,,22.0,33.0,176.0,1.0,3.0,,,,,,,,,,,,,,,,,,,,,,,,,,,,,,,,,,,,,
00-0040663,H.Fannin,Harold Fannin Jr.,TE,TE,,CLE,2025,15,REG,,,,,,,,,,,,,,,,,,,,,,,,,,7.0,14.0,48.0,0.0,,,,,,,,,,,,,,
00-0040666,O.Hampton,Omarion Hampton,RB,RB,,LAC,2025,15,REG,,,,,,,,,,,,,,,,,,15.0,61.0,0.0,,,,,,,,,,,,,,,,,,,,,,,
00-0040668,S.Sanders,Shedeur Sanders,QB,QB,,CLE,2025,15,REG,,18.0,35.0,177.0,0.0,3.0,,,,,,,,,,,,,,,,,,,,,,,,,,,,,,,,,,,,,
00-0040676,C.Ward,Cam Ward,QB,QB,,TEN,2025,15,REG,,18.0,29.0,170.0,2.0,0.0,,,,,,,,,,,,,,,,,,,,,,,,,,,,,,,,,,,,,
00-0040691,J.Dart,Jaxson Dart,QB,QB,,NYG,2025,15,REG,,20.0,36.0,246.0,2.0,1.0,,,,,,,,,,,,,,,,,,,,,,,,,,,,,,,,,,,,,
00-0040705,C.Dike,Chimere Dike,WR,WR,,TEN,2025,15,REG,,,,,,,,,,,,,,,,,,,,,,,,,,4.0,5.0,17.0,0.0,,,,,,,,,,,,,,
00-0040727,T.Harris,Tre Harris,WR,WR,,LAC,2025,15,REG,,,,,,,,,,,,,,,,,,,,,,,,,,3.0,5.0,49.0,0.0,,,,,,,,,,,,,,
00-0040730,R.Harvey,RJ Harvey,RB,RB,,DEN,2025,15,REG,,,,,,,,,,,,,,,,,,19.0,65.0,1.0,,,,,,,,,,,,,,,,,,,,,,,
00-0040734,T.Henderson,TreVeyon Henderson,RB,RB,,NE,2025,15,REG,,,,,,,,,,,,,,,,,,14.0,148.0,2.0,,,,,,,,,,,,,,,,,,,,,,,
00-0040735,L.Burden,Luther Burden III,WR,WR,,CHI,2025,15,REG,,,,,,,,,,,,,,,,,,,,,,,,,,6.0,7.0,84.0,0.0,,,,,,,,,,,,,,
00-0040743,T.Shough,Tyler Shough,QB,QB,,NO,2025,15,REG,,24.0,32.0,272.0,1.0,0.0,,,,,,,,,,,,,,,,,,,,,,,,,,,,,,,,,,,,,
00-0040784,Q.Judkins,Quinshon Judkins,RB,RB,,CLE,2025,15,REG,,,,,,,,,,,,,,,,,,12.0,21.0,0.0,,,,,,,,,,,,,,,,,,,,,,,
00-0022942,P.Rivers,Philip Rivers,QB,QB,,IND,2025,16,REG,,23.0,35.0,277.0,2.0,1.0,,,,,,,,,,,,,,,,,,,,,,,,,,,,,,,,,,,,,
00-0023459,A.Rodgers,Aaron Rodgers,QB,QB,,PIT,2025,16,REG,,27.0,41.0,266.0,1.0,0.0,,,,,,,,,,,,,,,,,,,,,,,,,,,,,,,,,,,,,
00-0026498,M.Stafford,Matthew Stafford,QB,QB,,LAR,2025,16,REG,,29.0,49.0,457.0,3.0,0.0,,,,,,,,,,,,,,,,,,,,,,,,,,,,,,,,,,,,,
00-0029604,K.Cousins,Kirk Cousins,QB,QB,,ATL,2025,16,REG,,21.0,35.0,197.0,2.0,1.0,,,,,,,,,,,,,,,,,,,,,,,,,,,,,,,,,,,,,
00-0030279,K.Allen,Keenan Allen,WR,WR,,LAC,2025,16,REG,,,,,,,,,,,,,,,,,,,,,,,,,,5.0,5.0,44.0,0.0,,,,,,,,,,,,,,
00-0030564,D.Hopkins,DeAndre Hopkins,WR,WR,,BAL,2025,16,REG,,,,,,,,,,,,,,,,,,,,,,,,,,4.0,5.0,41.0,0.0,,,,,,,,,,,,,,
00-0030565,G.Smith,Geno Smith,QB,QB,,LV,2025,16,REG,,16.0,23.0,201.0,2.0,1.0,,,,,,,,,,,,,,,,,,,,,,,,,,,,,,,,,,,,,
00-0031408,M.Evans,Mike Evans,WR,WR,,TB,2025,16,REG,,,,,,,,,,,,,,,,,,,,,,,,,,5.0,9.0,31.0,1.0,,,,,,,,,,,,,,
00-0031588,S.Diggs,Stefon Diggs,WR,WR,,NE,2025,16,REG,,,,,,,,,,,,,,,,,,,,,,,,,,9.0,10.0,138.0,0.0,,,,,,,,,,,,,,
00-0031610,D.Waller,Darren Waller,TE,TE,,MIA,2025,16,REG,,,,,,,,,,,,,,,,,,,,,,,,,,3.0,5.0,40.0,0.0,,,,,,,,,,,,,,
00-0032464,K.Raymond,Kalif Raymond,WR,WR,,DET,2025,16,REG,,,,,,,,,,,,,,,,,,,,,,,,,,4.0,5.0,62.0,1.0,,,,,,,,,,,,,,
00-0032764,D.Henry,Derrick Henry,RB,RB,,BAL,2025,16,REG,,,,,,,,,,,,,,,,,,18.0,128.0,2.0,,,,,,,,,,,,,,,,,,,,,,,
00-0033077,D.Prescott,Dak Prescott,QB,QB,,DAL,2025,16,REG,,21.0,30.0,244.0,2.0,0.0,,,,,,,,,,,,,,,,,,,,,,,,,,,,,,,,,,,,,
00-0033090,H.Henry,Hunter Henry,TE,TE,,NE,2025,16,REG,,,,,,,,,,,,,,,,,,,,,,,,,,6.0,7.0,35.0,1.0,,,,,,,,,,,,,,
00-0033106,J.Goff,Jared Goff,QB,QB,,DET,2025,16,REG,,34.0,54.0,364.0,3.0,0.0,,,,,,,,,,,,,,,,,,,,,,,,,,,,,,,,,,,,,
00-0033119,J.Brissett,Jacoby Brissett,QB,QB,,ARI,2025,16,REG,,16.0,31.0,203.0,1.0,1.0,,,,,,,,,,,,,,,,,,,,,,,,,,,,,,,,,,,,,
00-0033280,C.McCaffrey,Christian McCaffrey,RB,RB,,SF,2025,16,REG,,,,,,,,,,,,,,,,,,21.0,117.0,0.0,,,,,,,,,,,,,,,,,,,,,,,
00-0033288,G.Kittle,George Kittle,TE,TE,,SF,2025,16,REG,,,,,,,,,,,,,,,,,,,,,,,,,,7.0,8.0,115.0,1.0,,,,,,,,,,,,,,
00-0033293,A.Jones,Aaron Jones,RB,RB,,MIN,2025,16,REG,,,,,,,,,,,,,,,,,,21.0,85.0,0.0,,,,,,,,,,,,,,,,,,,,,,,
00-0033307,K.Bourne,Kendrick Bourne,WR,WR,,SF,2025,16,REG,,,,,,,,,,,,,,,,,,,,,,,,,,3.0,5.0,27.0,0.0,,,,,,,,,,,,,,
00-0033555,M.Hollins,Mack Hollins,WR,WR,,NE,2025,16,REG,,,,,,,,,,,,,,,,,,,,,,,,,,7.0,9.0,69.0,0.0,,,,,,,,,,,,,,
00-0033921,C.Godwin,Chris Godwin Jr.,WR,WR,,TB,2025,16,REG,,,,,,,,,,,,,,,,,,,,,,,,,,5.0,6.0,30.0,0.0,,,,,,,,,,,,,,
00-0034348,C.Sutton,Courtland Sutton,WR,WR,,DEN,2025,16,REG,,,,,,,,,,,,,,,,,,,,,,,,,,6.0,12.0,86.0,1.0,,,,,,,,,,,,,,
00-0034383,D.Schultz,Dalton Schultz,TE,TE,,HOU,2025,16,REG,,,,,,,,,,,,,,,,,,,,,,,,,,5.0,5.0,35.0,1.0,,,,,,,,,,,,,,
00-0034775,C.Kirk,Christian Kirk,WR,WR,,HOU,2025,16,REG,,,,,,,,,,,,,,,,,,,,,,,,,,3.0,5.0,37.0,0.0,,,,,,,,,,,,,,
00-0034827,D.Moore,DJ Moore,WR,WR,,CHI,2025,16,REG,,,,,,,,,,,,,,,,,,,,,,,,,,5.0,7.0,97.0,1.0,,,,,,,,,,,,,,
00-0034844,S.Barkley,Saquon Barkley,RB,RB,,PHI,2025,16,REG,,,,,,,,,,,,,,,,,,21.0,132.0,1.0,,,,,,,,,,,,,,,,,,,,,,,
00-0034855,B.Mayfield,Baker Mayfield,QB,QB,,TB,2025,16,REG,,18.0,26.0,145.0,1.0,1.0,,,,,,,,,,,,,,,,,,,,,,,,,,,,,,,,,,,,,
00-0034857,J.Allen,Josh Allen,QB,QB,,BUF,2025,16,REG,,12.0,19.0,130.0,0.0,0.0,,,,,,,,,,,,,,,,,,,,,,,,,,,,,,,,,,,,,
00-0034869,S.Darnold,Sam Darnold,QB,QB,,SEA,2025,16,REG,,22.0,34.0,270.0,2.0,2.0,,,,,,,,,,,,,,,,,,,,,,,,,,,,,,,,,,,,,
00-0034960,J.Meyers,Jakobi Meyers,WR,WR,,JAX,2025,16,REG,,,,,,,,,,,,,,,,,,,,,,,,,,4.0,8.0,45.0,0.0,,,,,,,,,,,,,,
00-0035208,O.Zaccheaus,Olamide Zaccheaus,WR,WR,,CHI,2025,16,REG,,,,,,,,,,,,,,,,,,,,,,,,,,2.0,5.0,33.0,0.0,,,,,,,,,,,,,,
00-0035250,D.Singletary,Devin Singletary,RB,RB,,NYG,2025,16,REG,,,,,,,,,,,,,,,,,,11.0,47.0,0.0,,,,,,,,,,,,,,,,,,,,,,,
00-0035261,T.Pollard,Tony Pollard,RB,RB,,TEN,2025,16,REG,,,,,,,,,,,,,,,,,,21.0,102.0,0.0,,,,,,,,,,,,,,,,,,,,,,,
00-0035640,D.Metcalf,DK Metcalf,WR,WR,,PIT,2025,16,REG,,,,,,,,,,,,,,,,,,,,,,,,,,4.0,9.0,42.0,0.0,,,,,,,,,,,,,,
00-0035676,A.Brown,A.J. Brown,WR,WR,,PHI,2025,16,REG,,,,,,,,,,,,,,,,,,,,,,,,,,9.0,12.0,95.0,0.0,,,,,,,,,,,,,,
00-0035700,J.Jacobs,Josh Jacobs,RB,RB,,GB,2025,16,REG,,,,,,,,,,,,,,,,,,12.0,36.0,0.0,,,,,,,,,,,,,,,,,,,,,,,
00-0036040,J.Johnson,Juwan Johnson,TE,TE,,NO,2025,16,REG,,,,,,,,,,,,,,,,,,,,,,,,,,8.0,9.0,89.0,0.0,,,,,,,,,,,,,,
00-0036223,J.Taylor,Jonathan Taylor,RB,RB,,IND,2025,16,REG,,,,,,,,,,,,,,,,,,16.0,46.0,1.0,,,,,,,,,,,,,,,,,,,,,,,
00-0036252,M.Pittman,Michael Pittman,WR,WR,,IND,2025,16,REG,,,,,,,,,,,,,,,,,,,,,,,,,,4.0,5.0,32.0,0.0,,,,,,,,,,,,,,
00-0036259,J.Jennings,Jauan Jennings,WR,WR,,SF,2025,16,REG,,,,,,,,,,,,,,,,,,,,,,,,,,5.0,6.0,71.0,1.0,,,,,,,,,,,,,,
00-0036275,D.Swift,D'Andre Swift,RB,RB,,CHI,2025,16,REG,,,,,,,,,,,,,,,,,,13.0,58.0,0.0,,,,,,,,,,,,,,,,,,,,,,,
00-0036322,J.Jefferson,Justin Jefferson,WR,WR,,MIN,2025,16,REG,,,,,,,,,,,,,,,,,,,,,,,,,,6.0,8.0,85.0,0.0,,,,,,,,,,,,,,
00-0036355,J.Herbert,Justin Herbert,QB,QB,,LAC,2025,16,REG,,23.0,29.0,300.0,2.0,0.0,,,,,,,,,,,,,,,,,,,,,,,,,,,,,,,,,,,,,
00-0036358,C.Lamb,CeeDee Lamb,WR,WR,,DAL,2025,16,REG,,,,,,,,,,,,,,,,,,,,,,,,,,6.0,7.0,51.0,0.0,,,,,,,,,,,,,,
00-0036389,J.Hurts,Jalen Hurts,QB,QB,,PHI,2025,16,REG,,22.0,30.0,185.0,2.0,0.0,,,,,,,,,,,,,,,,,,,,,,,,,,,,,,,,,,,,,
00-0036442,J.Burrow,Joe Burrow,QB,QB,,CIN,2025,16,REG,,25.0,32.0,309.0,4.0,0.0,,,,,,,,,,,,,,,,,,,,,,,,,,,,,,,,,,,,,
00-0036534,S.Zylstra,Shane Zylstra,TE,TE,,DET,2025,16,REG,,,,,,,,,,,,,,,,,,,,,,,,,,3.0,5.0,20.0,0.0,,,,,,,,,,,,,,
00-0036554,N.Collins,Nico Collins,WR,WR,,HOU,2025,16,REG,,,,,,,,,,,,,,,,,,,,,,,,,,4.0,9.0,59.0,0.0,,,,,,,,,,,,,,
00-0036613,J.Waddle,Jaylen Waddle,WR,WR,,MIA,2025,16,REG,,,,,,,,,,,,,,,,,,,,,,,,,,5.0,9.0,72.0,0.0,,,,,,,,,,,,,,
00-0036900,J.Chase,Ja'Marr Chase,WR,WR,,CIN,2025,16,REG,,,,,,,,,,,,,,,,,,,,,,,,,,9.0,11.0,109.0,0.0,,,,,,,,,,,,,,
00-0036912,D.Smith,DeVonta Smith,WR,WR,,PHI,2025,16,REG,,,,,,,,,,,,,,,,,,,,,,,,,,6.0,8.0,42.0,1.0,,,,,,,,,,,,,,
00-0036924,M.Carter,Michael Carter,RB,RB,,ARI,2025,16,REG,,,,,,,,,,,,,,,,,,11.0,65.0,0.0,,,,,,,,,,,,,,,,,,,,,,,
00-0036963,A.St. Brown,Amon-Ra St. Brown,WR,WR,,DET,2025,16,REG,,,,,,,,,,,,,,,,,,,,,,,,,,4.0,9.0,54.0,0.0,,,,,,,,,,,,,,
00-0036970,K.Pitts,Kyle Pitts,TE,TE,,ATL,2025,16,REG,,,,,,,,,,,,,,,,,,,,,,,,,,7.0,9.0,57.0,1.0,,,,,,,,,,,,,,
00-0036971,T.Lawrence,Trevor Lawrence,QB,QB,,JAX,2025,16,REG,,23.0,36.0,279.0,3.0,0.0,,,,,,,,,,,,,,,,,,,,,,,,,,,,,,,,,,,,,
00-0036973,T.Etienne,Travis Etienne,RB,RB,,JAX,2025,16,REG,,,,,,,,,,,,,,,,,,16.0,50.0,0.0,,,,,,,,,,,,,,,,,,,,,,,
00-0037228,J.Warren,Jaylen Warren,RB,RB,,PIT,2025,16,REG,,,,,,,,,,,,,,,,,,14.0,143.0,2.0,,,,,,,,,,,,,,,,,,,,,,,
00-0037238,D.London,Drake London,WR,WR,,ATL,2025,16,REG,,,,,,,,,,,,,,,,,,,,,,,,,,3.0,8.0,27.0,0.0,,,,,,,,,,,,,,
00-0037239,C.Olave,Chris Olave,WR,WR,,NO,2025,16,REG,,,,,,,,,,,,,,,,,,,,,,,,,,10.0,16.0,148.0,2.0,,,,,,,,,,,,,,
00-0037240,J.Williams,Jameson Williams,WR,WR,,DET,2025,16,REG,,,,,,,,,,,,,,,,,,,,,,,,,,5.0,9.0,70.0,0.0,,,,,,,,,,,,,,
00-0037247,G.Pickens,George Pickens,WR,WR,,DAL,2025,16,REG,,,,,,,,,,,,,,,,,,,,,,,,,,7.0,9.0,130.0,1.0,,,,,,,,,,,,,,
00-0037248,J.Cook,James Cook,RB,RB,,BUF,2025,16,REG,,,,,,,,,,,,,,,,,,16.0,117.0,2.0,,,,,,,,,,,,,,,,,,,,,,,
00-0037261,K.Shakir,Khalil Shakir,WR,WR,,BUF,2025,16,REG,,,,,,,,,,,,,,,,,,,,,,,,,,4.0,5.0,34.0,0.0,,,,,,,,,,,,,,
00-0037263,T.Allgeier,Tyler Allgeier,RB,RB,,ATL,2025,16,REG,,,,,,,,,,,,,,,,,,16.0,79.0,0.0,,,,,,,,,,,,,,,,,,,,,,,
00-0037324,C.Oladokun,Chris Oladokun,QB,QB,,KC,2025,16,REG,,11.0,16.0,111.0,0.0,0.0,,,,,,,,,,,,,,,,,,,,,,,,,,,,,,,,,,,,,
00-0037475,S.Smartt,Stone Smartt,TE,TE,,NYJ,2025,16,REG,,,,,,,,,,,,,,,,,,,,,,,,,,5.0,5.0,34.0,0.0,,,,,,,,,,,,,,
00-0037614,J.Metchie,John Metchie III,WR,WR,,NYJ,2025,16,REG,,,,,,,,,,,,,,,,,,,,,,,,,,1.0,5.0,4.0,0.0,,,,,,,,,,,,,,
00-0037742,T.Burks,Treylon Burks,WR,WR,,WAS,2025,16,REG,,,,,,,,,,,,,,,,,,,,,,,,,,2.0,5.0,30.0,0.0,,,,,,,,,,,,,,
00-0037744,T.McBride,Trey McBride,TE,TE,,ARI,2025,16,REG,,,,,,,,,,,,,,,,,,,,,,,,,,4.0,8.0,27.0,0.0,,,,,,,,,,,,,,
00-0037809,C.Okonkwo,Chig Okonkwo,TE,TE,,TEN,2025,16,REG,,,,,,,,,,,,,,,,,,,,,,,,,,6.0,8.0,44.0,1.0,,,,,,,,,,,,,,
00-0037816,R.Doubs,Romeo Doubs,WR,WR,,GB,2025,16,REG,,,,,,,,,,,,,,,,,,,,,,,,,,5.0,6.0,84.0,1.0,,,,,,,,,,,,,,
00-0037834,B.Purdy,Brock Purdy,QB,QB,,SF,2025,16,REG,,25.0,34.0,295.0,5.0,1.0,,,,,,,,,,,,,,,,,,,,,,,,,,,,,,,,,,,,,
00-0037840,K.Williams,Kyren Williams,RB,RB,,LAR,2025,16,REG,,,,,,,,,,,,,,,,,,23.0,70.0,0.0,,,,,,,,,,,,,,,,,,,,,,,
00-0038117,W.Robinson,Wan'Dale Robinson,WR,WR,,NYG,2025,16,REG,,,,,,,,,,,,,,,,,,,,,,,,,,3.0,6.0,19.0,0.0,,,,,,,,,,,,,,
00-0038120,B.Hall,Breece Hall,RB,RB,,NYJ,2025,16,REG,,,,,,,,,,,,,,,,,,16.0,54.0,0.0,,,,,,,,,,,,,,,,,,,,,,,
00-0038124,C.Watson,Christian Watson,WR,WR,,GB,2025,16,REG,,,,,,,,,,,,,,,,,,,,,,,,,,2.0,6.0,17.0,0.0,,,,,,,,,,,,,,
00-0038134,K.Walker,Kenneth Walker III,RB,RB,,SEA,2025,16,REG,,,,,,,,,,,,,,,,,,11.0,100.0,1.0,,,,,,,,,,,,,,,,,,,,,,,
00-0038542,B.Robinson,Bijan Robinson,RB,RB,,ATL,2025,16,REG,,,,,,,,,,,,,,,,,,16.0,76.0,0.0,,,,,,,,,,,,,,,,,,,,,,,
00-0038543,J.Smith-Njigba,Jaxon Smith-Njigba,WR,WR,,SEA,2025,16,REG,,,,,,,,,,,,,,,,,,,,,,,,,,8.0,13.0,96.0,1.0,,,,,,,,,,,,,,
00-0038544,Q.Johnston,Quentin Johnston,WR,WR,,LAC,2025,16,REG,,,,,,,,,,,,,,,,,,,,,,,,,,4.0,5.0,104.0,1.0,,,,,,,,,,,,,,
00-0038563,T.Tucker,Tre Tucker,WR,WR,,LV,2025,16,REG,,,,,,,,,,,,,,,,,,,,,,,,,,4.0,5.0,43.0,0.0,,,,,,,,,,,,,,
00-0038597,C.Brown,Chase Brown,RB,RB,,CIN,2025,16,REG,,,,,,,,,,,,,,,,,,12.0,66.0,1.0,,,,,,,,,,,,,,,,,,,,,,,
00-0038606,P.Washington,Parker Washington,WR,WR,,JAX,2025,16,REG,,,,,,,,,,,,,,,,,,,,,,,,,,6.0,10.0,145.0,1.0,,,,,,,,,,,,,,
00-0038611,C.Rodriguez,Chris Rodriguez Jr.,RB,RB,,WAS,2025,16,REG,,,,,,,,,,,,,,,,,,15.0,63.0,1.0,,,,,,,,,,,,,,,,,,,,,,,
00-0038797,E.Wilson,Emanuel Wilson,RB,RB,,GB,2025,16,REG,,,,,,,,,,,,,,,,,,14.0,82.0,0.0,,,,,,,,,,,,,,,,,,,,,,,
00-0038935,B.Strange,Brenton Strange,TE,TE,,JAX,2025,16,REG,,,,,,,,,,,,,,,,,,,,,,,,,,5.0,7.0,39.0,1.0,,,,,,,,,,,,,,
00-0038997,J.Downs,Josh Downs,WR,WR,,IND,2025,16,REG,,,,,,,,,,,,,,,,,,,,,,,,,,5.0,9.0,65.0,0.0,,,,,,,,,,,,,,
00-0039032,T.Spears,Tyjae Spears,RB,RB,,TEN,2025,16,REG,,,,,,,,,,,,,,,,,,13.0,52.0,1.0,,,,,,,,,,,,,,,,,,,,,,,
00-0039040,D.Achane,De'Von Achane,RB,RB,,MIA,2025,16,REG,,,,,,,,,,,,,,,,,,15.0,81.0,1.0,,,,,,,,,,,,,,,,,,,,,,,
00-0039041,E.Higgins,Elijah Higgins,TE,TE,,ARI,2025,16,REG,,,,,,,,,,,,,,,,,,,,,,,,,,7.0,8.0,91.0,0.0,,,,,,,,,,,,,,
00-0039064,Z.Flowers,Zay Flowers,WR,WR,,BAL,2025,16,REG,,,,,,,,,,,,,,,,,,,,,,,,,,7.0,7.0,84.0,0.0,,,,,,,,,,,,,,
00-0039074,D.Allen,Davis Allen,TE,TE,,LAR,2025,16,REG,,,,,,,,,,,,,,,,,,,,,,,,,,2.0,5.0,34.0,0.0,,,,,,,,,,,,,,
00-0039075,P.Nacua,Puka Nacua,WR,WR,,LAR,2025,16,REG,,,,,,,,,,,,,,,,,,,,,,,,,,12.0,16.0,225.0,2.0,,,,,,,,,,,,,,
00-0039150,B.Young,Bryce Young,QB,QB,,CAR,2025,16,REG,,21.0,32.0,191.0,2.0,0.0,,,,,,,,,,,,,,,,,,,,,,,,,,,,,,,,,,,,,
00-0039163,C.Stroud,C.J. Stroud,QB,QB,,HOU,2025,16,REG,,23.0,35.0,187.0,1.0,0.0,,,,,,,,,,,,,,,,,,,,,,,,,,,,,,,,,,,,,
00-0039338,B.Bowers,Brock Bowers,TE,TE,,LV,2025,16,REG,,,,,,,,,,,,,,,,,,,,,,,,,,5.0,5.0,33.0,1.0,,,,,,,,,,,,,,
00-0039361,B.Irving,Bucky Irving,RB,RB,,TB,2025,16,REG,,,,,,,,,,,,,,,,,,19.0,71.0,0.0,,,,,,,,,,,,,,,,,,,,,,,
00-0039384,T.Tracy,Tyrone Tracy Jr.,RB,RB,,NYG,2025,16,REG,,,,,,,,,,,,,,,,,,16.0,71.0,0.0,,,,,,,,,,,,,,,,,,,,,,,
00-0039405,J.Jordan,Jawhar Jordan,RB,RB,,HOU,2025,16,REG,,,,,,,,,,,,,,,,,,15.0,53.0,0.0,,,,,,,,,,,,,,,,,,,,,,,
00-0039491,J.Coker,Jalen Coker,WR,WR,,CAR,2025,16,REG,,,,,,,,,,,,,,,,,,,,,,,,,,3.0,5.0,47.0,0.0,,,,,,,,,,,,,,
00-0039623,M.Tipton,Mason Tipton,WR,WR,,NO,2025,16,REG,,,,,,,,,,,,,,,,,,,,,,,,,,4.0,5.0,29.0,0.0,,,,,,,,,,,,,,
00-0039732,B.Nix,Bo Nix,QB,QB,,DEN,2025,16,REG,,28.0,47.0,352.0,1.0,1.0,,,,,,,,,,,,,,,,,,,,,,,,,,,,,,,,,,,,,
00-0039738,B.Corum,Blake Corum,RB,RB,,LAR,2025,16,REG,,,,,,,,,,,,,,,,,,14.0,48.0,1.0,,,,,,,,,,,,,,,,,,,,,,,
00-0039793,A.Barner,AJ Barner,TE,TE,,SEA,2025,16,REG,,,,,,,,,,,,,,,,,,,,,,,,,,4.0,6.0,49.0,1.0,,,,,,,,,,,,,,
00-0039851,D.Maye,Drake Maye,QB,QB,,NE,2025,16,REG,,31.0,44.0,380.0,2.0,1.0,,,,,,,,,,,,,,,,,,,,,,,,,,,,,,,,,,,,,
00-0039868,T.Franklin,Troy Franklin,WR,WR,,DEN,2025,16,REG,,,,,,,,,,,,,,,,,,,,,,,,,,4.0,5.0,66.0,0.0,,,,,,,,,,,,,,
00-0039890,A.Mitchell,Adonai Mitchell,WR,WR,,NYJ,2025,16,REG,,,,,,,,,,,,,,,,,,,,,,,,,,3.0,6.0,43.0,0.0,,,,,,,,,,,,,,
00-0039915,L.McConkey,Ladd McConkey,WR,WR,,LAC,2025,16,REG,,,,,,,,,,,,,,,,,,,,,,,,,,4.0,6.0,43.0,1.0,,,,,,,,,,,,,,
00-0039918,C.Williams,Caleb Williams,QB,QB,,CHI,2025,16,REG,,19.0,34.0,250.0,2.0,0.0,,,,,,,,,,,,,,,,,,,,,,,,,,,,,,,,,,,,,
00-0040122,A.Jeanty,Ashton Jeanty,RB,RB,,LV,2025,16,REG,,,,,,,,,,,,,,,,,,24.0,128.0,1.0,,,,,,,,,,,,,,,,,,,,,,,
00-0040124,T.McMillan,Tetairoa McMillan,WR,WR,,CAR,2025,16,REG,,,,,,,,,,,,,,,,,,,,,,,,,,6.0,10.0,73.0,1.0,,,,,,,,,,,,,,
00-0040126,C.Loveland,Colston Loveland,TE,TE,,CHI,2025,16,REG,,,,,,,,,,,,,,,,,,,,,,,,,,3.0,5.0,30.0,0.0,,,,,,,,,,,,,,
00-0040128,T.Warren,Tyler Warren,TE,TE,,IND,2025,16,REG,,,,,,,,,,,,,,,,,,,,,,,,,,3.0,9.0,30.0,0.0,,,,,,,,,,,,,,
00-0040134,P.Bryant,Pat Bryant,WR,WR,,DEN,2025,16,REG,,,,,,,,,,,,,,,,,,,,,,,,,,5.0,8.0,42.0,0.0,,,,,,,,,,,,,,
00-0040234,Q.Ewers,Quinn Ewers,QB,QB,,MIA,2025,16,REG,,20.0,30.0,260.0,0.0,2.0,,,,,,,,,,,,,,,,,,,,,,,,,,,,,,,,,,,,,
00-0040398,B.Cook,Brady Cook,QB,QB,,NYJ,2025,16,REG,,22.0,35.0,188.0,0.0,1.0,,,,,,,,,,,,,,,,,,,,,,,,,,,,,,,,,,,,,
00-0040466,R.Sanders,Raheim Sanders,RB,RB,,CLE,2025,16,REG,,,,,,,,,,,,,,,,,,11.0,42.0,0.0,,,,,,,,,,,,,,,,,,,,,,,
00-0040590,K.Mumpfield,Konata Mumpfield,WR,WR,,LAR,2025,16,REG,,,,,,,,,,,,,,,,,,,,,,,,,,3.0,8.0,40.0,0.0,,,,,,,,,,,,,,
00-0040663,H.Fannin,Harold Fannin Jr.,TE,TE,,CLE,2025,16,REG,,,,,,,,,,,,,,,,,,,,,,,,,,4.0,6.0,34.0,1.0,,,,,,,,,,,,,,
00-0040666,O.Hampton,Omarion Hampton,RB,RB,,LAC,2025,16,REG,,,,,,,,,,,,,,,,,,16.0,85.0,1.0,,,,,,,,,,,,,,,,,,,,,,,
00-0040668,S.Sanders,Shedeur Sanders,QB,QB,,CLE,2025,16,REG,,20.0,29.0,157.0,1.0,2.0,,,,,,,,,,,,,,,,,,,,,,,,,,,,,,,,,,,,,
00-0040669,I.TeSlaa,Isaac TeSlaa,WR,WR,,DET,2025,16,REG,,,,,,,,,,,,,,,,,,,,,,,,,,4.0,7.0,52.0,1.0,,,,,,,,,,,,,,
00-0040676,C.Ward,Cam Ward,QB,QB,,TEN,2025,16,REG,,21.0,28.0,228.0,2.0,0.0,,,,,,,,,,,,,,,,,,,,,,,,,,,,,,,,,,,,,
00-0040705,C.Dike,Chimere Dike,WR,WR,,TEN,2025,16,REG,,,,,,,,,,,,,,,,,,,,,,,,,,3.0,5.0,40.0,1.0,,,,,,,,,,,,,,
00-0040727,T.Harris,Tre Harris,WR,WR,,LAC,2025,16,REG,,,,,,,,,,,,,,,,,,,,,,,,,,4.0,5.0,54.0,0.0,,,,,,,,,,,,,,
00-0040743,T.Shough,Tyler Shough,QB,QB,,NO,2025,16,REG,,32.0,49.0,308.0,1.0,0.0,,,,,,,,,,,,,,,,,,,,,,,,,,,,,,,,,,,,,
00-0022942,P.Rivers,Philip Rivers,QB,QB,,IND,2025,17,REG,,17.0,30.0,147.0,1.0,1.0,,,,,,,,,,,,,,,,,,,,,,,,,,,,,,,,,,,,,
00-0023459,A.Rodgers,Aaron Rodgers,QB,QB,,PIT,2025,17,REG,,21.0,39.0,168.0,0.0,0.0,,,,,,,,,,,,,,,,,,,,,,,,,,,,,,,,,,,,,
00-0026300,J.Johnson,Josh Johnson,QB,QB,,WAS,2025,17,REG,,15.0,23.0,198.0,0.0,0.0,,,,,,,,,,,,,,,,,,,,,,,,,,,,,,,,,,,,,
00-0026498,M.Stafford,Matthew Stafford,QB,QB,,LAR,2025,17,REG,,22.0,38.0,269.0,2.0,3.0,,,,,,,,,,,,,,,,,,,,,,,,,,,,,,,,,,,,,
00-0029604,K.Cousins,Kirk Cousins,QB,QB,,ATL,2025,17,REG,,13.0,20.0,126.0,1.0,0.0,,,,,,,,,,,,,,,,,,,,,,,,,,,,,,,,,,,,,
00-0030035,A.Thielen,Adam Thielen,WR,WR,,PIT,2025,17,REG,,,,,,,,,,,,,,,,,,,,,,,,,,2.0,5.0,14.0,0.0,,,,,,,,,,,,,,
00-0030506,T.Kelce,Travis Kelce,TE,TE,,KC,2025,17,REG,,,,,,,,,,,,,,,,,,,,,,,,,,5.0,6.0,36.0,0.0,,,,,,,,,,,,,,
00-0030565,G.Smith,Geno Smith,QB,QB,,LV,2025,17,REG,,20.0,28.0,176.0,1.0,2.0,,,,,,,,,,,,,,,,,,,,,,,,,,,,,,,,,,,,,
00-0031236,B.Cooks,Brandin Cooks,WR,WR,,BUF,2025,17,REG,,,,,,,,,,,,,,,,,,,,,,,,,,4.0,6.0,101.0,0.0,,,,,,,,,,,,,,
00-0031408,M.Evans,Mike Evans,WR,WR,,TB,2025,17,REG,,,,,,,,,,,,,,,,,,,,,,,,,,3.0,7.0,31.0,1.0,,,,,,,,,,,,,,
00-0031588,S.Diggs,Stefon Diggs,WR,WR,,NE,2025,17,REG,,,,,,,,,,,,,,,,,,,,,,,,,,6.0,6.0,101.0,1.0,,,,,,,,,,,,,,
00-0032764,D.Henry,Derrick Henry,RB,RB,,BAL,2025,17,REG,,,,,,,,,,,,,,,,,,36.0,216.0,4.0,,,,,,,,,,,,,,,,,,,,,,,
00-0033077,D.Prescott,Dak Prescott,QB,QB,,DAL,2025,17,REG,,19.0,37.0,307.0,2.0,0.0,,,,,,,,,,,,,,,,,,,,,,,,,,,,,,,,,,,,,
00-0033106,J.Goff,Jared Goff,QB,QB,,DET,2025,17,REG,,18.0,29.0,197.0,1.0,2.0,,,,,,,,,,,,,,,,,,,,,,,,,,,,,,,,,,,,,
00-0033119,J.Brissett,Jacoby Brissett,QB,QB,,ARI,2025,17,REG,,21.0,37.0,212.0,2.0,0.0,,,,,,,,,,,,,,,,,,,,,,,,,,,,,,,,,,,,,
00-0033280,C.McCaffrey,Christian McCaffrey,RB,RB,,SF,2025,17,REG,,,,,,,,,,,,,,,,,,23.0,140.0,1.0,,,,,,,,,,,,,,,,,,,,,,,
00-0033293,A.Jones,Aaron Jones,RB,RB,,MIN,2025,17,REG,,,,,,,,,,,,,,,,,,18.0,53.0,1.0,,,,,,,,,,,,,,,,,,,,,,,
00-0033858,J.Smith,Jonnu Smith,TE,TE,,PIT,2025,17,REG,,,,,,,,,,,,,,,,,,,,,,,,,,5.0,5.0,18.0,0.0,,,,,,,,,,,,,,
00-0033921,C.Godwin,Chris Godwin Jr.,WR,WR,,TB,2025,17,REG,,,,,,,,,,,,,,,,,,,,,,,,,,7.0,8.0,108.0,1.0,,,,,,,,,,,,,,
00-0034272,M.Valdes-Scantling,Marquez Valdes-Scantling,WR,WR,,PIT,2025,17,REG,,,,,,,,,,,,,,,,,,,,,,,,,,3.0,9.0,21.0,0.0,,,,,,,,,,,,,,
00-0034348,C.Sutton,Courtland Sutton,WR,WR,,DEN,2025,17,REG,,,,,,,,,,,,,,,,,,,,,,,,,,4.0,10.0,40.0,0.0,,,,,,,,,,,,,,
00-0034351,D.Goedert,Dallas Goedert,TE,TE,,PHI,2025,17,REG,,,,,,,,,,,,,,,,,,,,,,,,,,3.0,6.0,8.0,1.0,,,,,,,,,,,,,,
00-0034775,C.Kirk,Christian Kirk,WR,WR,,HOU,2025,17,REG,,,,,,,,,,,,,,,,,,,,,,,,,,2.0,5.0,1.0,0.0,,,,,,,,,,,,,,
00-0034844,S.Barkley,Saquon Barkley,RB,RB,,PHI,2025,17,REG,,,,,,,,,,,,,,,,,,19.0,68.0,0.0,,,,,,,,,,,,,,,,,,,,,,,
00-0034855,B.Mayfield,Baker Mayfield,QB,QB,,TB,2025,17,REG,,33.0,44.0,346.0,2.0,2.0,,,,,,,,,,,,,,,,,,,,,,,,,,,,,,,,,,,,,
00-0034857,J.Allen,Josh Allen,QB,QB,,BUF,2025,17,REG,,23.0,35.0,262.0,0.0,0.0,,,,,,,,,,,,,,,,,,,,,,,,,,,,,,,,,,,,,
00-0034869,S.Darnold,Sam Darnold,QB,QB,,SEA,2025,17,REG,,18.0,27.0,147.0,1.0,1.0,,,,,,,,,,,,,,,,,,,,,,,,,,,,,,,,,,,,,
00-0034960,J.Meyers,Jakobi Meyers,WR,WR,,JAX,2025,17,REG,,,,,,,,,,,,,,,,,,,,,,,,,,6.0,9.0,39.0,0.0,,,,,,,,,,,,,,
00-0035261,T.Pollard,Tony Pollard,RB,RB,,TEN,2025,17,REG,,,,,,,,,,,,,,,,,,18.0,85.0,0.0,,,,,,,,,,,,,,,,,,,,,,,
00-0035298,S.Miller,Scott Miller,WR,WR,,PIT,2025,17,REG,,,,,,,,,,,,,,,,,,,,,,,,,,3.0,7.0,25.0,0.0,,,,,,,,,,,,,,
00-0035406,L.Humphrey,Lil'Jordan Humphrey,WR,WR,,DEN,2025,17,REG,,,,,,,,,,,,,,,,,,,,,,,,,,2.0,5.0,23.0,0.0,,,,,,,,,,,,,,
00-0035659,T.McLaurin,Terry McLaurin,WR,WR,,WAS,2025,17,REG,,,,,,,,,,,,,,,,,,,,,,,,,,5.0,7.0,63.0,0.0,,,,,,,,,,,,,,
00-0035676,A.Brown,A.J. Brown,WR,WR,,PHI,2025,17,REG,,,,,,,,,,,,,,,,,,,,,,,,,,5.0,7.0,68.0,0.0,,,,,,,,,,,,,,
00-0035685,D.Montgomery,David Montgomery,RB,RB,,DET,2025,17,REG,,,,,,,,,,,,,,,,,,10.0,25.0,0.0,,,,,,,,,,,,,,,,,,,,,,,
00-0035689,D.Knox,Dawson Knox,TE,TE,,BUF,2025,17,REG,,,,,,,,,,,,,,,,,,,,,,,,,,5.0,5.0,30.0,0.0,,,,,,,,,,,,,,
00-0035993,T.Huntley,Tyler Huntley,QB,QB,,BAL,2025,17,REG,,16.0,20.0,107.0,1.0,0.0,,,,,,,,,,,,,,,,,,,,,,,,,,,,,,,,,,,,,
00-0036133,J.Proche,James Proche,WR,WR,,TEN,2025,17,REG,,,,,,,,,,,,,,,,,,,,,,,,,,1.0,5.0,5.0,0.0,,,,,,,,,,,,,,
00-0036139,R.Dowdle,Rico Dowdle,RB,RB,,CAR,2025,17,REG,,,,,,,,,,,,,,,,,,12.0,59.0,0.0,,,,,,,,,,,,,,,,,,,,,,,
00-0036223,J.Taylor,Jonathan Taylor,RB,RB,,IND,2025,17,REG,,,,,,,,,,,,,,,,,,21.0,70.0,1.0,,,,,,,,,,,,,,,,,,,,,,,
00-0036244,C.Parkinson,Colby Parkinson,TE,TE,,LAR,2025,17,REG,,,,,,,,,,,,,,,,,,,,,,,,,,6.0,7.0,53.0,0.0,,,,,,,,,,,,,,
00-0036322,J.Jefferson,Justin Jefferson,WR,WR,,MIN,2025,17,REG,,,,,,,,,,,,,,,,,,,,,,,,,,4.0,5.0,30.0,0.0,,,,,,,,,,,,,,
00-0036355,J.Herbert,Justin Herbert,QB,QB,,LAC,2025,17,REG,,21.0,32.0,236.0,1.0,1.0,,,,,,,,,,,,,,,,,,,,,,,,,,,,,,,,,,,,,
00-0036358,C.Lamb,CeeDee Lamb,WR,WR,,DAL,2025,17,REG,,,,,,,,,,,,,,,,,,,,,,,,,,5.0,10.0,46.0,0.0,,,,,,,,,,,,,,
00-0036389,J.Hurts,Jalen Hurts,QB,QB,,PHI,2025,17,REG,,13.0,27.0,110.0,1.0,0.0,,,,,,,,,,,,,,,,,,,,,,,,,,,,,,,,,,,,,
00-0036407,J.Jeudy,Jerry Jeudy,WR,WR,,CLE,2025,17,REG,,,,,,,,,,,,,,,,,,,,,,,,,,5.0,7.0,54.0,0.0,,,,,,,,,,,,,,
00-0036410,T.Higgins,Tee Higgins,WR,WR,,CIN,2025,17,REG,,,,,,,,,,,,,,,,,,,,,,,,,,4.0,5.0,59.0,0.0,,,,,,,,,,,,,,
00-0036442,J.Burrow,Joe Burrow,QB,QB,,CIN,2025,17,REG,,24.0,31.0,305.0,2.0,0.0,,,,,,,,,,,,,,,,,,,,,,,,,,,,,,,,,,,,,
00-0036894,P.Freiermuth,Pat Freiermuth,TE,TE,,PIT,2025,17,REG,,,,,,,,,,,,,,,,,,,,,,,,,,3.0,5.0,63.0,0.0,,,,,,,,,,,,,,
00-0036900,J.Chase,Ja'Marr Chase,WR,WR,,CIN,2025,17,REG,,,,,,,,,,,,,,,,,,,,,,,,,,7.0,9.0,60.0,2.0,,,,,,,,,,,,,,
00-0036912,D.Smith,DeVonta Smith,WR,WR,,PHI,2025,17,REG,,,,,,,,,,,,,,,,,,,,,,,,,,2.0,5.0,25.0,0.0,,,,,,,,,,,,,,
00-0036963,A.St. Brown,Amon-Ra St. Brown,WR,WR,,DET,2025,17,REG,,,,,,,,,,,,,,,,,,,,,,,,,,8.0,13.0,68.0,0.0,,,,,,,,,,,,,,
00-0036971,T.Lawrence,Trevor Lawrence,QB,QB,,JAX,2025,17,REG,,23.0,37.0,263.0,0.0,1.0,,,,,,,,,,,,,,,,,,,,,,,,,,,,,,,,,,,,,
00-0036973,T.Etienne,Travis Etienne,RB,RB,,JAX,2025,17,REG,,,,,,,,,,,,,,,,,,17.0,76.0,0.0,,,,,,,,,,,,,,,,,,,,,,,
00-0036997,J.Williams,Javonte Williams,RB,RB,,DAL,2025,17,REG,,,,,,,,,,,,,,,,,,13.0,54.0,1.0,,,,,,,,,,,,,,,,,,,,,,,
00-0037112,J.Tonges,Jake Tonges,TE,TE,,SF,2025,17,REG,,,,,,,,,,,,,,,,,,,,,,,,,,7.0,9.0,60.0,1.0,,,,,,,,,,,,,,
00-0037228,J.Warren,Jaylen Warren,RB,RB,,PIT,2025,17,REG,,,,,,,,,,,,,,,,,,12.0,64.0,0.0,,,,,,,,,,,,,,,,,,,,,,,
00-0037231,K.Austin,Kevin Austin Jr.,WR,WR,,NO,2025,17,REG,,,,,,,,,,,,,,,,,,,,,,,,,,4.0,5.0,52.0,1.0,,,,,,,,,,,,,,
00-0037239,C.Olave,Chris Olave,WR,WR,,NO,2025,17,REG,,,,,,,,,,,,,,,,,,,,,,,,,,8.0,11.0,119.0,1.0,,,,,,,,,,,,,,
00-0037247,G.Pickens,George Pickens,WR,WR,,DAL,2025,17,REG,,,,,,,,,,,,,,,,,,,,,,,,,,4.0,5.0,78.0,0.0,,,,,,,,,,,,,,
00-0037248,J.Cook,James Cook,RB,RB,,BUF,2025,17,REG,,,,,,,,,,,,,,,,,,20.0,74.0,0.0,,,,,,,,,,,,,,,,,,,,,,,
00-0037252,G.Dulcich,Greg Dulcich,TE,TE,,MIA,2025,17,REG,,,,,,,,,,,,,,,,,,,,,,,,,,5.0,6.0,58.0,1.0,,,,,,,,,,,,,,
00-0037261,K.Shakir,Khalil Shakir,WR,WR,,BUF,2025,17,REG,,,,,,,,,,,,,,,,,,,,,,,,,,6.0,7.0,35.0,0.0,,,,,,,,,,,,,,
00-0037263,T.Allgeier,Tyler Allgeier,RB,RB,,ATL,2025,17,REG,,,,,,,,,,,,,,,,,,10.0,23.0,0.0,,,,,,,,,,,,,,,,,,,,,,,
00-0037324,C.Oladokun,Chris Oladokun,QB,QB,,KC,2025,17,REG,,13.0,22.0,66.0,1.0,0.0,,,,,,,,,,,,,,,,,,,,,,,,,,,,,,,,,,,,,
00-0037563,M.Davis,Malik Davis,RB,RB,,DAL,2025,17,REG,,,,,,,,,,,,,,,,,,20.0,103.0,0.0,,,,,,,,,,,,,,,,,,,,,,,
00-0037664,A.Pierce,Alec Pierce,WR,WR,,IND,2025,17,REG,,,,,,,,,,,,,,,,,,,,,,,,,,0.0,5.0,,0.0,,,,,,,,,,,,,,
00-0037666,J.Tolbert,Jalen Tolbert,WR,WR,,DAL,2025,17,REG,,,,,,,,,,,,,,,,,,,,,,,,,,4.0,8.0,31.0,0.0,,,,,,,,,,,,,,
00-0037744,T.McBride,Trey McBride,TE,TE,,ARI,2025,17,REG,,,,,,,,,,,,,,,,,,,,,,,,,,10.0,13.0,76.0,1.0,,,,,,,,,,,,,,
00-0037809,C.Okonkwo,Chig Okonkwo,TE,TE,,TEN,2025,17,REG,,,,,,,,,,,,,,,,,,,,,,,,,,3.0,7.0,55.0,1.0,,,,,,,,,,,,,,
00-0037834,B.Purdy,Brock Purdy,QB,QB,,SF,2025,17,REG,,24.0,33.0,303.0,3.0,1.0,,,,,,,,,,,,,,,,,,,,,,,,,,,,,,,,,,,,,
00-0037840,K.Williams,Kyren Williams,RB,RB,,LAR,2025,17,REG,,,,,,,,,,,,,,,,,,13.0,92.0,0.0,,,,,,,,,,,,,,,,,,,,,,,
00-0038117,W.Robinson,Wan'Dale Robinson,WR,WR,,NYG,2025,17,REG,,,,,,,,,,,,,,,,,,,,,,,,,,11.0,14.0,113.0,0.0,,,,,,,,,,,,,,
00-0038120,B.Hall,Breece Hall,RB,RB,,NYJ,2025,17,REG,,,,,,,,,,,,,,,,,,14.0,111.0,1.0,,,,,,,,,,,,,,,,,,,,,,,
00-0038124,C.Watson,Christian Watson,WR,WR,,GB,2025,17,REG,,,,,,,,,,,,,,,,,,,,,,,,,,5.0,6.0,113.0,1.0,,,,,,,,,,,,,,
00-0038128,M.Willis,Malik Willis,QB,QB,,GB,2025,17,REG,,18.0,21.0,288.0,1.0,0.0,,,,,,,,,,,,,,,,,,,,,,,,,,,,,,,,,,,,,
00-0038134,K.Walker,Kenneth Walker III,RB,RB,,SEA,2025,17,REG,,,,,,,,,,,,,,,,,,15.0,51.0,0.0,,,,,,,,,,,,,,,,,,,,,,,
00-0038359,X.Smith,Xavier Smith,WR,WR,,LAR,2025,17,REG,,,,,,,,,,,,,,,,,,,,,,,,,,4.0,6.0,67.0,0.0,,,,,,,,,,,,,,
00-0038542,B.Robinson,Bijan Robinson,RB,RB,,ATL,2025,17,REG,,,,,,,,,,,,,,,,,,22.0,195.0,1.0,,,,,,,,,,,,,,,,,,,,,,,
00-0038543,J.Smith-Njigba,Jaxon Smith-Njigba,WR,WR,,SEA,2025,17,REG,,,,,,,,,,,,,,,,,,,,,,,,,,9.0,12.0,72.0,0.0,,,,,,,,,,,,,,
00-0038544,Q.Johnston,Quentin Johnston,WR,WR,,LAC,2025,17,REG,,,,,,,,,,,,,,,,,,,,,,,,,,5.0,8.0,98.0,0.0,,,,,,,,,,,,,,
00-0038559,M.Wilson,Michael Wilson,WR,WR,,ARI,2025,17,REG,,,,,,,,,,,,,,,,,,,,,,,,,,5.0,10.0,89.0,1.0,,,,,,,,,,,,,,
00-0038563,T.Tucker,Tre Tucker,WR,WR,,LV,2025,17,REG,,,,,,,,,,,,,,,,,,,,,,,,,,5.0,6.0,49.0,0.0,,,,,,,,,,,,,,
00-0038597,C.Brown,Chase Brown,RB,RB,,CIN,2025,17,REG,,,,,,,,,,,,,,,,,,22.0,101.0,2.0,,,,,,,,,,,,,,,,,,,,,,,
00-0038606,P.Washington,Parker Washington,WR,WR,,JAX,2025,17,REG,,,,,,,,,,,,,,,,,,,,,,,,,,8.0,10.0,115.0,0.0,,,,,,,,,,,,,,
00-0038619,A.Iosivas,Andrei Iosivas,WR,WR,,CIN,2025,17,REG,,,,,,,,,,,,,,,,,,,,,,,,,,4.0,6.0,41.0,0.0,,,,,,,,,,,,,,
00-0038935,B.Strange,Brenton Strange,TE,TE,,JAX,2025,17,REG,,,,,,,,,,,,,,,,,,,,,,,,,,3.0,5.0,54.0,0.0,,,,,,,,,,,,,,
00-0038997,J.Downs,Josh Downs,WR,WR,,IND,2025,17,REG,,,,,,,,,,,,,,,,,,,,,,,,,,2.0,5.0,34.0,0.0,,,,,,,,,,,,,,
00-0039040,D.Achane,De'Von Achane,RB,RB,,MIA,2025,17,REG,,,,,,,,,,,,,,,,,,18.0,83.0,0.0,,,,,,,,,,,,,,,,,,,,,,,
00-0039064,Z.Flowers,Zay Flowers,WR,WR,,BAL,2025,17,REG,,,,,,,,,,,,,,,,,,,,,,,,,,4.0,5.0,30.0,1.0,,,,,,,,,,,,,,
00-0039066,M.Mayer,Michael Mayer,TE,TE,,LV,2025,17,REG,,,,,,,,,,,,,,,,,,,,,,,,,,9.0,10.0,89.0,0.0,,,,,,,,,,,,,,
00-0039075,P.Nacua,Puka Nacua,WR,WR,,LAR,2025,17,REG,,,,,,,,,,,,,,,,,,,,,,,,,,5.0,10.0,47.0,1.0,,,,,,,,,,,,,,
00-0039139,J.Gibbs,Jahmyr Gibbs,RB,RB,,DET,2025,17,REG,,,,,,,,,,,,,,,,,,17.0,41.0,0.0,,,,,,,,,,,,,,,,,,,,,,,
00-0039150,B.Young,Bryce Young,QB,QB,,CAR,2025,17,REG,,14.0,24.0,54.0,0.0,1.0,,,,,,,,,,,,,,,,,,,,,,,,,,,,,,,,,,,,,
00-0039163,C.Stroud,C.J. Stroud,QB,QB,,HOU,2025,17,REG,,16.0,28.0,244.0,2.0,2.0,,,,,,,,,,,,,,,,,,,,,,,,,,,,,,,,,,,,,
00-0039165,Z.Charbonnet,Zach Charbonnet,RB,RB,,SEA,2025,17,REG,,,,,,,,,,,,,,,,,,18.0,110.0,2.0,,,,,,,,,,,,,,,,,,,,,,,
00-0039373,A.Estime,Audric Estimé,RB,RB,,NO,2025,17,REG,,,,,,,,,,,,,,,,,,14.0,94.0,1.0,,,,,,,,,,,,,,,,,,,,,,,
00-0039384,T.Tracy,Tyrone Tracy Jr.,RB,RB,,NYG,2025,17,REG,,,,,,,,,,,,,,,,,,14.0,62.0,0.0,,,,,,,,,,,,,,,,,,,,,,,
00-0039451,I.Williams,Isaiah Williams,WR,WR,,NYJ,2025,17,REG,,,,,,,,,,,,,,,,,,,,,,,,,,4.0,5.0,30.0,0.0,,,,,,,,,,,,,,
00-0039732,B.Nix,Bo Nix,QB,QB,,DEN,2025,17,REG,,26.0,38.0,182.0,1.0,1.0,,,,,,,,,,,,,,,,,,,,,,,,,,,,,,,,,,,,,
00-0039851,D.Maye,Drake Maye,QB,QB,,NE,2025,17,REG,,19.0,21.0,256.0,5.0,0.0,,,,,,,,,,,,,,,,,,,,,,,,,,,,,,,,,,,,,
00-0039855,J.McMillan,Jalen McMillan,WR,WR,,TB,2025,17,REG,,,,,,,,,,,,,,,,,,,,,,,,,,7.0,9.0,114.0,0.0,,,,,,,,,,,,,,
00-0039890,A.Mitchell,Adonai Mitchell,WR,WR,,NYJ,2025,17,REG,,,,,,,,,,,,,,,,,,,,,,,,,,3.0,9.0,22.0,0.0,,,,,,,,,,,,,,
00-0039893,B.Thomas,Brian Thomas Jr.,WR,WR,,JAX,2025,17,REG,,,,,,,,,,,,,,,,,,,,,,,,,,4.0,7.0,39.0,0.0,,,,,,,,,,,,,,
00-0039916,R.Pearsall,Ricky Pearsall,WR,WR,,SF,2025,17,REG,,,,,,,,,,,,,,,,,,,,,,,,,,5.0,8.0,85.0,0.0,,,,,,,,,,,,,,
00-0039918,C.Williams,Caleb Williams,QB,QB,,CHI,2025,17,REG,,25.0,42.0,330.0,2.0,0.0,,,,,,,,,,,,,,,,,,,,,,,,,,,,,,,,,,,,,
00-0040122,A.Jeanty,Ashton Jeanty,RB,RB,,LV,2025,17,REG,,,,,,,,,,,,,,,,,,16.0,60.0,0.0,,,,,,,,,,,,,,,,,,,,,,,
00-0040126,C.Loveland,Colston Loveland,TE,TE,,CHI,2025,17,REG,,,,,,,,,,,,,,,,,,,,,,,,,,6.0,10.0,94.0,1.0,,,,,,,,,,,,,,
00-0040128,T.Warren,Tyler Warren,TE,TE,,IND,2025,17,REG,,,,,,,,,,,,,,,,,,,,,,,,,,5.0,5.0,43.0,0.0,,,,,,,,,,,,,,
00-0040129,E.Egbuka,Emeka Egbuka,WR,WR,,TB,2025,17,REG,,,,,,,,,,,,,,,,,,,,,,,,,,3.0,5.0,20.0,0.0,,,,,,,,,,,,,,
00-0040131,K.Williams,Kyle Williams,WR,WR,,NE,2025,17,REG,,,,,,,,,,,,,,,,,,,,,,,,,,3.0,5.0,20.0,0.0,,,,,,,,,,,,,,
00-0040162,D.Sampson,Dylan Sampson,RB,RB,,CLE,2025,17,REG,,,,,,,,,,,,,,,,,,11.0,27.0,0.0,,,,,,,,,,,,,,,,,,,,,,,
00-0040170,E.Ayomanor,Elic Ayomanor,WR,WR,,TEN,2025,17,REG,,,,,,,,,,,,,,,,,,,,,,,,,,4.0,7.0,37.0,1.0,,,,,,,,,,,,,,
00-0040189,O.Gadsden,Oronde Gadsden II,TE,TE,,LAC,2025,17,REG,,,,,,,,,,,,,,,,,,,,,,,,,,3.0,6.0,32.0,1.0,,,,,,,,,,,,,,
00-0040234,Q.Ewers,Quinn Ewers,QB,QB,,MIA,2025,17,REG,,14.0,22.0,172.0,2.0,0.0,,,,,,,,,,,,,,,,,,,,,,,,,,,,,,,,,,,,,
00-0040242,J.Croskey-Merritt,Jacory Croskey-Merritt,RB,RB,,WAS,2025,17,REG,,,,,,,,,,,,,,,,,,11.0,105.0,2.0,,,,,,,,,,,,,,,,,,,,,,,
00-0040398,B.Cook,Brady Cook,QB,QB,,NYJ,2025,17,REG,,19.0,33.0,152.0,0.0,1.0,,,,,,,,,,,,,,,,,,,,,,,,,,,,,,,,,,,,,
00-0040494,M.Brosmer,Max Brosmer,QB,QB,,MIN,2025,17,REG,,9.0,16.0,51.0,0.0,0.0,,,,,,,,,,,,,,,,,,,,,,,,,,,,,,,,,,,,,
00-0040583,W.Marks,Woody Marks,RB,RB,,HOU,2025,17,REG,,,,,,,,,,,,,,,,,,19.0,71.0,0.0,,,,,,,,,,,,,,,,,,,,,,,
00-0040590,K.Mumpfield,Konata Mumpfield,WR,WR,,LAR,2025,17,REG,,,,,,,,,,,,,,,,,,,,,,,,,,2.0,5.0,10.0,0.0,,,,,,,,,,,,,,
00-0040666,O.Hampton,Omarion Hampton,RB,RB,,LAC,2025,17,REG,,,,,,,,,,,,,,,,,,14.0,29.0,1.0,,,,,,,,,,,,,,,,,,,,,,,
00-0040668,S.Sanders,Shedeur Sanders,QB,QB,,CLE,2025,17,REG,,17.0,23.0,186.0,1.0,2.0,,,,,,,,,,,,,,,,,,,,,,,,,,,,,,,,,,,,,
00-0040676,C.Ward,Cam Ward,QB,QB,,TEN,2025,17,REG,,21.0,40.0,251.0,2.0,0.0,,,,,,,,,,,,,,,,,,,,,,,,,,,,,,,,,,,,,
00-0040691,J.Dart,Jaxson Dart,QB,QB,,NYG,2025,17,REG,,22.0,30.0,207.0,0.0,0.0,,,,,,,,,,,,,,,,,,,,,,,,,,,,,,,,,,,,,
00-0040705,C.Dike,Chimere Dike,WR,WR,,TEN,2025,17,REG,,,,,,,,,,,,,,,,,,,,,,,,,,4.0,5.0,55.0,0.0,,,,,,,,,,,,,,
00-0040730,R.Harvey,RJ Harvey,RB,RB,,DEN,2025,17,REG,,,,,,,,,,,,,,,,,,14.0,43.0,0.0,,,,,,,,,,,,,,,,,,,,,,,
00-0040734,T.Henderson,TreVeyon Henderson,RB,RB,,NE,2025,17,REG,,,,,,,,,,,,,,,,,,19.0,82.0,0.0,,,,,,,,,,,,,,,,,,,,,,,
00-0040735,L.Burden,Luther Burden III,WR,WR,,CHI,2025,17,REG,,,,,,,,,,,,,,,,,,,,,,,,,,8.0,9.0,138.0,1.0,,,,,,,,,,,,,,
00-0040743,T.Shough,Tyler Shough,QB,QB,,NO,2025,17,REG,,22.0,27.0,333.0,2.0,0.0,,,,,,,,,,,,,,,,,,,,,,,,,,,,,,,,,,,,,
00-0023459,A.Rodgers,Aaron Rodgers,QB,QB,,PIT,2025,18,REG,,31.0,47.0,294.0,1.0,0.0,,,,,,,,,,,,,,,,,,,,,,,,,,,,,,,,,,,,,
00-0026300,J.Johnson,Josh Johnson,QB,QB,,WAS,2025,18,REG,,14.0,22.0,131.0,1.0,1.0,,,,,,,,,,,,,,,,,,,,,,,,,,,,,,,,,,,,,
00-0026498,M.Stafford,Matthew Stafford,QB,QB,,LAR,2025,18,REG,,25.0,40.0,259.0,4.0,0.0,,,,,,,,,,,,,,,,,,,,,,,,,,,,,,,,,,,,,
00-0029604,K.Cousins,Kirk Cousins,QB,QB,,ATL,2025,18,REG,,18.0,32.0,180.0,1.0,1.0,,,,,,,,,,,,,,,,,,,,,,,,,,,,,,,,,,,,,
00-0030035,A.Thielen,Adam Thielen,WR,WR,,PIT,2025,18,REG,,,,,,,,,,,,,,,,,,,,,,,,,,3.0,6.0,43.0,0.0,,,,,,,,,,,,,,
00-0030279,K.Allen,Keenan Allen,WR,WR,,LAC,2025,18,REG,,,,,,,,,,,,,,,,,,,,,,,,,,7.0,13.0,36.0,0.0,,,,,,,,,,,,,,
00-0030506,T.Kelce,Travis Kelce,TE,TE,,KC,2025,18,REG,,,,,,,,,,,,,,,,,,,,,,,,,,3.0,6.0,12.0,0.0,,,,,,,,,,,,,,
00-0032211,T.Lockett,Tyler Lockett,WR,WR,,LV,2025,18,REG,,,,,,,,,,,,,,,,,,,,,,,,,,1.0,5.0,5.0,0.0,,,,,,,,,,,,,,
00-0032434,B.Allen,Brandon Allen,QB,QB,,TEN,2025,18,REG,,17.0,30.0,72.0,0.0,1.0,,,,,,,,,,,,,,,,,,,,,,,,,,,,,,,,,,,,,
00-0032764,D.Henry,Derrick Henry,RB,RB,,BAL,2025,18,REG,,,,,,,,,,,,,,,,,,20.0,126.0,0.0,,,,,,,,,,,,,,,,,,,,,,,
00-0033090,H.Henry,Hunter Henry,TE,TE,,NE,2025,18,REG,,,,,,,,,,,,,,,,,,,,,,,,,,5.0,5.0,56.0,0.0,,,,,,,,,,,,,,
00-0033106,J.Goff,Jared Goff,QB,QB,,DET,2025,18,REG,,27.0,42.0,331.0,1.0,1.0,,,,,,,,,,,,,,,,,,,,,,,,,,,,,,,,,,,,,
00-0033110,T.Higbee,Tyler Higbee,TE,TE,,LAR,2025,18,REG,,,,,,,,,,,,,,,,,,,,,,,,,,5.0,6.0,91.0,1.0,,,,,,,,,,,,,,
00-0033119,J.Brissett,Jacoby Brissett,QB,QB,,ARI,2025,18,REG,,22.0,31.0,243.0,2.0,1.0,,,,,,,,,,,,,,,,,,,,,,,,,,,,,,,,,,,,,
00-0033288,G.Kittle,George Kittle,TE,TE,,SF,2025,18,REG,,,,,,,,,,,,,,,,,,,,,,,,,,5.0,7.0,29.0,0.0,,,,,,,,,,,,,,
00-0033869,M.Trubisky,Mitchell Trubisky,QB,QB,,BUF,2025,18,REG,,22.0,29.0,259.0,4.0,0.0,,,,,,,,,,,,,,,,,,,,,,,,,,,,,,,,,,,,,
00-0034159,W.Dissly,Will Dissly,TE,TE,,LAC,2025,18,REG,,,,,,,,,,,,,,,,,,,,,,,,,,1.0,5.0,6.0,0.0,,,,,,,,,,,,,,
00-0034272,M.Valdes-Scantling,Marquez Valdes-Scantling,WR,WR,,PIT,2025,18,REG,,,,,,,,,,,,,,,,,,,,,,,,,,5.0,7.0,34.0,0.0,,,,,,,,,,,,,,
00-0034796,L.Jackson,Lamar Jackson,QB,QB,,BAL,2025,18,REG,,11.0,18.0,238.0,3.0,1.0,,,,,,,,,,,,,,,,,,,,,,,,,,,,,,,,,,,,,
00-0034855,B.Mayfield,Baker Mayfield,QB,QB,,TB,2025,18,REG,,16.0,22.0,203.0,1.0,1.0,,,,,,,,,,,,,,,,,,,,,,,,,,,,,,,,,,,,,
00-0034860,D.Pettis,Dante Pettis,WR,WR,,NO,2025,18,REG,,,,,,,,,,,,,,,,,,,,,,,,,,5.0,5.0,60.0,0.0,,,,,,,,,,,,,,
00-0034869,S.Darnold,Sam Darnold,QB,QB,,SEA,2025,18,REG,,20.0,26.0,198.0,0.0,0.0,,,,,,,,,,,,,,,,,,,,,,,,,,,,,,,,,,,,,
00-0034960,J.Meyers,Jakobi Meyers,WR,WR,,JAX,2025,18,REG,,,,,,,,,,,,,,,,,,,,,,,,,,5.0,6.0,44.0,0.0,,,,,,,,,,,,,,
00-0035261,T.Pollard,Tony Pollard,RB,RB,,TEN,2025,18,REG,,,,,,,,,,,,,,,,,,14.0,48.0,0.0,,,,,,,,,,,,,,,,,,,,,,,
00-0035535,D.Slayton,Darius Slayton,WR,WR,,NYG,2025,18,REG,,,,,,,,,,,,,,,,,,,,,,,,,,4.0,9.0,34.0,0.0,,,,,,,,,,,,,,
00-0035537,Ty.Johnson,Ty Johnson,RB,RB,,BUF,2025,18,REG,,,,,,,,,,,,,,,,,,13.0,36.0,1.0,,,,,,,,,,,,,,,,,,,,,,,
00-0035645,G.Olszewski,Gunner Olszewski,WR,WR,,NYG,2025,18,REG,,,,,,,,,,,,,,,,,,,,,,,,,,8.0,9.0,102.0,0.0,,,,,,,,,,,,,,
00-0035662,M.Brown,Marquise Brown,WR,WR,,KC,2025,18,REG,,,,,,,,,,,,,,,,,,,,,,,,,,3.0,6.0,64.0,0.0,,,,,,,,,,,,,,
00-0035719,D.Samuel,Deebo Samuel Sr.,WR,WR,,WAS,2025,18,REG,,,,,,,,,,,,,,,,,,,,,,,,,,2.0,5.0,20.0,0.0,,,,,,,,,,,,,,
00-0036040,J.Johnson,Juwan Johnson,TE,TE,,NO,2025,18,REG,,,,,,,,,,,,,,,,,,,,,,,,,,3.0,5.0,61.0,0.0,,,,,,,,,,,,,,
00-0036196,G.Davis,Gabe Davis,WR,WR,,BUF,2025,18,REG,,,,,,,,,,,,,,,,,,,,,,,,,,5.0,7.0,41.0,1.0,,,,,,,,,,,,,,
00-0036223,J.Taylor,Jonathan Taylor,RB,RB,,IND,2025,18,REG,,,,,,,,,,,,,,,,,,14.0,26.0,0.0,,,,,,,,,,,,,,,,,,,,,,,
00-0036244,C.Parkinson,Colby Parkinson,TE,TE,,LAR,2025,18,REG,,,,,,,,,,,,,,,,,,,,,,,,,,4.0,7.0,36.0,2.0,,,,,,,,,,,,,,
00-0036259,J.Jennings,Jauan Jennings,WR,WR,,SF,2025,18,REG,,,,,,,,,,,,,,,,,,,,,,,,,,4.0,6.0,35.0,0.0,,,,,,,,,,,,,,
00-0036275,D.Swift,D'Andre Swift,RB,RB,,CHI,2025,18,REG,,,,,,,,,,,,,,,,,,10.0,40.0,0.0,,,,,,,,,,,,,,,,,,,,,,,
00-0036309,D.Mooney,Darnell Mooney,WR,WR,,ATL,2025,18,REG,,,,,,,,,,,,,,,,,,,,,,,,,,3.0,7.0,20.0,0.0,,,,,,,,,,,,,,
00-0036322,J.Jefferson,Justin Jefferson,WR,WR,,MIN,2025,18,REG,,,,,,,,,,,,,,,,,,,,,,,,,,8.0,11.0,101.0,0.0,,,,,,,,,,,,,,
00-0036407,J.Jeudy,Jerry Jeudy,WR,WR,,CLE,2025,18,REG,,,,,,,,,,,,,,,,,,,,,,,,,,2.0,6.0,17.0,0.0,,,,,,,,,,,,,,
00-0036410,T.Higgins,Tee Higgins,WR,WR,,CIN,2025,18,REG,,,,,,,,,,,,,,,,,,,,,,,,,,6.0,9.0,67.0,1.0,,,,,,,,,,,,,,
00-0036442,J.Burrow,Joe Burrow,QB,QB,,CIN,2025,18,REG,,29.0,39.0,236.0,3.0,1.0,,,,,,,,,,,,,,,,,,,,,,,,,,,,,,,,,,,,,
00-0036637,N.Gray,Noah Gray,TE,TE,,KC,2025,18,REG,,,,,,,,,,,,,,,,,,,,,,,,,,3.0,5.0,30.0,0.0,,,,,,,,,,,,,,
00-0036876,K.Granson,Kylen Granson,TE,TE,,PHI,2025,18,REG,,,,,,,,,,,,,,,,,,,,,,,,,,4.0,5.0,30.0,0.0,,,,,,,,,,,,,,
00-0036894,P.Freiermuth,Pat Freiermuth,TE,TE,,PIT,2025,18,REG,,,,,,,,,,,,,,,,,,,,,,,,,,3.0,5.0,51.0,0.0,,,,,,,,,,,,,,
00-0036900,J.Chase,Ja'Marr Chase,WR,WR,,CIN,2025,18,REG,,,,,,,,,,,,,,,,,,,,,,,,,,8.0,10.0,96.0,1.0,,,,,,,,,,,,,,
00-0036906,K.Herbert,Khalil Herbert,RB,RB,,NYJ,2025,18,REG,,,,,,,,,,,,,,,,,,12.0,42.0,0.0,,,,,,,,,,,,,,,,,,,,,,,
00-0036963,A.St. Brown,Amon-Ra St. Brown,WR,WR,,DET,2025,18,REG,,,,,,,,,,,,,,,,,,,,,,,,,,11.0,15.0,139.0,0.0,,,,,,,,,,,,,,
00-0036970,K.Pitts,Kyle Pitts,TE,TE,,ATL,2025,18,REG,,,,,,,,,,,,,,,,,,,,,,,,,,6.0,9.0,58.0,0.0,,,,,,,,,,,,,,
00-0036971,T.Lawrence,Trevor Lawrence,QB,QB,,JAX,2025,18,REG,,22.0,30.0,255.0,3.0,0.0,,,,,,,,,,,,,,,,,,,,,,,,,,,,,,,,,,,,,
00-0036973,T.Etienne,Travis Etienne,RB,RB,,JAX,2025,18,REG,,,,,,,,,,,,,,,,,,14.0,32.0,0.0,,,,,,,,,,,,,,,,,,,,,,,
00-0037012,T.Lance,Trey Lance,QB,QB,,LAC,2025,18,REG,,20.0,44.0,136.0,0.0,1.0,,,,,,,,,,,,,,,,,,,,,,,,,,,,,,,,,,,,,
00-0037228,J.Warren,Jaylen Warren,RB,RB,,PIT,2025,18,REG,,,,,,,,,,,,,,,,,,14.0,66.0,0.0,,,,,,,,,,,,,,,,,,,,,,,
00-0037231,K.Austin,Kevin Austin Jr.,WR,WR,,NO,2025,18,REG,,,,,,,,,,,,,,,,,,,,,,,,,,4.0,9.0,37.0,0.0,,,,,,,,,,,,,,
00-0037238,D.London,Drake London,WR,WR,,ATL,2025,18,REG,,,,,,,,,,,,,,,,,,,,,,,,,,4.0,8.0,78.0,1.0,,,,,,,,,,,,,,
00-0037240,J.Williams,Jameson Williams,WR,WR,,DET,2025,18,REG,,,,,,,,,,,,,,,,,,,,,,,,,,6.0,8.0,74.0,0.0,,,,,,,,,,,,,,
00-0037276,T.Chandler,Ty Chandler,RB,RB,,MIN,2025,18,REG,,,,,,,,,,,,,,,,,,10.0,23.0,0.0,,,,,,,,,,,,,,,,,,,,,,,
00-0037324,C.Oladokun,Chris Oladokun,QB,QB,,KC,2025,18,REG,,11.0,17.0,58.0,0.0,0.0,,,,,,,,,,,,,,,,,,,,,,,,,,,,,,,,,,,,,
00-0037525,J.Mason,Jordan Mason,RB,RB,,MIN,2025,18,REG,,,,,,,,,,,,,,,,,,14.0,94.0,0.0,,,,,,,,,,,,,,,,,,,,,,,
00-0037664,A.Pierce,Alec Pierce,WR,WR,,IND,2025,18,REG,,,,,,,,,,,,,,,,,,,,,,,,,,4.0,7.0,132.0,2.0,,,,,,,,,,,,,,
00-0037741,J.Dotson,Jahan Dotson,WR,WR,,PHI,2025,18,REG,,,,,,,,,,,,,,,,,,,,,,,,,,3.0,8.0,40.0,0.0,,,,,,,,,,,,,,
00-0037744,T.McBride,Trey McBride,TE,TE,,ARI,2025,18,REG,,,,,,,,,,,,,,,,,,,,,,,,,,7.0,8.0,65.0,0.0,,,,,,,,,,,,,,
00-0037809,C.Okonkwo,Chig Okonkwo,TE,TE,,TEN,2025,18,REG,,,,,,,,,,,,,,,,,,,,,,,,,,2.0,5.0,2.0,0.0,,,,,,,,,,,,,,
00-0037834,B.Purdy,Brock Purdy,QB,QB,,SF,2025,18,REG,,19.0,27.0,127.0,0.0,1.0,,,,,,,,,,,,,,,,,,,,,,,,,,,,,,,,,,,,,
00-0037837,C.Austin,Calvin Austin III,WR,WR,,PIT,2025,18,REG,,,,,,,,,,,,,,,,,,,,,,,,,,3.0,7.0,55.0,1.0,,,,,,,,,,,,,,
00-0037840,K.Williams,Kyren Williams,RB,RB,,LAR,2025,18,REG,,,,,,,,,,,,,,,,,,12.0,60.0,0.0,,,,,,,,,,,,,,,,,,,,,,,
00-0038129,C.Otton,Cade Otton,TE,TE,,TB,2025,18,REG,,,,,,,,,,,,,,,,,,,,,,,,,,7.0,9.0,94.0,1.0,,,,,,,,,,,,,,
00-0038134,K.Walker,Kenneth Walker III,RB,RB,,SEA,2025,18,REG,,,,,,,,,,,,,,,,,,16.0,97.0,0.0,,,,,,,,,,,,,,,,,,,,,,,
00-0038400,T.McKee,Tanner McKee,QB,QB,,PHI,2025,18,REG,,21.0,40.0,241.0,1.0,1.0,,,,,,,,,,,,,,,,,,,,,,,,,,,,,,,,,,,,,
00-0038542,B.Robinson,Bijan Robinson,RB,RB,,ATL,2025,18,REG,,,,,,,,,,,,,,,,,,15.0,33.0,0.0,,,,,,,,,,,,,,,,,,,,,,,
00-0038543,J.Smith-Njigba,Jaxon Smith-Njigba,WR,WR,,SEA,2025,18,REG,,,,,,,,,,,,,,,,,,,,,,,,,,6.0,8.0,84.0,0.0,,,,,,,,,,,,,,
00-0038555,T.Bigsby,Tank Bigsby,RB,RB,,PHI,2025,18,REG,,,,,,,,,,,,,,,,,,16.0,75.0,1.0,,,,,,,,,,,,,,,,,,,,,,,
00-0038559,M.Wilson,Michael Wilson,WR,WR,,ARI,2025,18,REG,,,,,,,,,,,,,,,,,,,,,,,,,,5.0,8.0,99.0,1.0,,,,,,,,,,,,,,
00-0038563,T.Tucker,Tre Tucker,WR,WR,,LV,2025,18,REG,,,,,,,,,,,,,,,,,,,,,,,,,,2.0,6.0,30.0,0.0,,,,,,,,,,,,,,
00-0038579,A.O'Connell,Aidan O'Connell,QB,QB,,LV,2025,18,REG,,10.0,22.0,102.0,0.0,0.0,,,,,,,,,,,,,,,,,,,,,,,,,,,,,,,,,,,,,
00-0038597,C.Brown,Chase Brown,RB,RB,,CIN,2025,18,REG,,,,,,,,,,,,,,,,,,13.0,72.0,0.0,,,,,,,,,,,,,,,,,,,,,,,
00-0038606,P.Washington,Parker Washington,WR,WR,,JAX,2025,18,REG,,,,,,,,,,,,,,,,,,,,,,,,,,5.0,9.0,87.0,1.0,,,,,,,,,,,,,,
00-0038611,C.Rodriguez,Chris Rodriguez Jr.,RB,RB,,WAS,2025,18,REG,,,,,,,,,,,,,,,,,,16.0,65.0,1.0,,,,,,,,,,,,,,,,,,,,,,,
00-0038618,X.Hutchinson,Xavier Hutchinson,WR,WR,,HOU,2025,18,REG,,,,,,,,,,,,,,,,,,,,,,,,,,5.0,9.0,84.0,0.0,,,,,,,,,,,,,,
00-0038685,C.Brooks,Chris Brooks,RB,RB,,GB,2025,18,REG,,,,,,,,,,,,,,,,,,13.0,61.0,0.0,,,,,,,,,,,,,,,,,,,,,,,
00-0038797,E.Wilson,Emanuel Wilson,RB,RB,,GB,2025,18,REG,,,,,,,,,,,,,,,,,,18.0,44.0,0.0,,,,,,,,,,,,,,,,,,,,,,,
00-0038935,B.Strange,Brenton Strange,TE,TE,,JAX,2025,18,REG,,,,,,,,,,,,,,,,,,,,,,,,,,6.0,6.0,52.0,1.0,,,,,,,,,,,,,,
00-0039064,Z.Flowers,Zay Flowers,WR,WR,,BAL,2025,18,REG,,,,,,,,,,,,,,,,,,,,,,,,,,4.0,6.0,138.0,2.0,,,,,,,,,,,,,,
00-0039066,M.Mayer,Michael Mayer,TE,TE,,LV,2025,18,REG,,,,,,,,,,,,,,,,,,,,,,,,,,3.0,5.0,47.0,0.0,,,,,,,,,,,,,,
00-0039075,P.Nacua,Puka Nacua,WR,WR,,LAR,2025,18,REG,,,,,,,,,,,,,,,,,,,,,,,,,,10.0,11.0,76.0,1.0,,,,,,,,,,,,,,
00-0039139,J.Gibbs,Jahmyr Gibbs,RB,RB,,DET,2025,18,REG,,,,,,,,,,,,,,,,,,19.0,80.0,0.0,,,,,,,,,,,,,,,,,,,,,,,
00-0039150,B.Young,Bryce Young,QB,QB,,CAR,2025,18,REG,,24.0,35.0,266.0,2.0,1.0,,,,,,,,,,,,,,,,,,,,,,,,,,,,,,,,,,,,,
00-0039163,C.Stroud,C.J. Stroud,QB,QB,,HOU,2025,18,REG,,14.0,23.0,169.0,1.0,0.0,,,,,,,,,,,,,,,,,,,,,,,,,,,,,,,,,,,,,
00-0039165,Z.Charbonnet,Zach Charbonnet,RB,RB,,SEA,2025,18,REG,,,,,,,,,,,,,,,,,,17.0,74.0,1.0,,,,,,,,,,,,,,,,,,,,,,,
00-0039361,B.Irving,Bucky Irving,RB,RB,,TB,2025,18,REG,,,,,,,,,,,,,,,,,,26.0,85.0,0.0,,,,,,,,,,,,,,,,,,,,,,,
00-0039373,A.Estime,Audric Estimé,RB,RB,,NO,2025,18,REG,,,,,,,,,,,,,,,,,,21.0,63.0,0.0,,,,,,,,,,,,,,,,,,,,,,,
00-0039384,T.Tracy,Tyrone Tracy Jr.,RB,RB,,NYG,2025,18,REG,,,,,,,,,,,,,,,,,,18.0,103.0,0.0,,,,,,,,,,,,,,,,,,,,,,,
00-0039410,R.Flournoy,Ryan Flournoy,WR,WR,,DAL,2025,18,REG,,,,,,,,,,,,,,,,,,,,,,,,,,5.0,7.0,68.0,0.0,,,,,,,,,,,,,,
00-0039451,I.Williams,Isaiah Williams,WR,WR,,NYJ,2025,18,REG,,,,,,,,,,,,,,,,,,,,,,,,,,5.0,7.0,24.0,0.0,,,,,,,,,,,,,,
00-0039491,J.Coker,Jalen Coker,WR,WR,,CAR,2025,18,REG,,,,,,,,,,,,,,,,,,,,,,,,,,6.0,7.0,47.0,1.0,,,,,,,,,,,,,,
00-0039603,B.Brooks,British Brooks,FB,FB,,HOU,2025,18,REG,,,,,,,,,,,,,,,,,,13.0,63.0,0.0,,,,,,,,,,,,,,,,,,,,,,,
00-0039732,B.Nix,Bo Nix,QB,QB,,DEN,2025,18,REG,,14.0,23.0,141.0,0.0,0.0,,,,,,,,,,,,,,,,,,,,,,,,,,,,,,,,,,,,,
00-0039738,B.Corum,Blake Corum,RB,RB,,LAR,2025,18,REG,,,,,,,,,,,,,,,,,,13.0,59.0,0.0,,,,,,,,,,,,,,,,,,,,,,,
00-0039851,D.Maye,Drake Maye,QB,QB,,NE,2025,18,REG,,14.0,18.0,191.0,1.0,0.0,,,,,,,,,,,,,,,,,,,,,,,,,,,,,,,,,,,,,
00-0039874,J.Wright,Jaylen Wright,RB,RB,,MIA,2025,18,REG,,,,,,,,,,,,,,,,,,13.0,23.0,0.0,,,,,,,,,,,,,,,,,,,,,,,
00-0039875,R.Davis,Ray Davis,RB,RB,,BUF,2025,18,REG,,,,,,,,,,,,,,,,,,21.0,151.0,0.0,,,,,,,,,,,,,,,,,,,,,,,
00-0039893,B.Thomas,Brian Thomas Jr.,WR,WR,,JAX,2025,18,REG,,,,,,,,,,,,,,,,,,,,,,,,,,3.0,5.0,49.0,0.0,,,,,,,,,,,,,,
00-0039918,C.Williams,Caleb Williams,QB,QB,,CHI,2025,18,REG,,20.0,33.0,212.0,2.0,1.0,,,,,,,,,,,,,,,,,,,,,,,,,,,,,,,,,,,,,
00-0039923,J.McCarthy,J.J. McCarthy,QB,QB,,MIN,2025,18,REG,,14.0,23.0,182.0,0.0,0.0,,,,,,,,,,,,,,,,,,,,,,,,,,,,,,,,,,,,,
00-0040024,D.Cooper,Darius Cooper,WR,WR,,PHI,2025,18,REG,,,,,,,,,,,,,,,,,,,,,,,,,,3.0,5.0,33.0,0.0,,,,,,,,,,,,,,
00-0040078,B.Smith,Brashard Smith,RB,RB,,KC,2025,18,REG,,,,,,,,,,,,,,,,,,12.0,56.0,0.0,,,,,,,,,,,,,,,,,,,,,,,
00-0040122,A.Jeanty,Ashton Jeanty,RB,RB,,LV,2025,18,REG,,,,,,,,,,,,,,,,,,26.0,87.0,0.0,,,,,,,,,,,,,,,,,,,,,,,
00-0040124,T.McMillan,Tetairoa McMillan,WR,WR,,CAR,2025,18,REG,,,,,,,,,,,,,,,,,,,,,,,,,,4.0,6.0,84.0,0.0,,,,,,,,,,,,,,
00-0040126,C.Loveland,Colston Loveland,TE,TE,,CHI,2025,18,REG,,,,,,,,,,,,,,,,,,,,,,,,,,10.0,13.0,91.0,1.0,,,,,,,,,,,,,,
00-0040128,T.Warren,Tyler Warren,TE,TE,,IND,2025,18,REG,,,,,,,,,,,,,,,,,,,,,,,,,,5.0,8.0,26.0,0.0,,,,,,,,,,,,,,
00-0040130,J.Higgins,Jayden Higgins,WR,WR,,HOU,2025,18,REG,,,,,,,,,,,,,,,,,,,,,,,,,,2.0,5.0,23.0,1.0,,,,,,,,,,,,,,
00-0040134,P.Bryant,Pat Bryant,WR,WR,,DEN,2025,18,REG,,,,,,,,,,,,,,,,,,,,,,,,,,4.0,5.0,31.0,0.0,,,,,,,,,,,,,,
00-0040162,D.Sampson,Dylan Sampson,RB,RB,,CLE,2025,18,REG,,,,,,,,,,,,,,,,,,10.0,32.0,0.0,,,,,,,,,,,,,,,,,,,,,,,
00-0040170,E.Ayomanor,Elic Ayomanor,WR,WR,,TEN,2025,18,REG,,,,,,,,,,,,,,,,,,,,,,,,,,3.0,10.0,50.0,0.0,,,,,,,,,,,,,,
00-0040184,K.Lambert-Smith,KeAndre Lambert-Smith,WR,WR,,LAC,2025,18,REG,,,,,,,,,,,,,,,,,,,,,,,,,,2.0,5.0,24.0,0.0,,,,,,,,,,,,,,
00-0040206,R.Leonard,Riley Leonard,QB,QB,,IND,2025,18,REG,,21.0,34.0,270.0,2.0,1.0,,,,,,,,,,,,,,,,,,,,,,,,,,,,,,,,,,,,,
00-0040234,Q.Ewers,Quinn Ewers,QB,QB,,MIA,2025,18,REG,,16.0,23.0,137.0,1.0,1.0,,,,,,,,,,,,,,,,,,,,,,,,,,,,,,,,,,,,,
00-0040242,J.Croskey-Merritt,Jacory Croskey-Merritt,RB,RB,,WAS,2025,18,REG,,,,,,,,,,,,,,,,,,13.0,29.0,0.0,,,,,,,,,,,,,,,,,,,,,,,
00-0040311,T.Wease,Theo Wease Jr.,WR,WR,,MIA,2025,18,REG,,,,,,,,,,,,,,,,,,,,,,,,,,3.0,5.0,44.0,0.0,,,,,,,,,,,,,,
00-0040398,B.Cook,Brady Cook,QB,QB,,NYJ,2025,18,REG,,11.0,22.0,60.0,1.0,0.0,,,,,,,,,,,,,,,,,,,,,,,,,,,,,,,,,,,,,
00-0040583,W.Marks,Woody Marks,RB,RB,,HOU,2025,18,REG,,,,,,,,,,,,,,,,,,10.0,48.0,0.0,,,,,,,,,,,,,,,,,,,,,,,
00-0040586,J.Blue,Jaydon Blue,RB,RB,,DAL,2025,18,REG,,,,,,,,,,,,,,,,,,16.0,64.0,1.0,,,,,,,,,,,,,,,,,,,,,,,
00-0040668,S.Sanders,Shedeur Sanders,QB,QB,,CLE,2025,18,REG,,11.0,22.0,111.0,0.0,0.0,,,,,,,,,,,,,,,,,,,,,,,,,,,,,,,,,,,,,
00-0040691,J.Dart,Jaxson Dart,QB,QB,,NYG,2025,18,REG,,22.0,32.0,230.0,2.0,0.0,,,,,,,,,,,,,,,,,,,,,,,,,,,,,,,,,,,,,
00-0040727,T.Harris,Tre Harris,WR,WR,,LAC,2025,18,REG,,,,,,,,,,,,,,,,,,,,,,,,,,2.0,6.0,28.0,0.0,,,,,,,,,,,,,,
00-0040730,R.Harvey,RJ Harvey,RB,RB,,DEN,2025,18,REG,,,,,,,,,,,,,,,,,,15.0,28.0,0.0,,,,,,,,,,,,,,,,,,,,,,,
00-0040734,T.Henderson,TreVeyon Henderson,RB,RB,,NE,2025,18,REG,,,,,,,,,,,,,,,,,,13.0,53.0,2.0,,,,,,,,,,,,,,,,,,,,,,,
00-0040743,T.Shough,Tyler Shough,QB,QB,,NO,2025,18,REG,,23.0,35.0,259.0,1.0,1.0,,,,,,,,,,,,,,,,,,,,,,,,,,,,,,,,,,,,,
